customer_id,total_orders,total_units,total_revenue,average_order_value
C000758,15,63.0,13836.62,922.44
C000221,13,58.0,12676.48,975.11
C000250,11,51.0,12671.47,1151.95
C005454,13,57.0,11850.94,911.61
C003038,9,47.0,11787.08,1309.68
C001273,10,54.0,11759.52,1175.95
C000947,11,50.0,11692.56,1062.96
C003717,14,54.0,11612.6,829.47
C002388,9,43.0,11530.06,1281.12
C000892,14,51.0,11428.49,816.32
C007319,11,57.0,11348.12,1031.65
C007051,14,56.0,11282.36,805.88
C001832,11,48.0,11090.69,1008.24
C017248,12,60.0,11046.39,920.53
C016783,11,60.0,11046.0,1004.18
C000209,12,56.0,10910.35,909.2
C007816,12,50.0,10806.92,900.58
C005600,8,39.0,10675.28,1334.41
C012998,11,54.0,10566.43,960.58
C006314,11,47.0,10467.12,951.56
C006009,14,66.0,10405.78,743.27
C000611,12,43.0,10386.2,865.52
C014382,12,44.0,10266.63,855.55
C017428,12,47.0,10198.77,849.9
C004136,11,46.0,10150.76,922.8
C018817,13,42.0,10099.47,776.88
C010306,10,40.0,10077.29,1007.73
C006809,15,53.0,10028.83,668.59
C019623,11,40.0,9980.66,907.33
C013366,12,49.0,9967.54,830.63
C001045,13,43.0,9938.75,764.52
C018610,11,39.0,9849.38,895.4
C011668,11,42.0,9837.27,894.3
C002008,11,45.0,9794.82,890.44
C001274,12,46.0,9772.3,814.36
C019988,11,57.0,9737.6,885.24
C009326,14,50.0,9715.81,693.99
C000902,14,54.0,9665.03,690.36
C004341,10,43.0,9652.3,965.23
C000735,9,42.0,9592.6,1065.84
C014984,12,42.0,9565.27,797.11
C006904,12,45.0,9550.34,795.86
C007658,10,41.0,9535.88,953.59
C001089,13,50.0,9525.66,732.74
C014656,9,43.0,9506.0,1056.22
C017138,10,53.0,9414.61,941.46
C006374,14,55.0,9397.17,671.23
C004719,10,48.0,9346.16,934.62
C008252,8,32.0,9333.8,1166.72
C000956,9,46.0,9327.36,1036.37
C006163,9,42.0,9319.55,1035.51
C000312,10,46.0,9280.33,928.03
C008372,9,49.0,9278.25,1030.92
C004487,11,50.0,9276.14,843.29
C012958,6,35.0,9264.89,1544.15
C000369,9,45.0,9250.29,1027.81
C007128,12,38.0,9247.05,770.59
C002202,8,40.0,9246.74,1155.84
C003980,9,37.0,9246.58,1027.4
C010880,8,35.0,9238.04,1154.76
C002688,11,47.0,9237.61,839.78
C004827,11,47.0,9237.02,839.73
C007480,11,43.0,9226.08,838.73
C002929,10,44.0,9219.58,921.96
C004401,12,43.0,9218.37,768.2
C000142,10,40.0,9210.63,921.06
C014268,14,57.0,9208.86,657.78
C002043,11,48.0,9145.15,831.38
C015406,8,41.0,9104.34,1138.04
C000133,13,43.0,9101.42,700.11
C007669,11,40.0,9092.7,826.61
C011565,10,38.0,9087.88,908.79
C004451,14,50.0,9073.71,648.12
C004755,12,51.0,9073.32,756.11
C017205,11,46.0,9042.05,822.0
C019887,11,40.0,9040.41,821.86
C000452,13,54.0,9038.4,695.26
C005074,8,35.0,9032.85,1129.11
C002720,14,48.0,9030.52,645.04
C006129,8,40.0,9022.19,1127.77
C001405,8,37.0,9020.09,1127.51
C003813,14,51.0,9019.06,644.22
C000340,11,43.0,9004.25,818.57
C004970,10,41.0,8999.18,899.92
C001054,11,38.0,8996.25,817.84
C001342,12,39.0,8950.05,745.84
C010151,12,39.0,8948.97,745.75
C008284,11,49.0,8898.54,808.96
C016059,10,37.0,8896.52,889.65
C013662,12,42.0,8894.85,741.24
C014084,7,35.0,8886.87,1269.55
C014652,10,41.0,8856.86,885.69
C013833,8,34.0,8829.77,1103.72
C001949,12,41.0,8828.21,735.68
C016985,7,35.0,8825.42,1260.77
C013684,9,37.0,8821.04,980.12
C018030,7,40.0,8819.82,1259.97
C003122,12,41.0,8808.61,734.05
C004197,11,36.0,8790.9,799.17
C009249,8,39.0,8787.29,1098.41
C017514,8,35.0,8767.94,1095.99
C000064,12,42.0,8763.15,730.26
C013037,8,32.0,8759.63,1094.95
C002646,10,44.0,8759.62,875.96
C010402,12,46.0,8757.27,729.77
C012481,10,36.0,8748.28,874.83
C003957,12,48.0,8725.65,727.14
C001351,11,40.0,8716.73,792.43
C006045,9,37.0,8701.04,966.78
C008481,10,32.0,8694.56,869.46
C003508,12,54.0,8693.92,724.49
C002820,11,39.0,8693.76,790.34
C014126,10,37.0,8689.54,868.95
C008795,9,43.0,8674.44,963.83
C004216,12,40.0,8672.38,722.7
C000624,10,35.0,8666.35,866.64
C011374,10,31.0,8649.14,864.91
C007332,12,42.0,8645.7,720.48
C017026,10,40.0,8630.52,863.05
C000194,13,45.0,8605.22,661.94
C019506,7,30.0,8601.09,1228.73
C001565,9,35.0,8599.05,955.45
C005076,10,43.0,8592.24,859.22
C001421,12,41.0,8575.11,714.59
C003674,11,35.0,8573.76,779.43
C005236,9,39.0,8566.38,951.82
C011938,10,37.0,8561.29,856.13
C005534,12,43.0,8542.61,711.88
C011238,8,33.0,8536.45,1067.06
C009794,8,39.0,8526.13,1065.77
C002841,10,38.0,8514.72,851.47
C000066,10,35.0,8514.36,851.44
C006037,12,51.0,8492.06,707.67
C018497,9,35.0,8488.86,943.21
C004649,8,37.0,8476.88,1059.61
C001507,12,44.0,8472.71,706.06
C001553,11,58.0,8470.26,770.02
C000650,13,45.0,8462.15,650.93
C013013,8,49.0,8461.26,1057.66
C000337,13,42.0,8457.26,650.56
C015033,10,40.0,8456.11,845.61
C014224,8,36.0,8443.0,1055.38
C002286,9,40.0,8440.27,937.81
C003923,10,40.0,8440.17,844.02
C017613,11,42.0,8415.06,765.01
C018182,8,31.0,8410.15,1051.27
C008418,8,31.0,8403.03,1050.38
C007635,10,48.0,8391.25,839.13
C000265,12,53.0,8373.24,697.77
C010064,12,45.0,8362.03,696.84
C005382,10,40.0,8330.97,833.1
C011706,9,36.0,8319.84,924.43
C016509,10,36.0,8313.45,831.35
C009394,7,34.0,8311.29,1187.33
C016335,10,35.0,8308.99,830.9
C000397,9,38.0,8296.6,921.84
C001601,8,37.0,8291.34,1036.42
C015527,11,36.0,8282.81,752.98
C006910,8,36.0,8237.46,1029.68
C015812,10,40.0,8227.78,822.78
C002603,8,34.0,8223.13,1027.89
C001869,10,44.0,8217.49,821.75
C005373,9,36.0,8213.45,912.61
C000541,12,38.0,8212.87,684.41
C003268,8,33.0,8207.08,1025.89
C008995,11,35.0,8204.79,745.89
C000439,12,38.0,8204.15,683.68
C011512,9,34.0,8196.85,910.76
C019880,11,46.0,8192.1,744.74
C000268,9,33.0,8189.67,909.96
C010010,12,41.0,8189.02,682.42
C010310,9,40.0,8188.28,909.81
C005172,10,38.0,8187.94,818.79
C000145,12,36.0,8180.35,681.7
C002482,9,36.0,8178.52,908.72
C007058,10,39.0,8168.19,816.82
C017542,10,40.0,8165.95,816.6
C000158,10,36.0,8157.58,815.76
C009437,9,41.0,8156.71,906.3
C010078,11,38.0,8145.78,740.53
C001840,13,45.0,8142.35,626.33
C019247,10,38.0,8132.1,813.21
C002654,7,33.0,8131.79,1161.68
C000071,10,41.0,8116.35,811.64
C003687,10,33.0,8107.61,810.76
C000140,13,43.0,8105.85,623.53
C009391,10,41.0,8103.61,810.36
C008962,7,43.0,8101.77,1157.4
C008822,9,33.0,8096.49,899.61
C018862,10,36.0,8091.69,809.17
C000335,11,37.0,8091.08,735.55
C019286,9,36.0,8084.19,898.24
C000008,8,40.0,8081.93,1010.24
C014672,10,49.0,8077.23,807.72
C002528,10,37.0,8076.48,807.65
C011943,10,32.0,8075.86,807.59
C012951,11,44.0,8073.1,733.92
C003615,7,36.0,8052.38,1150.34
C003531,11,34.0,8050.74,731.89
C010033,8,41.0,8041.97,1005.25
C017595,9,37.0,8037.47,893.05
C007577,11,41.0,8034.88,730.44
C013265,12,46.0,8032.79,669.4
C017468,11,39.0,8031.73,730.16
C007420,9,35.0,8026.85,891.87
C010181,13,35.0,8021.54,617.04
C006671,8,39.0,8019.89,1002.49
C000276,13,39.0,8003.18,615.63
C001876,8,31.0,8003.07,1000.38
C000028,16,44.0,7994.91,499.68
C008113,12,44.0,7994.63,666.22
C015449,8,32.0,7957.36,994.67
C007462,12,41.0,7952.64,662.72
C011316,10,39.0,7951.79,795.18
C000605,9,36.0,7950.55,883.39
C004299,10,41.0,7940.48,794.05
C012296,13,45.0,7936.97,610.54
C000092,9,28.0,7936.21,881.8
C014727,9,35.0,7933.54,881.5
C000510,10,42.0,7930.95,793.1
C004048,10,41.0,7929.84,792.98
C010582,10,35.0,7927.67,792.77
C017151,8,33.0,7914.36,989.3
C001066,11,41.0,7907.72,718.88
C005354,6,34.0,7896.01,1316.0
C000117,7,38.0,7895.54,1127.93
C004211,10,39.0,7894.7,789.47
C018251,10,34.0,7894.24,789.42
C000778,11,50.0,7892.44,717.49
C015335,9,35.0,7891.69,876.85
C003612,6,35.0,7891.26,1315.21
C015728,10,33.0,7885.28,788.53
C012582,8,35.0,7878.76,984.85
C017437,11,37.0,7877.39,716.13
C007348,8,33.0,7873.66,984.21
C014090,14,51.0,7872.35,562.31
C006473,7,27.0,7859.15,1122.74
C010255,10,41.0,7855.3,785.53
C006075,8,32.0,7850.6,981.33
C005277,7,40.0,7849.59,1121.37
C012128,9,31.0,7847.19,871.91
C010873,7,36.0,7842.13,1120.3
C004331,8,35.0,7840.47,980.06
C017338,11,47.0,7825.95,711.45
C014195,8,32.0,7825.92,978.24
C017094,7,36.0,7825.82,1117.97
C002154,10,40.0,7825.67,782.57
C003195,8,30.0,7811.48,976.44
C004270,6,30.0,7807.27,1301.21
C015837,11,39.0,7795.74,708.7
C001510,11,41.0,7789.7,708.15
C014116,9,33.0,7785.97,865.11
C008641,11,39.0,7784.41,707.67
C010997,10,36.0,7782.06,778.21
C011017,10,39.0,7777.52,777.75
C003300,12,39.0,7775.7,647.98
C011139,8,32.0,7775.22,971.9
C016929,8,41.0,7775.18,971.9
C006287,10,35.0,7773.62,777.36
C013312,8,26.0,7771.45,971.43
C015221,10,36.0,7770.19,777.02
C014371,8,38.0,7762.18,970.27
C019576,9,34.0,7753.22,861.47
C008731,7,35.0,7752.42,1107.49
C002718,11,36.0,7748.36,704.4
C002828,10,34.0,7734.45,773.45
C002094,9,41.0,7720.1,857.79
C014956,7,31.0,7716.73,1102.39
C007790,7,29.0,7712.52,1101.79
C000366,12,43.0,7709.46,642.46
C007766,8,33.0,7708.77,963.6
C003459,11,38.0,7707.94,700.72
C004559,9,36.0,7706.29,856.25
C006486,10,39.0,7703.66,770.37
C009448,9,31.0,7702.9,855.88
C001221,14,57.0,7689.54,549.25
C005288,10,41.0,7689.47,768.95
C018493,10,34.0,7676.96,767.7
C010319,7,35.0,7668.51,1095.5
C012304,9,34.0,7667.64,851.96
C010996,10,38.0,7666.37,766.64
C001078,11,39.0,7663.82,696.71
C001745,9,40.0,7662.62,851.4
C000646,13,44.0,7661.92,589.38
C000273,11,33.0,7659.15,696.29
C008861,10,50.0,7654.62,765.46
C000095,10,38.0,7646.37,764.64
C007389,8,34.0,7644.74,955.59
C002712,11,40.0,7633.36,693.94
C007999,8,38.0,7633.32,954.17
C019270,9,35.0,7628.16,847.57
C003948,10,38.0,7626.46,762.65
C018877,5,27.0,7625.42,1525.08
C001434,8,37.0,7625.36,953.17
C019846,10,38.0,7619.93,761.99
C008281,13,38.0,7618.6,586.05
C019160,7,32.0,7615.9,1087.99
C008221,10,30.0,7615.82,761.58
C003682,8,35.0,7612.38,951.55
C007437,7,36.0,7605.52,1086.5
C000400,11,41.0,7600.11,690.92
C006515,12,45.0,7599.9,633.32
C000187,10,39.0,7598.91,759.89
C004828,9,40.0,7597.62,844.18
C010998,8,34.0,7595.71,949.46
C004330,6,34.0,7594.01,1265.67
C001031,9,33.0,7585.64,842.85
C003023,7,35.0,7584.06,1083.44
C007542,6,36.0,7571.13,1261.86
C014864,8,36.0,7569.85,946.23
C001252,8,29.0,7569.32,946.17
C010249,7,33.0,7568.21,1081.17
C003217,7,33.0,7563.67,1080.52
C014134,10,34.0,7561.18,756.12
C000131,11,39.0,7559.93,687.27
C005369,10,34.0,7558.65,755.87
C005303,6,27.0,7554.37,1259.06
C012787,8,35.0,7551.07,943.88
C003486,9,33.0,7545.1,838.34
C012740,7,34.0,7544.02,1077.72
C016128,9,43.0,7543.45,838.16
C008792,10,36.0,7542.71,754.27
C000897,9,29.0,7542.2,838.02
C013084,11,49.0,7539.66,685.42
C004537,11,41.0,7539.06,685.37
C003328,9,45.0,7535.46,837.27
C011099,10,41.0,7535.15,753.52
C004138,9,40.0,7533.44,837.05
C017324,8,45.0,7527.27,940.91
C004045,7,26.0,7522.15,1074.59
C003602,6,29.0,7519.71,1253.29
C011213,7,33.0,7519.5,1074.21
C015264,9,34.0,7515.44,835.05
C018059,8,32.0,7513.87,939.23
C007788,9,35.0,7509.59,834.4
C018289,6,30.0,7504.45,1250.74
C012221,10,36.0,7502.85,750.29
C013440,10,37.0,7501.32,750.13
C004359,8,39.0,7496.48,937.06
C001918,9,29.0,7496.37,832.93
C014636,9,32.0,7495.34,832.82
C001641,9,34.0,7488.73,832.08
C017385,14,39.0,7485.85,534.7
C004337,7,37.0,7482.39,1068.91
C001663,11,41.0,7479.92,679.99
C015431,7,31.0,7478.72,1068.39
C000709,10,34.0,7476.06,747.61
C009430,8,26.0,7473.65,934.21
C019176,7,30.0,7473.16,1067.59
C008600,8,34.0,7468.51,933.56
C006577,11,37.0,7467.25,678.84
C001207,10,31.0,7465.87,746.59
C012688,7,29.0,7457.75,1065.39
C000029,10,33.0,7457.61,745.76
C010365,7,28.0,7456.05,1065.15
C018965,8,31.0,7452.06,931.51
C011031,9,29.0,7449.01,827.67
C017790,8,33.0,7446.38,930.8
C012277,6,28.0,7446.08,1241.01
C016513,11,39.0,7444.82,676.8
C006130,7,31.0,7438.11,1062.59
C004090,10,36.0,7434.62,743.46
C003725,7,31.0,7433.44,1061.92
C008487,7,29.0,7432.52,1061.79
C015745,7,34.0,7432.41,1061.77
C000055,12,37.0,7430.17,619.18
C013132,10,35.0,7429.79,742.98
C002372,8,32.0,7427.65,928.46
C017582,11,47.0,7427.54,675.23
C012184,8,36.0,7421.49,927.69
C000013,9,38.0,7418.49,824.28
C005881,8,31.0,7418.37,927.3
C002469,11,43.0,7416.94,674.27
C002194,11,35.0,7416.74,674.25
C007883,12,43.0,7416.22,618.02
C010530,6,33.0,7412.14,1235.36
C003246,10,40.0,7409.35,740.94
C019236,10,38.0,7408.6,740.86
C016261,7,31.0,7400.13,1057.16
C012755,9,32.0,7393.04,821.45
C011004,14,54.0,7389.58,527.83
C000876,11,35.0,7389.32,671.76
C015400,9,40.0,7387.17,820.8
C003348,10,46.0,7385.19,738.52
C000045,10,33.0,7384.03,738.4
C006241,10,34.0,7379.51,737.95
C003303,9,31.0,7376.17,819.57
C000723,8,42.0,7373.28,921.66
C017381,10,39.0,7365.63,736.56
C018461,8,29.0,7356.39,919.55
C010268,6,29.0,7356.25,1226.04
C006762,9,28.0,7350.02,816.67
C000562,10,38.0,7347.24,734.72
C017399,8,34.0,7343.51,917.94
C008724,8,37.0,7338.58,917.32
C008027,9,35.0,7338.39,815.38
C002159,8,38.0,7337.21,917.15
C013996,6,26.0,7335.07,1222.51
C009190,7,33.0,7332.56,1047.51
C001088,6,29.0,7327.69,1221.28
C001470,11,33.0,7320.07,665.46
C000491,13,36.0,7318.97,563.0
C005478,7,28.0,7317.75,1045.39
C006057,9,38.0,7314.55,812.73
C013196,7,39.0,7312.6,1044.66
C009786,7,33.0,7311.73,1044.53
C004833,11,32.0,7310.63,664.6
C008108,9,31.0,7309.77,812.2
C008856,10,42.0,7305.94,730.59
C019742,8,35.0,7305.84,913.23
C011058,7,29.0,7304.95,1043.56
C011506,9,35.0,7304.39,811.6
C012265,10,36.0,7302.17,730.22
C003141,13,42.0,7302.04,561.7
C011790,10,32.0,7298.86,729.89
C009668,9,39.0,7297.02,810.78
C016412,8,39.0,7291.18,911.4
C005199,12,40.0,7288.67,607.39
C004108,7,34.0,7287.2,1041.03
C009906,7,28.0,7287.13,1041.02
C007215,9,38.0,7286.14,809.57
C000550,11,38.0,7283.41,662.13
C008688,8,33.0,7280.76,910.1
C006107,7,32.0,7280.11,1040.02
C001149,8,36.0,7280.1,910.01
C003362,7,33.0,7278.73,1039.82
C003405,10,32.0,7278.21,727.82
C012301,6,27.0,7275.54,1212.59
C003068,9,36.0,7274.96,808.33
C013100,12,41.0,7273.81,606.15
C009444,7,37.0,7270.68,1038.67
C002243,10,29.0,7269.43,726.94
C006817,7,32.0,7268.79,1038.4
C005902,7,38.0,7264.82,1037.83
C002513,9,32.0,7264.18,807.13
C016570,6,32.0,7259.7,1209.95
C007942,6,37.0,7256.57,1209.43
C019723,8,34.0,7256.1,907.01
C001162,12,46.0,7255.92,604.66
C019384,8,33.0,7249.27,906.16
C002089,8,40.0,7247.96,906.0
C015280,9,33.0,7235.65,803.96
C009150,9,35.0,7234.5,803.83
C006925,7,32.0,7233.41,1033.34
C014579,8,32.0,7231.52,903.94
C000466,9,31.0,7230.35,803.37
C007277,10,34.0,7229.12,722.91
C017916,8,33.0,7227.47,903.43
C000707,8,37.0,7227.37,903.42
C013525,11,36.0,7225.83,656.89
C011397,9,33.0,7224.95,802.77
C003352,5,31.0,7220.17,1444.03
C007131,8,36.0,7217.77,902.22
C012042,9,31.0,7216.53,801.84
C011399,11,40.0,7212.95,655.72
C009584,15,37.0,7211.19,480.75
C005593,10,35.0,7210.45,721.05
C000449,11,32.0,7209.81,655.44
C005292,9,30.0,7208.56,800.95
C000486,8,34.0,7201.51,900.19
C016736,8,30.0,7199.58,899.95
C003164,11,40.0,7196.05,654.19
C002123,9,34.0,7194.68,799.41
C003452,9,33.0,7193.67,799.3
C005030,8,36.0,7193.46,899.18
C014326,9,34.0,7193.03,799.23
C013086,8,44.0,7187.57,898.45
C008254,8,30.0,7184.72,898.09
C000374,8,34.0,7184.47,898.06
C000274,15,41.0,7182.31,478.82
C009608,8,34.0,7180.55,897.57
C007648,8,30.0,7179.87,897.48
C013474,7,32.0,7177.45,1025.35
C013764,9,29.0,7169.32,796.59
C011428,11,39.0,7169.04,651.73
C017087,8,27.0,7165.79,895.72
C003043,11,36.0,7164.09,651.28
C018783,9,32.0,7163.47,795.94
C000617,7,33.0,7159.77,1022.82
C002440,10,32.0,7159.34,715.93
C013482,6,32.0,7151.52,1191.92
C008927,7,39.0,7147.62,1021.09
C005158,16,39.0,7146.18,446.64
C018073,7,28.0,7144.14,1020.59
C000571,11,44.0,7143.27,649.39
C000577,8,36.0,7143.02,892.88
C014616,9,27.0,7140.3,793.37
C000398,7,28.0,7135.6,1019.37
C004797,12,44.0,7133.56,594.46
C002010,8,31.0,7128.48,891.06
C003338,7,36.0,7126.37,1018.05
C010226,8,42.0,7123.19,890.4
C019680,10,34.0,7122.16,712.22
C019874,9,31.0,7119.76,791.08
C015314,9,37.0,7119.02,791.0
C010710,8,32.0,7118.65,889.83
C005703,8,27.0,7117.2,889.65
C009970,6,32.0,7115.74,1185.96
C009324,12,36.0,7115.21,592.93
C001423,6,33.0,7113.43,1185.57
C007579,9,31.0,7110.03,790.0
C004769,8,33.0,7109.71,888.71
C019669,7,28.0,7102.07,1014.58
C003150,10,35.0,7096.63,709.66
C001327,10,33.0,7095.73,709.57
C007981,9,32.0,7093.75,788.19
C014597,6,32.0,7093.53,1182.25
C014905,7,31.0,7088.5,1012.64
C017856,7,28.0,7086.24,1012.32
C005575,7,36.0,7085.31,1012.19
C000345,8,36.0,7083.39,885.42
C002396,11,29.0,7082.15,643.83
C008451,8,34.0,7080.43,885.05
C000104,10,30.0,7078.1,707.81
C015734,8,36.0,7077.87,884.73
C016799,7,26.0,7074.65,1010.66
C012622,10,44.0,7073.89,707.39
C011730,8,30.0,7069.97,883.75
C010860,11,41.0,7069.71,642.7
C003941,7,27.0,7069.17,1009.88
C015150,6,33.0,7069.03,1178.17
C015023,5,28.0,7061.87,1412.37
C005252,10,52.0,7059.53,705.95
C017493,9,36.0,7058.5,784.28
C000469,8,30.0,7056.67,882.08
C009330,8,35.0,7053.84,881.73
C002020,9,30.0,7050.18,783.35
C008505,7,32.0,7049.05,1007.01
C006319,7,26.0,7046.7,1006.67
C010117,11,49.0,7040.38,640.03
C004367,7,32.0,7036.92,1005.27
C005870,8,34.0,7036.48,879.56
C009587,12,31.0,7036.45,586.37
C010344,6,30.0,7029.58,1171.6
C005817,10,40.0,7026.36,702.64
C003646,9,28.0,7023.48,780.39
C001139,10,39.0,7018.76,701.88
C002617,8,33.0,7018.71,877.34
C004259,13,43.0,7018.58,539.89
C015976,10,33.0,7016.81,701.68
C006411,7,34.0,7013.43,1001.92
C004640,6,29.0,7011.12,1168.52
C008532,9,27.0,7009.97,778.89
C016386,12,35.0,7008.06,584.01
C002808,9,30.0,6999.04,777.67
C000871,10,32.0,6989.97,699.0
C005182,8,25.0,6986.39,873.3
C008004,7,30.0,6983.36,997.62
C015275,8,33.0,6981.2,872.65
C008461,7,28.0,6980.89,997.27
C016867,9,32.0,6980.53,775.61
C001136,10,30.0,6978.78,697.88
C009924,8,31.0,6975.63,871.95
C000607,12,33.0,6970.88,580.91
C007120,7,34.0,6968.61,995.52
C000945,10,40.0,6965.79,696.58
C003146,10,30.0,6965.05,696.51
C001508,14,46.0,6963.87,497.42
C005443,6,25.0,6956.78,1159.46
C015804,7,34.0,6955.24,993.61
C000869,10,39.0,6954.65,695.46
C006938,8,32.0,6953.02,869.13
C010785,8,24.0,6952.59,869.07
C003226,8,25.0,6946.11,868.26
C005754,7,32.0,6945.31,992.19
C006221,7,29.0,6940.08,991.44
C014699,9,36.0,6939.25,771.03
C017475,9,39.0,6938.9,770.99
C009631,8,31.0,6938.12,867.27
C001194,11,41.0,6937.26,630.66
C001346,8,40.0,6936.79,867.1
C000511,13,39.0,6935.57,533.51
C001627,10,36.0,6935.02,693.5
C014916,9,30.0,6933.89,770.43
C011959,7,32.0,6925.04,989.29
C000960,8,32.0,6919.34,864.92
C008288,8,29.0,6918.89,864.86
C001082,6,34.0,6918.83,1153.14
C008660,11,43.0,6918.68,628.97
C001126,8,31.0,6918.33,864.79
C001886,6,28.0,6917.31,1152.89
C016977,6,31.0,6915.85,1152.64
C000824,10,31.0,6912.42,691.24
C000227,11,41.0,6908.59,628.05
C001928,7,36.0,6908.35,986.91
C011563,10,34.0,6905.63,690.56
C009585,9,39.0,6904.27,767.14
C014816,5,25.0,6902.99,1380.6
C008438,9,36.0,6897.24,766.36
C007145,8,31.0,6895.06,861.88
C003502,10,32.0,6893.69,689.37
C018402,9,26.0,6890.8,765.64
C017500,10,29.0,6888.96,688.9
C002027,8,36.0,6887.98,861.0
C003808,10,34.0,6887.55,688.76
C009798,8,30.0,6882.78,860.35
C005863,7,35.0,6881.86,983.12
C002903,11,36.0,6880.52,625.5
C000111,7,31.0,6879.9,982.84
C000109,13,46.0,6877.09,529.01
C014965,11,36.0,6876.41,625.13
C004650,9,31.0,6874.19,763.8
C006030,7,29.0,6872.06,981.72
C017164,9,30.0,6870.95,763.44
C016176,9,37.0,6863.66,762.63
C000291,11,44.0,6858.68,623.52
C004724,8,29.0,6855.39,856.92
C004967,9,32.0,6854.97,761.66
C000772,11,35.0,6851.06,622.82
C007485,10,37.0,6848.01,684.8
C000191,12,35.0,6844.1,570.34
C009751,8,31.0,6841.74,855.22
C005294,10,38.0,6836.76,683.68
C019106,6,27.0,6831.92,1138.65
C017424,8,28.0,6826.94,853.37
C016387,6,30.0,6824.87,1137.48
C009414,10,40.0,6823.0,682.3
C008298,12,42.0,6821.67,568.47
C019676,7,26.0,6821.23,974.46
C007405,11,34.0,6820.39,620.04
C006672,7,28.0,6820.36,974.34
C019120,8,34.0,6820.14,852.52
C004699,10,38.0,6819.39,681.94
C008045,9,30.0,6819.06,757.67
C007301,12,35.0,6819.06,568.26
C006383,9,36.0,6818.23,757.58
C003291,10,28.0,6816.98,681.7
C005348,8,29.0,6816.31,852.04
C018441,8,27.0,6816.19,852.02
C003509,11,33.0,6814.1,619.46
C009301,12,43.0,6810.89,567.57
C008960,10,32.0,6809.99,681.0
C011800,5,31.0,6809.64,1361.93
C018960,11,33.0,6809.46,619.04
C005377,9,32.0,6805.73,756.19
C002630,11,33.0,6805.66,618.7
C010774,6,30.0,6804.05,1134.01
C012454,9,33.0,6801.84,755.76
C001590,12,35.0,6799.81,566.65
C001907,8,28.0,6798.68,849.84
C001090,8,27.0,6798.43,849.8
C000350,10,38.0,6797.97,679.8
C005349,11,29.0,6797.26,617.93
C000036,9,32.0,6794.08,754.9
C000938,7,22.0,6788.51,969.79
C018782,9,29.0,6787.68,754.19
C011778,8,35.0,6784.2,848.03
C012228,10,29.0,6783.65,678.37
C012928,7,28.0,6782.69,968.96
C016256,6,30.0,6781.93,1130.32
C001829,10,32.0,6779.71,677.97
C001456,6,26.0,6775.67,1129.28
C004233,12,33.0,6773.14,564.43
C000065,8,37.0,6771.79,846.47
C014106,9,33.0,6768.77,752.09
C010908,10,35.0,6766.75,676.68
C013216,13,35.0,6765.37,520.41
C003059,8,29.0,6763.96,845.5
C003891,6,26.0,6763.48,1127.25
C017901,11,40.0,6761.59,614.69
C004580,6,27.0,6759.9,1126.65
C004991,6,29.0,6758.68,1126.45
C014591,7,28.0,6757.53,965.36
C019131,7,29.0,6755.75,965.11
C013327,7,37.0,6752.2,964.6
C010273,9,30.0,6752.18,750.24
C007099,6,26.0,6751.32,1125.22
C010711,7,26.0,6749.77,964.25
C006508,9,28.0,6748.01,749.78
C016547,10,35.0,6744.76,674.48
C010669,7,26.0,6744.59,963.51
C006492,8,29.0,6741.99,842.75
C016332,9,32.0,6741.77,749.09
C015570,7,32.0,6737.78,962.54
C018387,10,41.0,6735.74,673.57
C013540,9,32.0,6734.89,748.32
C008129,7,36.0,6734.34,962.05
C003274,9,35.0,6732.32,748.04
C003899,5,22.0,6731.89,1346.38
C001613,11,41.0,6729.13,611.74
C019661,9,31.0,6726.57,747.4
C004490,8,33.0,6725.71,840.71
C010770,7,28.0,6725.59,960.8
C000584,10,28.0,6724.71,672.47
C005889,8,29.0,6723.93,840.49
C002297,9,28.0,6719.99,746.67
C003160,8,39.0,6718.71,839.84
C003831,9,36.0,6718.5,746.5
C004306,9,34.0,6718.17,746.46
C007456,10,39.0,6716.14,671.61
C000190,10,34.0,6715.56,671.56
C000745,7,31.0,6713.75,959.11
C011095,7,31.0,6712.36,958.91
C009562,7,37.0,6701.82,957.4
C001289,9,36.0,6701.56,744.62
C000044,9,36.0,6701.31,744.59
C000385,9,25.0,6698.48,744.28
C018129,9,29.0,6694.29,743.81
C011181,8,33.0,6691.37,836.42
C009160,7,34.0,6690.15,955.74
C005264,7,29.0,6683.91,954.84
C005637,12,41.0,6682.48,556.87
C004839,14,40.0,6680.29,477.16
C002691,10,31.0,6676.55,667.66
C013983,4,25.0,6676.37,1669.09
C015685,8,35.0,6672.74,834.09
C006397,10,38.0,6666.93,666.69
C014772,10,39.0,6659.74,665.97
C017948,7,28.0,6659.26,951.32
C006774,4,20.0,6658.85,1664.71
C011364,9,32.0,6657.76,739.75
C013485,9,41.0,6656.68,739.63
C018650,11,40.0,6655.88,605.08
C019077,9,24.0,6655.4,739.49
C009363,11,37.0,6652.87,604.81
C005521,9,28.0,6652.79,739.2
C013287,8,32.0,6651.89,831.49
C010768,8,39.0,6648.38,831.05
C001652,9,36.0,6647.04,738.56
C007589,6,27.0,6640.1,1106.68
C000738,9,33.0,6637.9,737.54
C002464,7,25.0,6637.09,948.16
C006994,5,27.0,6636.53,1327.31
C001074,5,27.0,6633.52,1326.7
C002906,9,34.0,6629.26,736.58
C010380,9,32.0,6628.47,736.5
C018992,11,36.0,6627.92,602.54
C009850,10,37.0,6627.57,662.76
C019250,10,35.0,6627.55,662.76
C004284,8,36.0,6625.94,828.24
C002246,8,32.0,6623.58,827.95
C009781,10,35.0,6621.59,662.16
C014710,7,40.0,6617.62,945.37
C016658,10,30.0,6617.19,661.72
C006324,8,34.0,6615.3,826.91
C001185,8,33.0,6614.03,826.75
C019957,8,25.0,6611.92,826.49
C001598,12,35.0,6611.69,550.97
C018318,8,29.0,6611.65,826.46
C011241,7,27.0,6609.29,944.18
C006908,10,39.0,6608.75,660.88
C001311,9,37.0,6606.9,734.1
C008594,8,32.0,6606.5,825.81
C013506,7,30.0,6604.94,943.56
C014914,8,27.0,6603.05,825.38
C019991,7,32.0,6602.51,943.22
C003149,8,32.0,6597.26,824.66
C002017,8,31.0,6597.03,824.63
C016472,8,29.0,6594.93,824.37
C017268,7,27.0,6587.92,941.13
C002473,9,31.0,6586.31,731.81
C005990,7,24.0,6584.34,940.62
C011621,9,33.0,6584.27,731.59
C009089,9,29.0,6583.38,731.49
C007154,10,35.0,6583.33,658.33
C007857,8,36.0,6581.23,822.65
C000599,8,30.0,6581.07,822.63
C014834,8,39.0,6580.38,822.55
C017250,7,33.0,6580.21,940.03
C001853,5,28.0,6578.29,1315.66
C018748,8,38.0,6577.79,822.22
C011993,7,29.0,6576.23,939.46
C003560,9,41.0,6572.91,730.32
C011916,10,38.0,6571.86,657.19
C008331,8,26.0,6559.28,819.91
C006181,7,22.0,6558.27,936.9
C002859,10,31.0,6555.69,655.57
C018530,11,37.0,6555.13,595.92
C012530,6,30.0,6553.82,1092.3
C002830,7,35.0,6553.56,936.22
C019277,7,30.0,6552.8,936.11
C018533,7,33.0,6551.26,935.89
C003037,8,32.0,6550.62,818.83
C003234,12,36.0,6549.58,545.8
C002002,9,32.0,6549.34,727.7
C002368,9,31.0,6546.53,727.39
C000665,10,35.0,6546.39,654.64
C000629,8,30.0,6543.66,817.96
C005683,11,30.0,6541.96,594.72
C017486,6,23.0,6541.64,1090.27
C003139,9,37.0,6540.36,726.71
C010511,9,33.0,6539.67,726.63
C006509,10,33.0,6536.9,653.69
C004707,7,26.0,6535.65,933.66
C012737,7,29.0,6533.79,933.4
C005843,10,35.0,6529.97,653.0
C000358,6,25.0,6529.41,1088.23
C009788,10,36.0,6526.48,652.65
C001215,10,34.0,6526.35,652.64
C006173,9,34.0,6526.13,725.13
C007487,10,31.0,6521.1,652.11
C011649,8,30.0,6515.89,814.49
C007718,6,29.0,6511.81,1085.3
C005515,9,32.0,6511.72,723.52
C005367,11,28.0,6510.69,591.88
C006763,8,29.0,6510.33,813.79
C012121,9,28.0,6508.06,723.12
C015598,6,31.0,6503.36,1083.89
C017283,9,28.0,6500.07,722.23
C017334,7,35.0,6493.45,927.64
C005582,7,28.0,6491.39,927.34
C009939,9,31.0,6490.54,721.17
C007133,8,24.0,6486.73,810.84
C016884,6,26.0,6486.72,1081.12
C004900,9,36.0,6485.35,720.59
C012293,8,34.0,6484.46,810.56
C007690,7,40.0,6483.31,926.19
C000631,8,36.0,6480.66,810.08
C015407,10,32.0,6478.99,647.9
C000739,9,29.0,6477.23,719.69
C014456,10,32.0,6475.72,647.57
C014549,9,33.0,6475.66,719.52
C000186,11,37.0,6474.28,588.57
C007538,7,29.0,6473.4,924.77
C018384,11,38.0,6471.77,588.34
C010499,7,32.0,6471.25,924.46
C003077,9,33.0,6470.64,718.96
C002927,9,31.0,6467.64,718.63
C002600,8,27.0,6466.71,808.34
C018538,8,33.0,6466.05,808.26
C003420,9,26.0,6463.22,718.14
C006518,7,36.0,6461.89,923.13
C000123,12,42.0,6461.07,538.42
C000039,9,29.0,6456.03,717.34
C003178,5,27.0,6455.98,1291.2
C005848,6,28.0,6453.9,1075.65
C000007,7,39.0,6453.48,921.93
C007786,7,28.0,6451.75,921.68
C009380,6,33.0,6451.63,1075.27
C007662,7,34.0,6448.46,921.21
C003929,7,30.0,6448.1,921.16
C003787,9,34.0,6447.12,716.35
C000771,9,44.0,6445.95,716.22
C011123,9,32.0,6445.81,716.2
C019007,10,32.0,6445.2,644.52
C009483,8,27.0,6444.74,805.59
C018816,7,31.0,6444.37,920.62
C012988,7,28.0,6444.34,920.62
C004409,8,31.0,6443.76,805.47
C003742,6,24.0,6441.02,1073.5
C004852,8,29.0,6439.91,804.99
C000175,7,28.0,6439.89,919.98
C003930,7,26.0,6432.2,918.89
C019613,9,35.0,6430.23,714.47
C019298,5,29.0,6429.99,1286.0
C019553,8,38.0,6429.29,803.66
C019572,8,33.0,6426.76,803.35
C003958,8,32.0,6426.1,803.26
C002029,7,33.0,6425.64,917.95
C019205,9,32.0,6419.92,713.32
C001377,8,38.0,6417.42,802.18
C001926,7,28.0,6415.75,916.54
C014069,6,26.0,6415.36,1069.23
C014767,9,36.0,6412.74,712.53
C018760,11,30.0,6412.43,582.95
C001659,10,33.0,6412.43,641.24
C011756,8,36.0,6411.8,801.48
C000004,7,26.0,6410.11,915.73
C002768,7,29.0,6409.68,915.67
C018742,11,42.0,6409.15,582.65
C000266,11,38.0,6409.02,582.64
C004386,8,39.0,6407.91,800.99
C017341,7,32.0,6406.84,915.26
C014909,9,43.0,6406.28,711.81
C016069,11,32.0,6405.53,582.32
C000344,9,31.0,6405.31,711.7
C009723,7,27.0,6405.27,915.04
C003422,9,31.0,6405.13,711.68
C000048,9,37.0,6403.93,711.55
C014189,7,35.0,6402.01,914.57
C014450,10,36.0,6401.38,640.14
C013469,10,33.0,6400.93,640.09
C010680,8,33.0,6397.97,799.75
C007964,10,27.0,6396.84,639.68
C017852,8,32.0,6395.59,799.45
C018681,8,35.0,6392.69,799.09
C001059,8,24.0,6391.58,798.95
C017718,8,28.0,6390.7,798.84
C009641,10,28.0,6389.72,638.97
C008151,8,29.0,6388.25,798.53
C002228,7,30.0,6386.06,912.29
C006463,9,27.0,6385.61,709.51
C011404,9,34.0,6385.04,709.45
C016111,7,31.0,6383.97,912.0
C002178,10,28.0,6382.68,638.27
C011064,7,35.0,6382.33,911.76
C017482,7,25.0,6379.28,911.33
C010982,9,29.0,6378.58,708.73
C014971,11,37.0,6378.46,579.86
C011088,9,31.0,6376.9,708.54
C013836,9,32.0,6375.4,708.38
C010676,9,28.0,6373.22,708.14
C002026,8,30.0,6370.54,796.32
C001477,8,33.0,6368.16,796.02
C015934,10,26.0,6367.9,636.79
C007989,7,31.0,6364.44,909.21
C003765,7,23.0,6364.14,909.16
C006589,7,29.0,6364.04,909.15
C005422,7,27.0,6355.87,907.98
C003707,8,28.0,6355.25,794.41
C019652,6,37.0,6353.76,1058.96
C019875,7,33.0,6353.67,907.67
C010324,12,40.0,6353.05,529.42
C019396,7,22.0,6348.9,906.99
C004302,7,32.0,6348.88,906.98
C000702,9,35.0,6348.23,705.36
C016697,7,33.0,6347.31,906.76
C009759,9,29.0,6344.27,704.92
C010094,6,27.0,6342.37,1057.06
C000833,8,36.0,6340.03,792.5
C017860,8,43.0,6338.68,792.34
C013725,6,28.0,6337.65,1056.27
C007986,9,33.0,6335.87,703.99
C014016,6,28.0,6331.77,1055.3
C010533,9,36.0,6331.49,703.5
C013971,6,30.0,6331.1,1055.18
C015813,8,32.0,6330.01,791.25
C019283,8,31.0,6328.75,791.09
C019122,8,24.0,6328.7,791.09
C004551,6,28.0,6328.06,1054.68
C016439,8,48.0,6327.76,790.97
C007104,5,25.0,6327.63,1265.53
C007748,9,28.0,6327.21,703.02
C016018,7,29.0,6326.51,903.79
C013714,8,33.0,6324.84,790.61
C013074,9,29.0,6324.46,702.72
C016351,9,34.0,6321.04,702.34
C009980,7,28.0,6320.61,902.94
C012482,10,37.0,6320.11,632.01
C019633,8,30.0,6319.42,789.93
C000717,8,31.0,6318.92,789.87
C008244,7,27.0,6318.9,902.7
C004804,10,32.0,6318.2,631.82
C009683,7,27.0,6316.55,902.36
C000329,8,31.0,6314.72,789.34
C012806,7,27.0,6314.35,902.05
C013427,7,27.0,6313.71,901.96
C009383,8,28.0,6312.69,789.09
C017227,7,34.0,6312.51,901.79
C003938,8,36.0,6312.16,789.02
C006818,8,28.0,6311.56,788.95
C014477,8,33.0,6311.5,788.94
C003750,8,29.0,6311.15,788.89
C004704,12,31.0,6310.61,525.88
C007463,11,36.0,6310.25,573.66
C000740,8,32.0,6310.09,788.76
C003333,9,32.0,6309.76,701.08
C014244,5,22.0,6309.2,1261.84
C001184,10,39.0,6307.94,630.79
C000781,8,38.0,6307.66,788.46
C009825,8,34.0,6307.15,788.39
C010175,11,41.0,6306.93,573.36
C010981,9,38.0,6306.19,700.69
C009199,7,25.0,6305.96,900.85
C005279,8,32.0,6305.89,788.24
C002244,10,34.0,6305.65,630.56
C005217,10,39.0,6305.24,630.52
C016654,6,29.0,6302.3,1050.38
C000259,9,41.0,6302.11,700.23
C016898,5,26.0,6301.68,1260.34
C005694,7,28.0,6301.1,900.16
C002677,11,28.0,6299.91,572.72
C007801,7,26.0,6298.39,899.77
C009056,8,30.0,6298.07,787.26
C019251,8,26.0,6297.63,787.2
C012207,9,30.0,6297.45,699.72
C001257,8,30.0,6295.38,786.92
C003810,9,31.0,6294.28,699.36
C001161,10,35.0,6292.1,629.21
C006604,7,24.0,6290.85,898.69
C017708,8,25.0,6290.61,786.33
C016946,8,30.0,6289.94,786.24
C006343,7,35.0,6289.89,898.56
C003289,8,27.0,6289.34,786.17
C011870,7,34.0,6285.89,897.98
C000380,7,32.0,6284.78,897.83
C008425,6,27.0,6284.69,1047.45
C013636,10,38.0,6281.28,628.13
C008555,7,26.0,6281.22,897.32
C015746,9,33.0,6279.16,697.68
C015159,8,31.0,6278.31,784.79
C011019,7,28.0,6276.3,896.61
C012987,6,28.0,6275.95,1045.99
C007276,6,31.0,6275.37,1045.9
C013796,6,28.0,6274.6,1045.77
C006557,8,32.0,6273.72,784.22
C001130,12,39.0,6271.57,522.63
C006553,11,37.0,6270.86,570.08
C003910,13,40.0,6270.24,482.33
C011311,7,29.0,6269.62,895.66
C005961,8,31.0,6268.84,783.61
C006875,9,33.0,6265.15,696.13
C000063,10,42.0,6264.09,626.41
C014315,7,26.0,6259.21,894.17
C001261,11,31.0,6256.45,568.77
C003700,9,33.0,6256.35,695.15
C006537,7,34.0,6256.22,893.75
C005430,6,23.0,6255.75,1042.63
C002260,5,21.0,6253.93,1250.79
C013975,6,23.0,6253.42,1042.24
C016185,6,29.0,6252.58,1042.1
C014950,6,27.0,6252.56,1042.09
C018294,7,23.0,6250.65,892.95
C007855,6,28.0,6249.22,1041.54
C003812,6,28.0,6247.12,1041.19
C017567,9,34.0,6244.66,693.85
C000505,10,34.0,6244.32,624.43
C019215,7,31.0,6243.94,891.99
C007077,7,28.0,6243.74,891.96
C019494,7,25.0,6242.46,891.78
C000867,10,34.0,6242.45,624.25
C019184,9,34.0,6242.17,693.57
C004721,10,36.0,6241.52,624.15
C002552,8,33.0,6235.19,779.4
C002312,9,25.0,6233.48,692.61
C010297,8,29.0,6229.46,778.68
C016894,7,29.0,6227.71,889.67
C003792,6,23.0,6225.94,1037.66
C005089,8,37.0,6225.5,778.19
C007236,7,25.0,6224.13,889.16
C012432,7,29.0,6223.31,889.04
C005974,9,40.0,6222.85,691.43
C014098,7,37.0,6221.48,888.78
C005652,7,26.0,6220.83,888.69
C010927,7,27.0,6219.61,888.52
C002434,6,20.0,6217.78,1036.3
C001690,6,31.0,6215.66,1035.94
C011945,8,36.0,6215.66,776.96
C019550,9,36.0,6214.87,690.54
C005535,6,22.0,6211.16,1035.19
C015652,8,37.0,6210.22,776.28
C000989,7,39.0,6208.55,886.94
C002794,8,37.0,6206.44,775.81
C007776,10,33.0,6205.14,620.51
C016723,7,32.0,6203.87,886.27
C008969,8,32.0,6202.98,775.37
C002650,10,38.0,6202.29,620.23
C001863,10,37.0,6201.98,620.2
C008091,10,37.0,6201.11,620.11
C015247,10,43.0,6198.21,619.82
C017128,9,34.0,6196.52,688.5
C019012,9,29.0,6196.21,688.47
C002500,7,27.0,6195.63,885.09
C008280,9,31.0,6195.41,688.38
C017510,7,32.0,6195.38,885.05
C011799,8,32.0,6194.9,774.36
C007466,10,33.0,6192.51,619.25
C000384,10,37.0,6190.92,619.09
C000285,9,28.0,6189.03,687.67
C011050,7,27.0,6188.78,884.11
C017267,7,27.0,6188.36,884.05
C005057,5,23.0,6188.17,1237.63
C019006,8,27.0,6187.95,773.49
C005080,7,29.0,6184.94,883.56
C000922,9,42.0,6180.71,686.75
C002638,6,24.0,6180.69,1030.12
C013053,6,24.0,6179.59,1029.93
C012587,9,27.0,6178.54,686.5
C010556,7,27.0,6177.07,882.44
C009095,9,36.0,6175.81,686.2
C019024,7,27.0,6174.42,882.06
C019706,9,33.0,6172.61,685.85
C003398,8,26.0,6172.52,771.57
C010965,7,28.0,6172.04,881.72
C003434,10,27.0,6169.71,616.97
C002514,6,30.0,6168.65,1028.11
C009738,8,23.0,6168.19,771.02
C014445,5,29.0,6166.5,1233.3
C007100,8,26.0,6166.19,770.77
C010327,5,19.0,6166.16,1233.23
C018319,6,26.0,6165.17,1027.53
C007200,5,24.0,6164.41,1232.88
C008096,9,32.0,6163.92,684.88
C002949,14,45.0,6163.33,440.24
C008224,9,27.0,6162.62,684.74
C007527,11,34.0,6162.08,560.19
C008330,8,30.0,6160.17,770.02
C005811,5,26.0,6159.37,1231.87
C010481,8,32.0,6157.67,769.71
C004550,7,25.0,6154.08,879.15
C000568,9,30.0,6151.29,683.48
C019638,7,29.0,6149.56,878.51
C003153,7,28.0,6147.75,878.25
C012729,6,17.0,6147.74,1024.62
C012199,9,34.0,6147.47,683.05
C000286,9,25.0,6147.27,683.03
C001142,8,24.0,6144.77,768.1
C006433,8,35.0,6144.12,768.02
C002534,6,34.0,6143.82,1023.97
C014724,8,36.0,6143.74,767.97
C013120,10,34.0,6142.09,614.21
C011830,4,22.0,6141.91,1535.48
C008721,8,33.0,6141.43,767.68
C001981,6,28.0,6139.14,1023.19
C005553,10,29.0,6138.91,613.89
C013408,10,25.0,6135.13,613.51
C006816,7,32.0,6133.73,876.25
C015555,7,27.0,6130.54,875.79
C002757,9,32.0,6129.92,681.1
C006301,9,28.0,6128.23,680.91
C015369,6,26.0,6128.08,1021.35
C001534,8,25.0,6127.66,765.96
C000672,11,38.0,6125.38,556.85
C006969,9,34.0,6124.91,680.55
C009251,7,25.0,6121.85,874.55
C018492,7,28.0,6121.29,874.47
C003614,8,29.0,6120.41,765.05
C015300,7,36.0,6119.36,874.19
C002477,8,30.0,6119.36,764.92
C014793,6,23.0,6119.03,1019.84
C014480,8,30.0,6118.0,764.75
C010430,7,35.0,6117.57,873.94
C017439,5,24.0,6115.84,1223.17
C000747,8,32.0,6114.94,764.37
C017671,10,30.0,6114.11,611.41
C001002,7,27.0,6113.32,873.33
C005933,7,26.0,6112.23,873.18
C002381,9,36.0,6112.18,679.13
C005869,6,33.0,6111.79,1018.63
C012452,7,31.0,6109.07,872.72
C015613,6,25.0,6108.58,1018.1
C000741,9,31.0,6107.3,678.59
C009285,7,39.0,6106.6,872.37
C014274,9,32.0,6105.53,678.39
C000939,9,34.0,6105.1,678.34
C005963,10,34.0,6103.15,610.31
C017168,8,27.0,6102.44,762.81
C001633,6,30.0,6102.11,1017.02
C013495,6,23.0,6101.8,1016.97
C012062,7,23.0,6101.68,871.67
C001026,7,30.0,6099.15,871.31
C001293,8,30.0,6098.22,762.28
C003032,8,31.0,6098.0,762.25
C001340,9,29.0,6097.87,677.54
C013259,8,29.0,6096.23,762.03
C010130,7,39.0,6095.54,870.79
C005698,6,32.0,6094.24,1015.71
C017906,7,25.0,6093.95,870.56
C003621,7,26.0,6092.62,870.37
C019319,7,32.0,6090.5,870.07
C014921,6,28.0,6085.77,1014.3
C019192,9,26.0,6085.36,676.15
C006510,6,27.0,6084.47,1014.08
C014492,7,21.0,6084.12,869.16
C015826,9,32.0,6084.07,676.01
C001085,8,28.0,6082.62,760.33
C001409,4,21.0,6081.52,1520.38
C010163,6,31.0,6081.3,1013.55
C012868,10,35.0,6080.86,608.09
C001458,7,32.0,6079.19,868.46
C015985,8,32.0,6079.09,759.89
C001341,9,30.0,6075.51,675.06
C012808,6,25.0,6074.41,1012.4
C006905,8,31.0,6073.85,759.23
C017380,10,30.0,6073.64,607.36
C001104,8,30.0,6071.59,758.95
C000916,5,28.0,6070.48,1214.1
C002994,6,27.0,6069.97,1011.66
C009234,9,35.0,6069.38,674.38
C008303,12,35.0,6068.29,505.69
C012180,5,31.0,6066.59,1213.32
C002917,5,29.0,6066.4,1213.28
C007859,7,28.0,6066.17,866.6
C013884,6,25.0,6065.37,1010.9
C007238,8,25.0,6064.41,758.05
C002021,8,34.0,6063.02,757.88
C003860,8,37.0,6062.85,757.86
C003327,10,43.0,6061.82,606.18
C009236,8,23.0,6061.58,757.7
C007184,8,29.0,6061.56,757.7
C003650,8,31.0,6060.49,757.56
C019788,7,29.0,6057.17,865.31
C000416,8,31.0,6056.6,757.08
C011793,6,31.0,6056.5,1009.42
C002891,8,31.0,6055.91,756.99
C005564,8,31.0,6054.83,756.85
C002446,8,35.0,6054.55,756.82
C007792,7,30.0,6053.58,864.8
C003549,8,27.0,6053.35,756.67
C005441,5,23.0,6052.69,1210.54
C000696,7,27.0,6052.53,864.65
C000655,5,23.0,6052.33,1210.47
C005793,7,27.0,6052.24,864.61
C011039,7,31.0,6051.39,864.48
C011377,8,33.0,6051.09,756.39
C013661,9,32.0,6050.27,672.25
C000971,7,31.0,6049.97,864.28
C013607,6,30.0,6049.43,1008.24
C016612,7,28.0,6045.85,863.69
C005959,9,25.0,6045.49,671.72
C005826,9,35.0,6043.55,671.51
C004345,6,28.0,6042.71,1007.12
C011328,7,28.0,6041.76,863.11
C016423,7,25.0,6040.66,862.95
C010716,8,29.0,6039.57,754.95
C012765,8,26.0,6038.5,754.81
C010812,8,29.0,6037.75,754.72
C013244,7,30.0,6037.49,862.5
C018953,7,30.0,6036.98,862.43
C012300,8,29.0,6036.09,754.51
C003729,9,26.0,6035.88,670.65
C004504,9,27.0,6035.85,670.65
C016947,8,42.0,6035.79,754.47
C001656,7,26.0,6035.54,862.22
C010137,10,33.0,6032.95,603.29
C013921,6,27.0,6032.73,1005.46
C019135,8,35.0,6032.26,754.03
C002290,10,35.0,6031.79,603.18
C001103,8,30.0,6030.8,753.85
C007628,9,26.0,6030.63,670.07
C004968,7,32.0,6030.54,861.51
C002499,11,39.0,6030.38,548.22
C018854,8,29.0,6029.84,753.73
C010217,9,37.0,6029.71,669.97
C000644,6,27.0,6028.98,1004.83
C005964,6,27.0,6027.6,1004.6
C007770,6,27.0,6024.68,1004.11
C017476,8,28.0,6023.52,752.94
C012521,7,27.0,6021.74,860.25
C003050,6,24.0,6020.94,1003.49
C016659,6,24.0,6018.79,1003.13
C006020,7,34.0,6018.07,859.72
C006158,8,31.0,6017.97,752.25
C015933,10,28.0,6017.71,601.77
C002397,5,28.0,6016.51,1203.3
C012073,7,29.0,6016.38,859.48
C007479,13,37.0,6015.97,462.77
C018383,4,22.0,6015.17,1503.79
C019335,8,30.0,6014.72,751.84
C007935,6,24.0,6011.49,1001.92
C008142,7,31.0,6011.33,858.76
C008691,8,34.0,6011.04,751.38
C010354,6,33.0,6009.33,1001.56
C003185,9,30.0,6009.1,667.68
C000489,11,32.0,6007.94,546.18
C008356,10,33.0,6007.24,600.72
C014399,9,28.0,6003.44,667.05
C009418,7,26.0,6000.86,857.27
C006850,11,33.0,6000.69,545.52
C005719,6,30.0,6000.18,1000.03
C004396,8,28.0,5999.38,749.92
C000422,12,36.0,5996.77,499.73
C000281,7,29.0,5995.43,856.49
C008371,6,23.0,5992.52,998.75
C014753,5,30.0,5991.65,1198.33
C018762,9,31.0,5991.01,665.67
C013795,7,27.0,5990.8,855.83
C009725,8,36.0,5987.84,748.48
C018358,7,27.0,5986.92,855.27
C017237,6,25.0,5986.52,997.75
C014169,7,27.0,5986.38,855.2
C001617,9,41.0,5983.33,664.81
C011949,8,29.0,5983.04,747.88
C009259,6,24.0,5982.51,997.09
C018888,8,23.0,5982.41,747.8
C009273,7,24.0,5982.4,854.63
C001692,9,30.0,5981.92,664.66
C016771,12,36.0,5981.78,498.48
C011979,6,28.0,5981.39,996.9
C013098,8,29.0,5979.98,747.5
C019329,8,29.0,5979.81,747.48
C009300,8,23.0,5979.6,747.45
C002318,8,27.0,5979.39,747.42
C006366,11,36.0,5978.03,543.46
C010744,5,27.0,5977.71,1195.54
C014079,6,35.0,5976.95,996.16
C002363,11,25.0,5975.75,543.25
C002277,9,33.0,5975.7,663.97
C018408,5,27.0,5973.98,1194.8
C000962,10,27.0,5972.38,597.24
C009221,5,23.0,5972.37,1194.47
C016475,7,27.0,5971.81,853.12
C004795,8,27.0,5971.09,746.39
C009840,8,32.0,5968.24,746.03
C008462,10,33.0,5968.18,596.82
C010858,10,40.0,5967.05,596.71
C000851,8,29.0,5966.02,745.75
C000468,5,24.0,5965.37,1193.07
C004099,8,30.0,5964.77,745.6
C007591,8,28.0,5963.72,745.47
C006703,6,27.0,5963.64,993.94
C002111,10,31.0,5963.51,596.35
C005058,7,31.0,5961.3,851.61
C010180,8,29.0,5961.22,745.15
C003702,8,34.0,5959.91,744.99
C007066,8,28.0,5956.81,744.6
C012514,7,24.0,5956.8,850.97
C002240,9,34.0,5955.01,661.67
C003135,9,29.0,5954.75,661.64
C003715,7,29.0,5953.83,850.55
C001240,7,29.0,5949.53,849.93
C001818,10,27.0,5948.71,594.87
C003112,9,32.0,5947.36,660.82
C004462,8,27.0,5946.59,743.32
C006935,4,25.0,5946.46,1486.62
C013346,8,28.0,5945.53,743.19
C019710,8,26.0,5943.23,742.9
C006317,11,35.0,5942.54,540.23
C008629,10,34.0,5940.25,594.03
C003550,8,37.0,5938.96,742.37
C014362,4,19.0,5938.34,1484.59
C011825,9,39.0,5937.77,659.75
C001965,8,34.0,5937.6,742.2
C009656,5,24.0,5937.12,1187.42
C000799,7,34.0,5936.89,848.13
C001251,8,33.0,5936.85,742.11
C014192,8,27.0,5935.02,741.88
C014040,6,23.0,5934.85,989.14
C009032,8,25.0,5934.66,741.83
C013576,6,27.0,5934.02,989.0
C007874,8,28.0,5933.98,741.75
C004369,5,28.0,5932.77,1186.55
C002033,8,34.0,5931.24,741.41
C002602,9,28.0,5929.74,658.86
C003127,9,30.0,5929.5,658.83
C012152,9,36.0,5929.46,658.83
C000248,8,31.0,5928.56,741.07
C017450,9,34.0,5928.5,658.72
C017225,6,29.0,5927.39,987.9
C013467,9,32.0,5927.15,658.57
C003780,7,24.0,5926.28,846.61
C013927,5,22.0,5925.75,1185.15
C002877,8,27.0,5924.07,740.51
C010704,8,29.0,5923.43,740.43
C008767,9,24.0,5921.75,657.97
C007594,8,32.0,5921.3,740.16
C012208,6,24.0,5918.56,986.43
C018267,10,32.0,5917.82,591.78
C012657,8,29.0,5915.71,739.46
C019045,7,28.0,5915.21,845.03
C011055,8,26.0,5914.2,739.28
C014546,9,41.0,5914.13,657.13
C017822,10,32.0,5910.93,591.09
C017664,8,24.0,5910.63,738.83
C015160,7,24.0,5910.13,844.3
C002791,7,30.0,5907.59,843.94
C010234,6,28.0,5906.33,984.39
C013302,7,30.0,5904.98,843.57
C003180,7,27.0,5904.16,843.45
C019058,8,34.0,5903.09,737.89
C001514,9,30.0,5901.92,655.77
C019179,8,27.0,5898.01,737.25
C005874,7,26.0,5897.72,842.53
C005196,7,26.0,5896.43,842.35
C000994,7,31.0,5895.45,842.21
C014369,7,26.0,5895.34,842.19
C005108,8,27.0,5895.12,736.89
C015138,5,33.0,5892.21,1178.44
C001366,6,27.0,5892.0,982.0
C002375,8,25.0,5891.04,736.38
C000519,8,31.0,5888.11,736.01
C015328,7,38.0,5887.8,841.11
C002893,5,25.0,5886.38,1177.28
C000456,5,24.0,5884.81,1176.96
C015015,6,30.0,5884.67,980.78
C004661,6,24.0,5884.62,980.77
C003946,9,36.0,5884.07,653.79
C005516,7,27.0,5883.31,840.47
C000794,8,28.0,5882.85,735.36
C000409,7,31.0,5882.8,840.4
C004206,10,29.0,5880.93,588.09
C018741,8,31.0,5879.91,734.99
C010340,8,32.0,5879.87,734.98
C000304,6,31.0,5878.94,979.82
C006320,6,34.0,5878.51,979.75
C010824,8,28.0,5878.48,734.81
C011519,9,32.0,5876.37,652.93
C007254,7,25.0,5875.54,839.36
C006765,5,22.0,5874.91,1174.98
C002076,6,28.0,5874.31,979.05
C006069,7,29.0,5874.22,839.17
C019324,6,29.0,5874.0,979.0
C005789,9,27.0,5872.92,652.55
C002517,5,22.0,5872.81,1174.56
C001776,10,33.0,5872.52,587.25
C014711,7,32.0,5871.23,838.75
C006685,7,33.0,5870.98,838.71
C001629,9,30.0,5870.88,652.32
C018210,7,26.0,5868.11,838.3
C015761,6,25.0,5867.02,977.84
C005653,9,26.0,5865.14,651.68
C000770,12,31.0,5864.14,488.68
C019262,6,26.0,5861.84,976.97
C010584,9,31.0,5860.85,651.21
C011453,7,27.0,5860.43,837.2
C011564,10,26.0,5858.71,585.87
C004528,7,24.0,5858.44,836.92
C012919,8,26.0,5858.03,732.25
C008862,6,24.0,5857.85,976.31
C000634,8,31.0,5857.42,732.18
C010423,8,37.0,5857.12,732.14
C009965,11,38.0,5856.38,532.4
C010992,8,30.0,5850.56,731.32
C004046,9,29.0,5849.36,649.93
C004683,9,29.0,5847.96,649.77
C017997,5,25.0,5847.23,1169.45
C002660,9,24.0,5845.69,649.52
C003044,8,32.0,5845.04,730.63
C017415,12,45.0,5844.51,487.04
C014955,8,24.0,5843.13,730.39
C005610,9,36.0,5842.83,649.2
C005103,7,34.0,5842.78,834.68
C000139,10,32.0,5840.14,584.01
C018529,8,30.0,5839.5,729.94
C007817,7,29.0,5838.72,834.1
C012692,6,25.0,5835.99,972.67
C015750,9,31.0,5834.27,648.25
C014928,6,23.0,5832.17,972.03
C012160,5,21.0,5831.78,1166.36
C000765,7,26.0,5829.39,832.77
C003168,9,28.0,5826.53,647.39
C002208,9,31.0,5822.62,646.96
C017647,7,27.0,5822.03,831.72
C012985,6,28.0,5821.29,970.22
C006752,7,26.0,5820.9,831.56
C010708,7,27.0,5820.54,831.51
C015120,10,36.0,5819.85,581.99
C005891,9,28.0,5819.55,646.62
C019419,7,27.0,5819.37,831.34
C007355,8,28.0,5819.08,727.39
C002310,10,31.0,5819.07,581.91
C001024,6,24.0,5818.73,969.79
C002940,8,28.0,5817.37,727.17
C018306,6,24.0,5816.92,969.49
C004156,6,26.0,5814.94,969.16
C017221,7,30.0,5814.03,830.58
C019798,6,29.0,5813.08,968.85
C019375,9,30.0,5811.69,645.74
C004944,8,33.0,5811.37,726.42
C003084,8,31.0,5811.32,726.42
C002987,7,25.0,5809.44,829.92
C000203,10,36.0,5808.67,580.87
C002687,7,26.0,5808.65,829.81
C015272,8,31.0,5807.89,725.99
C019275,6,23.0,5807.0,967.83
C009750,5,25.0,5806.69,1161.34
C000598,13,32.0,5806.34,446.64
C005839,10,30.0,5804.78,580.48
C005353,9,30.0,5803.15,644.79
C005475,8,31.0,5802.72,725.34
C006223,7,25.0,5802.01,828.86
C017530,9,33.0,5801.19,644.58
C017914,10,36.0,5801.04,580.1
C017854,8,31.0,5800.78,725.1
C010207,6,24.0,5800.17,966.7
C012701,6,26.0,5798.3,966.38
C002780,7,26.0,5797.42,828.2
C015088,6,26.0,5797.41,966.24
C009686,8,28.0,5797.28,724.66
C019330,8,30.0,5796.61,724.58
C002037,6,29.0,5795.7,965.95
C004438,7,31.0,5795.31,827.9
C012898,9,35.0,5795.22,643.91
C011477,7,30.0,5794.31,827.76
C003483,9,34.0,5794.14,643.79
C002916,8,27.0,5793.98,724.25
C015606,5,23.0,5791.84,1158.37
C002713,8,27.0,5791.5,723.94
C005464,10,30.0,5787.51,578.75
C010368,7,25.0,5787.29,826.76
C018352,6,29.0,5787.07,964.51
C014337,8,29.0,5786.63,723.33
C010350,8,27.0,5786.04,723.26
C018735,7,31.0,5785.87,826.55
C003048,10,29.0,5785.18,578.52
C019615,8,25.0,5784.61,723.08
C008139,6,28.0,5784.27,964.05
C011366,8,27.0,5784.09,723.01
C010281,9,36.0,5783.26,642.58
C006305,9,25.0,5782.74,642.53
C009000,9,25.0,5781.64,642.4
C000280,7,28.0,5780.62,825.8
C003181,8,27.0,5779.09,722.39
C003428,9,36.0,5778.82,642.09
C004536,6,25.0,5778.2,963.03
C008936,7,29.0,5777.84,825.41
C014138,9,29.0,5775.49,641.72
C017489,7,25.0,5775.37,825.05
C017442,6,27.0,5775.09,962.52
C002765,7,25.0,5771.78,824.54
C019365,7,29.0,5771.06,824.44
C012926,7,33.0,5770.68,824.38
C017220,5,27.0,5770.45,1154.09
C007747,10,28.0,5769.48,576.95
C016832,7,28.0,5766.89,823.84
C018673,7,29.0,5764.71,823.53
C000898,10,28.0,5763.99,576.4
C012158,9,26.0,5763.92,640.44
C013705,8,26.0,5763.79,720.47
C011585,6,23.0,5763.22,960.54
C007610,6,26.0,5761.81,960.3
C012049,6,24.0,5761.56,960.26
C001158,6,21.0,5760.48,960.08
C003803,7,25.0,5760.48,822.93
C011531,8,27.0,5760.44,720.06
C004567,4,27.0,5760.35,1440.09
C009936,8,25.0,5759.21,719.9
C008201,6,28.0,5758.11,959.69
C008134,9,27.0,5757.77,639.75
C011417,8,31.0,5756.66,719.58
C010289,9,30.0,5754.23,639.36
C012076,6,36.0,5753.94,958.99
C014769,7,28.0,5753.66,821.95
C019806,6,22.0,5751.98,958.66
C000200,7,25.0,5751.02,821.57
C019740,7,22.0,5750.44,821.49
C001936,7,25.0,5748.94,821.28
C016139,6,26.0,5748.8,958.13
C012908,6,24.0,5744.79,957.47
C011101,7,32.0,5744.77,820.68
C007179,7,30.0,5744.59,820.66
C013902,7,26.0,5744.23,820.6
C002366,9,29.0,5743.94,638.22
C013133,7,32.0,5740.74,820.11
C010318,6,22.0,5740.66,956.78
C005404,6,29.0,5737.82,956.3
C012546,5,21.0,5737.12,1147.42
C010670,8,27.0,5736.27,717.03
C015892,8,30.0,5735.35,716.92
C004915,5,23.0,5730.25,1146.05
C003558,9,35.0,5728.24,636.47
C001619,8,35.0,5727.88,715.99
C004685,8,31.0,5727.38,715.92
C015632,6,25.0,5726.74,954.46
C010079,7,26.0,5724.52,817.79
C014451,7,27.0,5724.42,817.77
C000134,9,31.0,5722.85,635.87
C015904,7,26.0,5721.37,817.34
C017929,7,24.0,5720.32,817.19
C019771,8,26.0,5719.69,714.96
C015217,7,29.0,5719.54,817.08
C002315,6,25.0,5716.75,952.79
C002943,6,26.0,5716.65,952.78
C000693,8,27.0,5715.88,714.49
C004181,8,35.0,5713.48,714.19
C007231,3,24.0,5713.0,1904.33
C002106,6,26.0,5712.65,952.11
C017245,6,28.0,5712.61,952.1
C003057,5,22.0,5712.55,1142.51
C002050,10,32.0,5712.23,571.22
C012204,6,29.0,5712.02,952.0
C004129,7,30.0,5711.9,815.99
C011960,10,32.0,5711.35,571.14
C017760,9,28.0,5710.85,634.54
C008709,5,23.0,5709.35,1141.87
C000894,8,28.0,5708.73,713.59
C010182,8,24.0,5705.35,713.17
C016525,6,24.0,5705.27,950.88
C010742,9,32.0,5704.15,633.79
C005965,8,27.0,5703.57,712.95
C011494,4,22.0,5702.24,1425.56
C013296,7,33.0,5702.01,814.57
C014132,7,33.0,5701.8,814.54
C003647,12,38.0,5700.67,475.06
C015712,8,26.0,5699.91,712.49
C007346,6,27.0,5699.41,949.9
C008637,8,30.0,5699.26,712.41
C019064,6,22.0,5698.86,949.81
C017211,6,28.0,5698.77,949.8
C019234,7,33.0,5698.08,814.01
C000159,7,29.0,5697.6,813.94
C007379,10,34.0,5697.36,569.74
C003239,8,32.0,5696.6,712.08
C018990,7,33.0,5695.3,813.61
C009178,5,20.0,5694.07,1138.81
C002632,6,28.0,5693.95,948.99
C014104,8,30.0,5693.77,711.72
C010743,7,25.0,5692.53,813.22
C007391,8,26.0,5691.84,711.48
C006253,10,30.0,5691.09,569.11
C017196,7,31.0,5689.9,812.84
C011321,6,21.0,5689.26,948.21
C012506,6,31.0,5688.3,948.05
C017857,6,24.0,5687.92,947.99
C007949,6,24.0,5686.52,947.75
C005051,6,26.0,5686.47,947.75
C010009,8,26.0,5686.02,710.75
C000823,8,23.0,5685.31,710.66
C006686,12,41.0,5684.8,473.73
C018490,8,33.0,5684.18,710.52
C011939,9,39.0,5684.12,631.57
C014718,10,33.0,5683.59,568.36
C007755,7,26.0,5682.01,811.72
C009040,7,28.0,5681.96,811.71
C000049,8,33.0,5679.48,709.94
C017832,6,32.0,5679.47,946.58
C012474,8,25.0,5678.54,709.82
C008639,9,27.0,5677.22,630.8
C005786,5,31.0,5676.83,1135.37
C001837,6,27.0,5674.29,945.72
C007497,7,23.0,5674.19,810.6
C002262,9,26.0,5674.02,630.45
C001986,9,27.0,5673.66,630.41
C000242,10,34.0,5673.44,567.34
C003993,6,28.0,5672.96,945.49
C019803,6,23.0,5672.25,945.38
C009829,8,42.0,5672.14,709.02
C006229,9,29.0,5671.95,630.22
C019334,6,31.0,5671.92,945.32
C008619,8,31.0,5670.79,708.85
C000196,9,29.0,5669.43,629.94
C010537,6,24.0,5668.75,944.79
C007424,7,35.0,5668.09,809.73
C016741,5,25.0,5667.53,1133.51
C003721,7,26.0,5667.37,809.62
C005173,6,29.0,5665.95,944.33
C003270,5,20.0,5665.5,1133.1
C003219,7,27.0,5664.91,809.27
C003162,5,25.0,5663.79,1132.76
C005194,8,26.0,5663.46,707.93
C019480,7,29.0,5662.91,808.99
C014524,5,21.0,5661.49,1132.3
C010028,9,37.0,5660.17,628.91
C016251,7,23.0,5659.75,808.54
C005011,7,33.0,5658.9,808.41
C015072,9,35.0,5658.4,628.71
C000710,8,25.0,5657.89,707.24
C015738,7,29.0,5657.19,808.17
C001902,4,25.0,5655.93,1413.98
C011121,8,31.0,5654.36,706.8
C017616,9,35.0,5652.47,628.05
C005709,7,29.0,5651.27,807.32
C008450,11,32.0,5649.39,513.58
C014319,6,25.0,5648.66,941.44
C006459,7,31.0,5648.55,806.94
C001032,5,25.0,5648.28,1129.66
C018004,11,32.0,5647.42,513.4
C004213,7,27.0,5646.65,806.66
C007682,7,26.0,5646.39,806.63
C012227,8,25.0,5643.22,705.4
C007363,7,26.0,5641.8,805.97
C016498,4,23.0,5640.44,1410.11
C015174,8,32.0,5639.82,704.98
C004395,7,21.0,5639.74,805.68
C004351,6,25.0,5638.62,939.77
C005241,11,28.0,5637.77,512.52
C019423,9,27.0,5637.57,626.4
C000388,6,23.0,5637.2,939.53
C019708,7,29.0,5636.22,805.17
C012367,7,28.0,5635.81,805.12
C015299,8,29.0,5635.53,704.44
C017460,8,31.0,5635.32,704.42
C000334,11,27.0,5634.75,512.25
C017390,8,28.0,5634.58,704.32
C002889,8,31.0,5634.49,704.31
C005020,7,25.0,5633.71,804.82
C003894,8,27.0,5631.96,704.0
C005037,6,22.0,5631.2,938.53
C000808,5,25.0,5630.77,1126.15
C012254,7,27.0,5630.07,804.3
C005616,8,26.0,5629.82,703.73
C007119,5,22.0,5628.41,1125.68
C006773,7,28.0,5628.01,804.0
C014174,6,27.0,5627.71,937.95
C008050,10,31.0,5627.4,562.74
C001375,6,28.0,5626.7,937.78
C001929,9,36.0,5626.52,625.17
C007474,7,25.0,5626.27,803.75
C010342,6,25.0,5626.03,937.67
C003868,9,23.0,5625.63,625.07
C003837,9,30.0,5624.21,624.91
C009771,9,36.0,5623.3,624.81
C013966,6,25.0,5623.05,937.18
C010758,6,25.0,5622.82,937.14
C012472,8,28.0,5621.6,702.7
C017912,12,39.0,5620.72,468.39
C015818,6,27.0,5620.48,936.75
C008504,6,23.0,5618.62,936.44
C012850,10,35.0,5617.98,561.8
C010057,8,28.0,5616.92,702.12
C000381,8,27.0,5616.3,702.04
C011610,6,25.0,5615.63,935.94
C008304,6,22.0,5615.53,935.92
C019173,9,35.0,5615.21,623.91
C013522,4,22.0,5614.69,1403.67
C001884,7,23.0,5612.26,801.75
C013020,6,29.0,5612.1,935.35
C005426,7,25.0,5611.61,801.66
C009863,7,23.0,5611.19,801.6
C018798,7,23.0,5610.99,801.57
C001805,11,46.0,5609.89,509.99
C009012,9,24.0,5609.76,623.31
C017263,8,36.0,5609.6,701.2
C002321,9,27.0,5609.37,623.26
C014844,5,23.0,5609.25,1121.85
C014564,6,23.0,5607.73,934.62
C006204,11,33.0,5606.64,509.69
C001815,8,26.0,5606.57,700.82
C009316,7,32.0,5605.94,800.85
C019772,10,32.0,5604.69,560.47
C000993,8,27.0,5604.58,700.57
C005983,6,27.0,5603.85,933.98
C015287,6,25.0,5603.69,933.95
C012882,6,26.0,5603.23,933.87
C005388,6,29.0,5602.74,933.79
C007228,5,23.0,5602.48,1120.5
C002413,8,26.0,5600.85,700.11
C010645,8,24.0,5600.79,700.1
C005660,7,28.0,5599.97,800.0
C012107,4,26.0,5599.55,1399.89
C018738,8,28.0,5598.86,699.86
C006764,7,26.0,5598.18,799.74
C004010,7,24.0,5597.21,799.6
C001106,8,27.0,5594.1,699.26
C006291,9,31.0,5592.97,621.44
C019338,7,27.0,5592.11,798.87
C008592,7,21.0,5591.63,798.8
C010728,5,24.0,5591.16,1118.23
C000141,9,38.0,5591.15,621.24
C001822,6,26.0,5591.04,931.84
C007762,6,26.0,5590.84,931.81
C009981,7,32.0,5589.58,798.51
C006879,6,26.0,5589.44,931.57
C010185,9,34.0,5589.41,621.05
C016224,7,23.0,5589.14,798.45
C007418,8,38.0,5588.61,698.58
C012004,9,41.0,5587.37,620.82
C006243,6,33.0,5587.22,931.2
C014628,7,26.0,5586.45,798.06
C002147,9,32.0,5585.9,620.66
C011648,7,25.0,5585.44,797.92
C011733,6,23.0,5585.4,930.9
C011216,5,25.0,5584.44,1116.89
C000879,6,26.0,5584.43,930.74
C009929,13,34.0,5584.14,429.55
C007772,6,23.0,5582.36,930.39
C001827,9,33.0,5582.16,620.24
C010554,9,36.0,5581.76,620.2
C007471,6,23.0,5581.67,930.28
C006963,9,30.0,5580.22,620.02
C002283,13,36.0,5580.14,429.24
C006352,8,30.0,5578.47,697.31
C015488,8,27.0,5576.9,697.11
C012344,8,28.0,5576.16,697.02
C001061,8,32.0,5576.07,697.01
C014117,6,26.0,5573.8,928.97
C002787,6,26.0,5573.62,928.94
C012760,9,31.0,5571.47,619.05
C010279,10,34.0,5570.24,557.02
C019227,9,33.0,5566.57,618.51
C005962,7,28.0,5566.39,795.2
C001568,8,27.0,5565.14,695.64
C001186,8,26.0,5564.85,695.61
C013762,6,26.0,5564.11,927.35
C008002,8,24.0,5562.75,695.34
C001141,9,28.0,5562.16,618.02
C006348,7,29.0,5561.84,794.55
C013337,8,27.0,5560.92,695.12
C013626,7,27.0,5560.33,794.33
C004562,8,27.0,5560.31,695.04
C000657,9,36.0,5559.52,617.72
C011298,6,27.0,5559.48,926.58
C005064,8,28.0,5558.45,694.81
C016263,4,15.0,5556.78,1389.2
C001343,8,26.0,5555.51,694.44
C003073,4,22.0,5555.31,1388.83
C001727,5,18.0,5554.56,1110.91
C011768,8,33.0,5553.75,694.22
C015741,7,33.0,5552.28,793.18
C005033,8,29.0,5552.13,694.02
C009722,4,27.0,5551.27,1387.82
C003426,6,25.0,5550.6,925.1
C001962,7,26.0,5549.54,792.79
C006565,7,26.0,5548.94,792.71
C000810,7,24.0,5548.27,792.61
C000698,9,27.0,5547.75,616.42
C002521,9,30.0,5546.04,616.23
C007528,7,28.0,5545.51,792.22
C015044,6,29.0,5544.81,924.14
C019888,10,29.0,5544.46,554.45
C005649,6,21.0,5544.05,924.01
C004637,7,43.0,5543.54,791.93
C016487,7,21.0,5542.92,791.85
C000407,6,22.0,5542.36,923.73
C005492,10,30.0,5542.19,554.22
C007220,10,31.0,5541.86,554.19
C001824,6,21.0,5541.19,923.53
C013060,11,38.0,5541.16,503.74
C004496,7,24.0,5540.04,791.43
C018568,6,28.0,5539.26,923.21
C011441,7,17.0,5539.14,791.31
C001299,11,32.0,5539.11,503.56
C005605,8,24.0,5539.03,692.38
C001898,10,26.0,5538.85,553.89
C013831,3,19.0,5538.09,1846.03
C015701,9,34.0,5537.3,615.26
C004339,11,25.0,5536.66,503.33
C011041,7,30.0,5536.5,790.93
C008316,7,25.0,5536.04,790.86
C017403,7,24.0,5536.04,790.86
C004308,6,23.0,5535.9,922.65
C006063,9,40.0,5535.48,615.05
C016054,6,25.0,5535.23,922.54
C019844,6,27.0,5534.59,922.43
C013381,6,28.0,5534.3,922.38
C000460,9,28.0,5533.88,614.88
C008685,6,29.0,5532.1,922.02
C013123,5,21.0,5531.77,1106.35
C007694,6,24.0,5531.71,921.95
C004480,5,22.0,5530.81,1106.16
C008223,7,37.0,5530.73,790.1
C008704,6,26.0,5530.43,921.74
C003683,11,39.0,5530.38,502.76
C015189,7,23.0,5530.18,790.03
C003381,8,29.0,5528.76,691.1
C002291,8,24.0,5527.11,690.89
C015504,9,29.0,5525.75,613.97
C002199,8,26.0,5524.61,690.58
C014444,9,30.0,5524.24,613.8
C009294,10,32.0,5524.19,552.42
C006222,5,19.0,5523.7,1104.74
C008715,7,30.0,5523.49,789.07
C001326,12,38.0,5523.13,460.26
C004208,10,34.0,5522.91,552.29
C007646,5,29.0,5522.84,1104.57
C000332,6,31.0,5522.48,920.41
C005452,7,26.0,5521.9,788.84
C000150,7,27.0,5521.77,788.82
C007027,8,35.0,5521.61,690.2
C013633,9,32.0,5521.5,613.5
C001462,8,32.0,5521.17,690.15
C011696,9,27.0,5520.62,613.4
C003825,10,30.0,5520.12,552.01
C005125,7,25.0,5519.66,788.52
C016893,5,21.0,5519.36,1103.87
C017101,7,30.0,5518.26,788.32
C002898,8,25.0,5517.86,689.73
C019767,9,30.0,5517.18,613.02
C017258,9,25.0,5516.61,612.96
C003648,6,24.0,5516.51,919.42
C001203,4,24.0,5516.45,1379.11
C007070,8,30.0,5515.8,689.48
C007880,7,29.0,5515.53,787.93
C016343,7,25.0,5515.06,787.87
C010156,11,35.0,5514.38,501.31
C018557,7,24.0,5512.91,787.56
C008963,7,26.0,5511.49,787.36
C000120,11,35.0,5510.82,500.98
C000708,9,29.0,5510.56,612.28
C006876,6,27.0,5510.28,918.38
C013809,6,26.0,5508.54,918.09
C010072,7,27.0,5508.43,786.92
C018437,7,25.0,5508.03,786.86
C011921,8,26.0,5507.96,688.5
C003676,6,21.0,5507.28,917.88
C015322,9,25.0,5505.18,611.69
C008053,6,21.0,5505.13,917.52
C017069,8,23.0,5504.89,688.11
C006091,9,28.0,5504.39,611.6
C003159,11,26.0,5504.02,500.37
C013817,7,24.0,5504.01,786.29
C005203,11,25.0,5502.9,500.26
C001256,9,30.0,5501.49,611.28
C006442,6,22.0,5501.05,916.84
C000433,6,21.0,5500.37,916.73
C009702,7,28.0,5499.87,785.7
C007009,8,30.0,5498.51,687.31
C007860,11,36.0,5498.28,499.84
C008073,10,33.0,5497.27,549.73
C005942,7,18.0,5497.17,785.31
C012033,7,30.0,5496.78,785.25
C002896,8,31.0,5495.04,686.88
C009289,5,26.0,5493.57,1098.71
C005772,8,31.0,5493.11,686.64
C004002,7,27.0,5493.06,784.72
C009488,8,32.0,5492.97,686.62
C003423,9,29.0,5492.88,610.32
C014011,8,31.0,5492.73,686.59
C000998,6,18.0,5491.48,915.25
C015194,8,26.0,5491.01,686.38
C009941,10,27.0,5490.76,549.08
C014561,8,24.0,5490.55,686.32
C005503,7,25.0,5490.17,784.31
C011411,7,27.0,5489.88,784.27
C001810,8,27.0,5489.09,686.14
C004701,10,31.0,5486.95,548.69
C005202,9,29.0,5485.92,609.55
C007494,6,22.0,5485.7,914.28
C016252,10,29.0,5484.45,548.44
C009640,7,26.0,5484.08,783.44
C003464,10,33.0,5483.68,548.37
C004311,9,30.0,5482.91,609.21
C009982,10,31.0,5482.39,548.24
C006151,6,33.0,5482.38,913.73
C014835,6,28.0,5482.04,913.67
C000253,7,28.0,5481.16,783.02
C018244,6,26.0,5480.22,913.37
C009935,9,32.0,5480.06,608.9
C010060,8,32.0,5479.54,684.94
C001662,8,30.0,5476.94,684.62
C017917,9,28.0,5475.85,608.43
C005098,6,26.0,5475.66,912.61
C002668,7,23.0,5475.49,782.21
C004043,7,27.0,5475.11,782.16
C007567,10,32.0,5474.43,547.44
C010141,7,28.0,5471.51,781.64
C009459,6,33.0,5470.39,911.73
C011231,7,27.0,5468.3,781.19
C012613,7,28.0,5468.27,781.18
C006148,6,23.0,5467.86,911.31
C015061,5,26.0,5467.79,1093.56
C008549,8,27.0,5466.98,683.37
C016560,6,28.0,5466.5,911.08
C011114,9,33.0,5466.46,607.38
C016460,8,28.0,5464.91,683.11
C013520,7,22.0,5464.76,780.68
C015849,6,30.0,5463.96,910.66
C000023,7,25.0,5463.06,780.44
C012533,4,16.0,5462.89,1365.72
C018185,7,28.0,5462.02,780.29
C007470,8,31.0,5461.33,682.67
C015931,9,26.0,5460.8,606.76
C005453,8,29.0,5460.52,682.57
C008412,8,19.0,5460.44,682.56
C013035,7,29.0,5460.04,780.01
C019023,8,25.0,5459.66,682.46
C013137,6,22.0,5459.15,909.86
C018284,7,23.0,5458.6,779.8
C017457,5,21.0,5457.81,1091.56
C015295,10,24.0,5454.93,545.49
C004617,11,29.0,5454.05,495.82
C007856,8,30.0,5453.58,681.7
C008855,5,25.0,5453.08,1090.62
C005635,10,27.0,5452.33,545.23
C005913,7,29.0,5451.27,778.75
C000403,9,28.0,5450.94,605.66
C006430,6,27.0,5450.84,908.47
C011842,7,23.0,5449.71,778.53
C012900,6,25.0,5449.65,908.28
C013169,7,25.0,5445.79,777.97
C011917,9,26.0,5445.78,605.09
C007448,8,29.0,5444.77,680.6
C016424,7,22.0,5444.62,777.8
C015608,8,30.0,5444.49,680.56
C019180,7,29.0,5443.9,777.7
C006251,9,34.0,5443.0,604.78
C014120,7,21.0,5442.73,777.53
C000132,10,27.0,5442.66,544.27
C012134,5,19.0,5442.5,1088.5
C009331,9,27.0,5442.3,604.7
C011658,4,19.0,5441.49,1360.37
C009717,7,35.0,5439.66,777.09
C017022,7,23.0,5439.18,777.03
C017895,6,23.0,5439.17,906.53
C003242,6,21.0,5438.98,906.5
C017626,6,26.0,5437.48,906.25
C000043,10,26.0,5437.32,543.73
C011419,8,31.0,5437.31,679.66
C001381,7,28.0,5437.09,776.73
C003747,9,26.0,5436.36,604.04
C017830,12,33.0,5435.74,452.98
C015584,9,31.0,5434.91,603.88
C010158,5,18.0,5433.4,1086.68
C000886,11,24.0,5432.98,493.91
C000218,6,26.0,5432.3,905.38
C017771,10,42.0,5431.51,543.15
C013343,8,29.0,5431.4,678.93
C004127,7,32.0,5430.64,775.81
C006505,8,32.0,5430.23,678.78
C010756,9,33.0,5429.96,603.33
C009501,5,24.0,5429.76,1085.95
C009645,8,30.0,5428.76,678.6
C017363,9,32.0,5428.6,603.18
C003035,9,34.0,5428.38,603.15
C004333,9,37.0,5427.94,603.1
C013844,11,33.0,5427.85,493.44
C001154,5,24.0,5426.82,1085.36
C007503,8,29.0,5426.75,678.34
C018164,6,28.0,5424.1,904.02
C006498,9,26.0,5423.87,602.65
C002394,8,31.0,5422.97,677.87
C002662,9,24.0,5421.75,602.42
C006139,5,26.0,5420.18,1084.04
C003738,8,23.0,5419.07,677.38
C004146,9,30.0,5418.13,602.01
C018376,6,22.0,5417.65,902.94
C007789,8,30.0,5416.7,677.09
C016015,7,22.0,5415.91,773.7
C007011,9,37.0,5415.38,601.71
C011894,8,32.0,5415.19,676.9
C003014,7,23.0,5413.95,773.42
C003252,8,21.0,5413.78,676.72
C013063,6,25.0,5412.94,902.16
C011640,8,28.0,5412.14,676.52
C003800,6,32.0,5412.11,902.02
C005991,10,29.0,5411.2,541.12
C015667,8,38.0,5410.15,676.27
C004221,7,25.0,5409.94,772.85
C001916,5,20.0,5409.79,1081.96
C016357,8,28.0,5409.71,676.21
C007082,8,29.0,5408.3,676.04
C012014,9,26.0,5408.03,600.89
C014428,6,21.0,5407.66,901.28
C003223,10,38.0,5407.15,540.71
C007286,6,27.0,5407.0,901.17
C006838,6,28.0,5406.93,901.16
C012964,7,24.0,5406.58,772.37
C016380,7,26.0,5405.08,772.15
C008605,5,20.0,5404.2,1080.84
C012925,7,27.0,5403.2,771.89
C008011,7,21.0,5402.74,771.82
C003565,7,23.0,5402.56,771.79
C003471,9,25.0,5402.13,600.24
C003991,7,20.0,5400.63,771.52
C004225,8,31.0,5399.41,674.93
C003640,9,29.0,5399.37,599.93
C006439,9,28.0,5398.05,599.78
C002836,10,30.0,5397.23,539.72
C007894,7,24.0,5397.08,771.01
C013570,8,33.0,5396.49,674.56
C013181,6,24.0,5396.16,899.36
C005195,7,23.0,5395.22,770.75
C015383,6,23.0,5395.03,899.17
C008127,5,24.0,5394.77,1078.95
C017126,5,27.0,5394.23,1078.85
C011646,8,30.0,5393.08,674.14
C018302,4,21.0,5392.88,1348.22
C005346,8,26.0,5392.71,674.09
C017770,7,23.0,5392.14,770.31
C010985,6,26.0,5392.1,898.68
C011942,5,26.0,5389.04,1077.81
C015192,5,22.0,5388.76,1077.75
C012820,6,21.0,5388.61,898.1
C006150,9,26.0,5388.14,598.68
C005761,8,32.0,5387.68,673.46
C003861,8,24.0,5387.38,673.42
C001966,7,31.0,5386.96,769.57
C018611,7,21.0,5386.25,769.46
C003955,7,24.0,5385.97,769.42
C012836,5,26.0,5385.23,1077.05
C017434,8,23.0,5385.11,673.14
C000866,6,28.0,5384.3,897.38
C008115,8,28.0,5382.69,672.84
C013556,4,18.0,5382.42,1345.61
C002533,11,34.0,5382.35,489.3
C018991,5,24.0,5382.19,1076.44
C019002,8,32.0,5381.74,672.72
C000097,7,26.0,5380.53,768.65
C008484,6,27.0,5379.27,896.55
C014424,9,27.0,5379.05,597.67
C016260,6,24.0,5378.27,896.38
C006794,5,22.0,5377.9,1075.58
C006738,4,20.0,5377.58,1344.4
C006642,9,27.0,5377.57,597.51
C005572,6,24.0,5375.86,895.98
C010417,7,24.0,5374.4,767.77
C018146,6,24.0,5374.11,895.69
C000997,8,31.0,5373.73,671.72
C006128,6,25.0,5373.37,895.56
C002399,4,23.0,5372.37,1343.09
C000976,9,31.0,5371.62,596.85
C007037,7,28.0,5371.33,767.33
C003978,8,28.0,5369.98,671.25
C011006,6,20.0,5367.64,894.61
C011182,11,31.0,5365.46,487.77
C001064,7,23.0,5365.0,766.43
C008693,9,26.0,5364.08,596.01
C011826,9,29.0,5362.66,595.85
C017923,6,25.0,5362.09,893.68
C004856,6,19.0,5361.55,893.59
C002540,10,29.0,5361.33,536.13
C000278,5,22.0,5360.88,1072.18
C008467,7,25.0,5360.43,765.78
C013412,10,36.0,5359.65,535.96
C005248,7,23.0,5359.28,765.61
C013528,5,21.0,5358.22,1071.64
C008780,8,27.0,5355.38,669.42
C012658,8,28.0,5355.26,669.41
C004697,5,22.0,5355.24,1071.05
C009684,7,28.0,5355.07,765.01
C006323,10,27.0,5354.72,535.47
C002957,7,25.0,5354.68,764.95
C006615,6,29.0,5354.46,892.41
C002966,7,24.0,5353.61,764.8
C001529,9,33.0,5353.37,594.82
C001492,8,23.0,5353.17,669.15
C012363,6,28.0,5349.86,891.64
C006070,7,24.0,5349.7,764.24
C006739,4,22.0,5349.32,1337.33
C017023,7,24.0,5348.32,764.05
C010874,8,30.0,5347.71,668.46
C008405,8,25.0,5346.85,668.36
C011191,7,24.0,5346.01,763.72
C017490,7,27.0,5345.68,763.67
C016085,5,29.0,5345.61,1069.12
C009415,6,18.0,5344.68,890.78
C006051,14,34.0,5344.3,381.74
C000124,8,26.0,5343.53,667.94
C013078,7,27.0,5343.45,763.35
C017052,6,24.0,5343.43,890.57
C018367,9,27.0,5343.23,593.69
C016171,9,45.0,5342.63,593.63
C000573,6,25.0,5342.61,890.44
C008634,8,27.0,5341.37,667.67
C006596,7,29.0,5341.0,763.0
C015968,6,19.0,5340.0,890.0
C006552,9,25.0,5339.34,593.26
C013187,8,26.0,5339.27,667.41
C003862,6,26.0,5339.02,889.84
C012948,9,28.0,5338.87,593.21
C007844,6,24.0,5337.98,889.66
C014323,6,27.0,5337.72,889.62
C016971,8,30.0,5337.63,667.2
C002614,10,37.0,5336.71,533.67
C012523,8,25.0,5336.05,667.01
C018102,5,27.0,5335.93,1067.19
C017466,6,23.0,5332.35,888.73
C012719,6,24.0,5331.67,888.61
C009219,6,25.0,5331.65,888.61
C000096,10,40.0,5330.07,533.01
C001475,6,19.0,5327.87,887.98
C010401,9,25.0,5327.38,591.93
C001296,8,30.0,5327.05,665.88
C006845,8,32.0,5325.4,665.68
C004080,7,36.0,5325.38,760.77
C002101,7,26.0,5324.86,760.69
C003656,10,27.0,5324.59,532.46
C000316,7,26.0,5321.44,760.21
C017819,10,32.0,5320.94,532.09
C001954,7,25.0,5320.67,760.1
C011002,6,27.0,5320.42,886.74
C007504,6,26.0,5318.98,886.5
C012480,10,32.0,5318.38,531.84
C018426,6,27.0,5318.32,886.39
C009635,6,25.0,5317.51,886.25
C018421,8,24.0,5317.49,664.69
C000684,8,31.0,5316.81,664.6
C004422,4,18.0,5316.52,1329.13
C010135,8,32.0,5315.35,664.42
C008635,5,23.0,5314.41,1062.88
C003055,6,26.0,5312.7,885.45
C011963,7,25.0,5312.06,758.87
C016724,8,28.0,5312.04,664.01
C003642,6,23.0,5311.8,885.3
C006145,10,37.0,5311.74,531.17
C001624,7,26.0,5307.83,758.26
C002561,6,20.0,5307.39,884.57
C014918,6,27.0,5307.12,884.52
C004623,6,26.0,5306.81,884.47
C011357,11,28.0,5306.1,482.37
C017653,5,26.0,5306.0,1061.2
C017297,7,28.0,5305.37,757.91
C018112,9,23.0,5304.49,589.39
C017816,7,26.0,5304.42,757.77
C015707,5,19.0,5303.86,1060.77
C013036,6,24.0,5303.52,883.92
C001402,10,40.0,5302.7,530.27
C011702,7,26.0,5301.7,757.39
C002914,9,28.0,5301.7,589.08
C014970,7,23.0,5301.0,757.29
C016517,14,41.0,5300.73,378.62
C001623,8,27.0,5300.35,662.54
C010813,7,30.0,5299.94,757.13
C019848,8,30.0,5299.87,662.48
C001525,6,29.0,5297.83,882.97
C001049,8,26.0,5297.59,662.2
C002420,8,25.0,5296.85,662.11
C004671,7,24.0,5295.44,756.49
C011851,7,30.0,5295.36,756.48
C003237,7,22.0,5294.94,756.42
C013407,6,29.0,5294.58,882.43
C005729,10,27.0,5294.21,529.42
C007547,9,31.0,5293.54,588.17
C011308,6,21.0,5293.42,882.24
C002239,6,25.0,5292.69,882.11
C015832,6,17.0,5292.61,882.1
C014346,9,23.0,5292.34,588.04
C018472,6,27.0,5291.99,882.0
C000981,6,21.0,5291.7,881.95
C009058,10,29.0,5291.63,529.16
C002826,7,24.0,5291.28,755.9
C018949,6,22.0,5291.05,881.84
C019560,10,27.0,5291.0,529.1
C002756,10,33.0,5288.52,528.85
C002878,6,32.0,5287.97,881.33
C017699,6,24.0,5287.94,881.32
C012525,8,36.0,5287.56,660.95
C015377,5,22.0,5287.28,1057.46
C006372,7,29.0,5287.0,755.29
C002377,9,26.0,5286.5,587.39
C017688,7,27.0,5285.19,755.03
C017684,7,27.0,5285.19,755.03
C018733,5,23.0,5284.44,1056.89
C005776,9,31.0,5282.87,586.99
C004954,6,25.0,5282.84,880.47
C005783,7,25.0,5282.6,754.66
C011912,9,38.0,5282.33,586.93
C018279,6,22.0,5282.14,880.36
C019478,7,28.0,5281.18,754.45
C004654,4,25.0,5280.39,1320.1
C001077,8,27.0,5279.49,659.94
C002237,5,25.0,5279.46,1055.89
C009248,5,25.0,5279.13,1055.83
C007650,10,29.0,5279.0,527.9
C001544,7,21.0,5278.92,754.13
C006880,8,25.0,5276.73,659.59
C008529,5,27.0,5276.22,1055.24
C000864,5,25.0,5275.71,1055.14
C002000,9,37.0,5274.46,586.05
C017865,4,19.0,5274.45,1318.61
C007413,5,24.0,5273.88,1054.78
C008100,5,21.0,5273.82,1054.76
C010069,7,20.0,5273.24,753.32
C004304,8,28.0,5272.51,659.06
C002456,6,25.0,5272.41,878.74
C005909,5,27.0,5271.98,1054.4
C016411,5,25.0,5271.02,1054.2
C014470,9,35.0,5270.62,585.62
C009205,7,24.0,5269.45,752.78
C008071,5,25.0,5269.37,1053.87
C011832,8,39.0,5269.16,658.65
C002593,7,25.0,5268.24,752.61
C007796,9,32.0,5265.86,585.1
C019983,10,27.0,5265.14,526.51
C006278,9,30.0,5264.98,585.0
C001715,7,22.0,5264.79,752.11
C017317,9,30.0,5264.47,584.94
C006524,11,32.0,5263.97,478.54
C008843,9,34.0,5263.91,584.88
C014049,7,28.0,5262.82,751.83
C004860,5,24.0,5259.3,1051.86
C000648,6,21.0,5259.06,876.51
C015476,6,31.0,5258.98,876.5
C000136,11,33.0,5258.83,478.08
C004694,6,23.0,5258.54,876.42
C001224,8,28.0,5258.24,657.28
C014926,6,25.0,5258.23,876.37
C001301,12,33.0,5257.27,438.11
C011590,6,23.0,5256.15,876.03
C003790,11,34.0,5254.96,477.72
C015530,6,30.0,5254.67,875.78
C010475,6,32.0,5254.41,875.74
C008082,5,21.0,5253.56,1050.71
C001512,9,34.0,5249.23,583.25
C000825,7,23.0,5248.82,749.83
C008684,9,31.0,5248.72,583.19
C019602,6,28.0,5247.97,874.66
C015289,7,26.0,5247.88,749.7
C013436,8,24.0,5247.43,655.93
C018345,10,30.0,5247.41,524.74
C006588,11,41.0,5247.11,477.01
C002221,8,30.0,5246.67,655.83
C010414,8,26.0,5246.32,655.79
C006539,10,40.0,5245.36,524.54
C008877,6,21.0,5244.93,874.16
C008901,8,33.0,5244.3,655.54
C000534,7,34.0,5244.2,749.17
C016781,9,36.0,5243.94,582.66
C017349,8,25.0,5243.77,655.47
C009763,9,30.0,5243.71,582.63
C012542,8,23.0,5242.76,655.35
C013435,8,27.0,5242.1,655.26
C007059,6,24.0,5241.22,873.54
C013956,8,31.0,5240.71,655.09
C012946,6,24.0,5239.0,873.17
C001709,8,33.0,5238.82,654.85
C005308,8,28.0,5238.49,654.81
C017014,5,25.0,5238.03,1047.61
C015536,9,27.0,5237.15,581.91
C016125,6,22.0,5235.34,872.56
C015678,7,26.0,5234.41,747.77
C018815,4,17.0,5234.41,1308.6
C000768,6,21.0,5234.33,872.39
C007559,7,28.0,5234.05,747.72
C011465,5,19.0,5232.56,1046.51
C004340,8,27.0,5231.81,653.98
C013807,9,23.0,5230.68,581.19
C002489,7,25.0,5230.21,747.17
C009696,7,20.0,5227.68,746.81
C003093,9,29.0,5227.15,580.79
C001006,8,29.0,5226.53,653.32
C006635,6,29.0,5225.99,871.0
C000535,10,31.0,5225.94,522.59
C012136,6,23.0,5225.48,870.91
C001360,9,34.0,5225.09,580.57
C009558,5,21.0,5223.68,1044.74
C000267,9,34.0,5223.57,580.4
C002851,8,22.0,5223.56,652.95
C000482,11,28.0,5221.68,474.7
C007955,5,22.0,5220.9,1044.18
C008332,6,21.0,5220.79,870.13
C001399,6,30.0,5220.32,870.05
C001345,6,21.0,5219.44,869.91
C005745,7,24.0,5219.39,745.63
C012511,9,30.0,5219.09,579.9
C000906,8,31.0,5218.91,652.36
C013011,5,24.0,5218.71,1043.74
C016786,7,23.0,5218.17,745.45
C018393,6,24.0,5217.12,869.52
C010611,8,30.0,5216.72,652.09
C004263,7,24.0,5216.58,745.23
C002913,7,28.0,5215.85,745.12
C003019,6,28.0,5215.28,869.21
C005467,9,31.0,5215.01,579.45
C017005,7,22.0,5214.89,744.98
C018819,7,24.0,5213.88,744.84
C019541,9,25.0,5213.38,579.26
C017040,4,22.0,5213.22,1303.31
C011609,6,22.0,5211.93,868.66
C001151,7,21.0,5211.4,744.49
C018341,5,24.0,5210.59,1042.12
C016234,7,30.0,5209.8,744.26
C013516,6,24.0,5209.65,868.28
C016017,8,26.0,5209.08,651.14
C000249,9,33.0,5208.75,578.75
C013617,8,32.0,5208.29,651.04
C003559,6,28.0,5207.94,867.99
C001050,5,19.0,5207.77,1041.55
C002497,9,23.0,5207.39,578.6
C007641,7,24.0,5206.97,743.85
C016129,4,23.0,5206.87,1301.72
C001416,8,28.0,5204.66,650.58
C001741,4,21.0,5204.63,1301.16
C008576,6,29.0,5203.82,867.3
C000984,9,24.0,5203.5,578.17
C016691,6,26.0,5203.42,867.24
C005943,7,23.0,5203.3,743.33
C013275,7,27.0,5202.83,743.26
C009755,9,24.0,5202.39,578.04
C009503,6,22.0,5201.78,866.96
C006071,9,39.0,5200.37,577.82
C015331,7,32.0,5199.82,742.83
C012686,7,24.0,5199.23,742.75
C003914,8,31.0,5199.09,649.89
C006418,9,38.0,5198.66,577.63
C017935,9,35.0,5197.93,577.55
C000122,6,28.0,5197.67,866.28
C017663,9,30.0,5197.22,577.47
C014500,6,23.0,5196.84,866.14
C001337,7,31.0,5196.08,742.3
C016311,5,24.0,5196.03,1039.21
C008772,5,25.0,5195.98,1039.2
C001173,9,31.0,5194.74,577.19
C015479,6,23.0,5194.72,865.79
C009649,9,26.0,5194.61,577.18
C015859,6,24.0,5194.32,865.72
C003855,10,32.0,5193.96,519.4
C012661,5,20.0,5193.82,1038.76
C005231,8,29.0,5193.29,649.16
C000155,7,33.0,5193.12,741.87
C011445,4,25.0,5192.64,1298.16
C014525,7,21.0,5192.08,741.73
C003440,8,33.0,5191.57,648.95
C003524,9,22.0,5191.04,576.78
C000812,7,23.0,5189.62,741.37
C004776,4,21.0,5188.58,1297.15
C007095,6,23.0,5188.44,864.74
C012677,5,19.0,5187.73,1037.55
C005899,6,30.0,5187.57,864.59
C016266,8,35.0,5186.92,648.37
C016679,5,19.0,5186.61,1037.32
C014963,5,22.0,5186.46,1037.29
C002637,6,27.0,5185.95,864.33
C015825,6,32.0,5184.0,864.0
C015991,8,39.0,5183.46,647.93
C016729,6,22.0,5183.38,863.9
C004778,8,22.0,5182.3,647.79
C012615,6,25.0,5182.25,863.71
C002338,10,30.0,5182.24,518.22
C009016,11,30.0,5178.88,470.81
C006271,8,25.0,5178.8,647.35
C004301,10,34.0,5178.37,517.84
C002327,6,25.0,5178.21,863.04
C012580,7,28.0,5177.87,739.7
C011443,8,30.0,5177.66,647.21
C007046,7,20.0,5177.09,739.58
C014707,8,23.0,5176.0,647.0
C019568,9,26.0,5175.51,575.06
C005146,12,30.0,5174.52,431.21
C004151,7,27.0,5173.63,739.09
C005955,7,36.0,5173.1,739.01
C002622,8,30.0,5172.42,646.55
C012810,7,24.0,5172.08,738.87
C007952,5,22.0,5171.8,1034.36
C016326,6,20.0,5168.36,861.39
C014080,9,28.0,5168.19,574.24
C018502,8,26.0,5167.74,645.97
C014394,7,24.0,5165.43,737.92
C004982,6,24.0,5165.39,860.9
C015037,10,30.0,5164.1,516.41
C013603,7,31.0,5164.1,737.73
C016149,5,26.0,5163.58,1032.72
C013989,7,23.0,5163.18,737.6
C003734,9,39.0,5162.24,573.58
C012067,3,15.0,5161.88,1720.63
C003370,9,25.0,5161.85,573.54
C011727,5,22.0,5161.57,1032.31
C008943,5,29.0,5161.27,1032.25
C013444,7,23.0,5161.25,737.32
C000746,8,28.0,5160.33,645.04
C011014,6,32.0,5160.18,860.03
C007966,6,18.0,5159.27,859.88
C014534,7,23.0,5158.47,736.92
C009411,7,28.0,5157.44,736.78
C015187,7,26.0,5157.37,736.77
C012034,7,22.0,5156.1,736.59
C014213,6,28.0,5154.42,859.07
C008833,8,31.0,5153.7,644.21
C000434,8,27.0,5153.48,644.18
C019332,8,27.0,5152.73,644.09
C018608,7,24.0,5152.7,736.1
C003306,11,35.0,5152.66,468.42
C000212,7,22.0,5152.47,736.07
C010792,7,24.0,5152.38,736.05
C004706,6,27.0,5152.17,858.7
C017879,6,30.0,5150.16,858.36
C016532,6,25.0,5149.85,858.31
C001012,8,30.0,5149.7,643.71
C004835,4,21.0,5148.21,1287.05
C002254,9,28.0,5147.55,571.95
C017777,8,25.0,5147.25,643.41
C000875,7,32.0,5145.61,735.09
C015834,6,30.0,5144.78,857.46
C002961,7,31.0,5144.37,734.91
C002776,8,28.0,5144.24,643.03
C019927,7,23.0,5143.18,734.74
C011589,6,26.0,5140.52,856.75
C006538,5,22.0,5139.6,1027.92
C017950,7,24.0,5139.23,734.18
C001036,8,29.0,5138.95,642.37
C009359,6,21.0,5136.29,856.05
C009466,5,27.0,5136.11,1027.22
C014632,7,27.0,5135.99,733.71
C004241,6,18.0,5135.84,855.97
C002343,9,28.0,5135.7,570.63
C006852,10,35.0,5135.29,513.53
C006460,8,25.0,5134.01,641.75
C004087,7,33.0,5134.01,733.43
C007289,6,23.0,5132.91,855.49
C005167,9,23.0,5132.84,570.32
C002284,9,29.0,5132.46,570.27
C006197,7,35.0,5131.64,733.09
C013799,7,23.0,5131.4,733.06
C009235,10,29.0,5131.3,513.13
C002070,6,23.0,5130.37,855.06
C005168,5,21.0,5130.17,1026.03
C004591,6,32.0,5128.34,854.72
C005212,8,28.0,5127.76,640.97
C003675,8,29.0,5127.13,640.89
C015274,7,25.0,5123.85,731.98
C014817,6,23.0,5123.05,853.84
C004665,7,24.0,5122.28,731.75
C017942,4,24.0,5121.91,1280.48
C017635,8,25.0,5121.29,640.16
C013733,4,21.0,5121.25,1280.31
C001921,7,24.0,5120.98,731.57
C008188,5,21.0,5120.58,1024.12
C017054,6,25.0,5120.57,853.43
C001569,7,31.0,5120.55,731.51
C000777,9,21.0,5119.69,568.85
C018133,6,26.0,5118.64,853.11
C017374,9,29.0,5118.55,568.73
C008768,6,36.0,5117.89,852.98
C013931,6,22.0,5117.58,852.93
C007324,7,27.0,5116.63,730.95
C006681,5,22.0,5115.63,1023.13
C001555,9,29.0,5114.07,568.23
C008054,7,31.0,5113.49,730.5
C016603,6,20.0,5113.39,852.23
C000683,6,18.0,5113.39,852.23
C010811,6,25.0,5111.27,851.88
C014865,7,29.0,5110.42,730.06
C009704,7,23.0,5110.26,730.04
C014638,7,23.0,5109.7,729.96
C006962,7,24.0,5109.37,729.91
C005818,8,26.0,5109.06,638.63
C012902,5,19.0,5108.62,1021.72
C003355,6,26.0,5108.44,851.41
C007885,9,25.0,5108.42,567.6
C018715,6,19.0,5108.03,851.34
C008827,5,25.0,5107.45,1021.49
C004886,7,32.0,5106.5,729.5
C003436,7,25.0,5106.23,729.46
C000553,9,31.0,5105.84,567.32
C008571,6,20.0,5104.69,850.78
C005505,8,19.0,5102.91,637.86
C008805,6,20.0,5102.91,850.49
C015642,5,21.0,5102.3,1020.46
C011295,9,23.0,5101.84,566.87
C001371,5,22.0,5101.32,1020.26
C006545,8,24.0,5100.62,637.58
C012763,8,33.0,5100.6,637.58
C017580,7,27.0,5099.73,728.53
C000941,6,22.0,5098.79,849.8
C010867,8,26.0,5097.78,637.22
C001614,10,24.0,5095.76,509.58
C019354,5,29.0,5095.67,1019.13
C008747,8,26.0,5095.66,636.96
C009141,10,27.0,5093.97,509.4
C003309,11,35.0,5092.48,462.95
C014308,5,30.0,5092.36,1018.47
C000572,8,28.0,5092.14,636.52
C011432,6,28.0,5092.09,848.68
C000431,6,26.0,5091.18,848.53
C004688,8,23.0,5090.03,636.25
C001969,8,31.0,5088.47,636.06
C006255,6,26.0,5087.57,847.93
C007590,8,21.0,5087.24,635.91
C016917,4,20.0,5086.96,1271.74
C010720,7,22.0,5086.54,726.65
C005854,7,29.0,5086.5,726.64
C001469,6,29.0,5086.23,847.71
C002588,8,25.0,5085.32,635.67
C012212,8,26.0,5085.29,635.66
C015090,7,24.0,5085.0,726.43
C002066,6,24.0,5084.72,847.45
C011534,6,23.0,5084.07,847.34
C006892,10,31.0,5083.39,508.34
C000569,5,23.0,5083.04,1016.61
C010775,6,28.0,5082.96,847.16
C007666,10,26.0,5081.34,508.13
C017394,3,17.0,5080.97,1693.66
C001389,8,23.0,5080.92,635.12
C018635,7,25.0,5079.58,725.65
C004678,8,28.0,5078.52,634.82
C016195,6,27.0,5077.94,846.32
C010935,6,20.0,5076.65,846.11
C010478,9,25.0,5076.31,564.03
C004038,8,25.0,5075.47,634.43
C015223,7,28.0,5075.16,725.02
C018212,7,26.0,5074.19,724.88
C002265,10,26.0,5073.91,507.39
C006268,8,35.0,5073.64,634.21
C015772,7,35.0,5072.64,724.66
C019774,8,31.0,5072.31,634.04
C000499,9,30.0,5070.12,563.35
C015026,8,42.0,5069.45,633.68
C009125,6,18.0,5069.04,844.84
C000327,9,26.0,5068.78,563.2
C018093,9,22.0,5068.71,563.19
C007651,6,23.0,5067.41,844.57
C014529,8,21.0,5065.63,633.2
C002623,7,26.0,5065.46,723.64
C010934,5,20.0,5064.82,1012.96
C010375,6,24.0,5064.12,844.02
C006855,5,22.0,5063.98,1012.8
C003517,10,25.0,5063.11,506.31
C017896,7,20.0,5062.71,723.24
C006022,9,24.0,5061.98,562.44
C012883,6,25.0,5061.41,843.57
C000263,8,31.0,5061.09,632.64
C019233,4,21.0,5059.38,1264.85
C017414,9,31.0,5058.27,562.03
C010882,6,27.0,5058.18,843.03
C008763,5,25.0,5057.88,1011.58
C019681,8,20.0,5057.35,632.17
C017967,8,33.0,5054.76,631.85
C018356,8,26.0,5054.39,631.8
C005679,4,20.0,5054.02,1263.51
C016615,7,24.0,5053.47,721.92
C019492,7,32.0,5051.98,721.71
C010363,12,28.0,5051.98,421.0
C011171,7,21.0,5051.92,721.7
C005932,7,21.0,5051.36,721.62
C013355,5,18.0,5051.09,1010.22
C005730,8,20.0,5050.07,631.26
C004570,8,33.0,5048.33,631.04
C002555,6,20.0,5047.25,841.21
C003489,5,21.0,5046.69,1009.34
C008064,8,27.0,5045.9,630.74
C006232,7,26.0,5045.13,720.73
C001387,6,22.0,5044.42,840.74
C000068,7,23.0,5043.64,720.52
C006275,8,23.0,5043.21,630.4
C005319,7,27.0,5043.09,720.44
C008980,8,38.0,5043.01,630.38
C008020,7,26.0,5042.46,720.35
C017503,7,30.0,5042.06,720.29
C000426,10,33.0,5041.9,504.19
C005716,9,28.0,5041.2,560.13
C004017,8,28.0,5040.84,630.11
C003083,8,28.0,5040.53,630.07
C012830,5,18.0,5039.96,1007.99
C015269,6,20.0,5039.15,839.86
C001319,5,25.0,5039.14,1007.83
C000608,7,23.0,5038.91,719.84
C018594,7,23.0,5038.77,719.82
C003727,7,23.0,5035.95,719.42
C005722,9,25.0,5035.8,559.53
C016715,7,27.0,5035.54,719.36
C000382,8,31.0,5034.0,629.25
C005947,10,30.0,5032.99,503.3
C007887,8,26.0,5032.91,629.11
C009264,6,20.0,5032.69,838.78
C001790,8,21.0,5032.47,629.06
C006513,3,23.0,5031.97,1677.32
C008754,3,18.0,5031.69,1677.23
C014798,6,22.0,5029.91,838.32
C016585,8,31.0,5029.59,628.7
C014936,7,30.0,5029.0,718.43
C007345,9,31.0,5028.91,558.77
C017078,8,27.0,5028.29,628.54
C001852,8,28.0,5027.9,628.49
C004032,9,38.0,5027.66,558.63
C012219,5,19.0,5027.47,1005.49
C001097,10,24.0,5027.22,502.72
C004313,9,35.0,5025.89,558.43
C019693,7,27.0,5025.39,717.91
C006967,10,29.0,5025.09,502.51
C014021,9,25.0,5024.01,558.22
C006481,5,22.0,5023.57,1004.71
C002384,8,29.0,5023.55,627.94
C007038,7,24.0,5023.55,717.65
C013186,4,18.0,5022.82,1255.71
C018671,6,27.0,5022.23,837.04
C013478,7,24.0,5022.07,717.44
C019272,5,19.0,5021.73,1004.35
C012656,12,30.0,5021.29,418.44
C001831,7,27.0,5019.85,717.12
C014873,7,19.0,5019.72,717.1
C019207,7,24.0,5019.38,717.05
C005875,7,36.0,5018.75,716.96
C011476,7,20.0,5018.01,716.86
C004130,8,30.0,5017.87,627.23
C013559,4,18.0,5017.67,1254.42
C010857,7,26.0,5017.65,716.81
C011442,9,25.0,5017.28,557.48
C014466,8,23.0,5015.39,626.92
C009473,7,30.0,5014.71,716.39
C007753,6,24.0,5014.38,835.73
C010253,8,25.0,5013.86,626.73
C016951,5,23.0,5013.48,1002.7
C002362,9,25.0,5009.91,556.66
C008925,10,26.0,5009.56,500.96
C004460,5,20.0,5008.83,1001.77
C006806,11,37.0,5008.76,455.34
C015815,6,19.0,5008.44,834.74
C010668,7,28.0,5008.37,715.48
C004412,6,23.0,5007.95,834.66
C011780,6,22.0,5006.04,834.34
C015046,8,28.0,5005.69,625.71
C000732,6,28.0,5005.15,834.19
C001506,9,35.0,5004.95,556.11
C014421,10,27.0,5003.37,500.34
C007366,6,29.0,5002.84,833.81
C019921,6,23.0,5002.59,833.77
C016364,7,27.0,5002.0,714.57
C016031,5,23.0,5001.86,1000.37
C008275,4,23.0,5001.45,1250.36
C004257,7,24.0,5001.12,714.45
C014398,5,19.0,4999.99,1000.0
C006248,11,31.0,4997.44,454.31
C000724,5,20.0,4996.55,999.31
C010179,7,30.0,4994.83,713.55
C003209,9,37.0,4994.74,554.97
C013274,8,28.0,4994.19,624.27
C007580,9,27.0,4992.95,554.77
C009049,8,31.0,4992.9,624.11
C006327,6,26.0,4992.74,832.12
C006631,10,26.0,4992.01,499.2
C005429,10,32.0,4991.38,499.14
C013575,6,26.0,4990.72,831.79
C014082,6,18.0,4990.47,831.75
C019747,7,21.0,4990.01,712.86
C002423,10,30.0,4989.85,498.99
C013149,9,31.0,4989.54,554.39
C019409,5,23.0,4989.54,997.91
C009269,9,24.0,4989.43,554.38
C019538,6,23.0,4989.35,831.56
C014766,10,25.0,4988.59,498.86
C005862,9,29.0,4988.28,554.25
C014999,8,24.0,4987.88,623.49
C015317,8,27.0,4986.07,623.26
C014980,11,37.0,4985.73,453.25
C010264,7,21.0,4985.58,712.23
C005162,7,27.0,4985.38,712.2
C013364,5,28.0,4983.34,996.67
C000031,11,25.0,4983.28,453.03
C009067,7,24.0,4982.46,711.78
C002030,7,29.0,4981.11,711.59
C008604,7,24.0,4980.46,711.49
C007342,6,27.0,4979.36,829.89
C015349,9,26.0,4979.29,553.25
C008137,9,35.0,4979.14,553.24
C016540,7,25.0,4977.36,711.05
C012462,8,26.0,4977.03,622.13
C004714,9,33.0,4975.32,552.81
C007417,8,22.0,4974.37,621.8
C012663,4,18.0,4973.66,1243.42
C004030,8,22.0,4973.55,621.69
C013192,7,27.0,4973.23,710.46
C000883,4,22.0,4973.16,1243.29
C015018,7,26.0,4972.97,710.42
C019083,5,21.0,4971.83,994.37
C011579,7,21.0,4970.84,710.12
C000396,6,20.0,4970.2,828.37
C007214,7,24.0,4969.59,709.94
C011764,7,27.0,4968.92,709.85
C011622,8,28.0,4968.92,621.12
C015884,7,26.0,4967.79,709.68
C002671,7,31.0,4967.73,709.68
C018940,8,29.0,4967.39,620.92
C010429,8,26.0,4966.31,620.79
C010031,4,26.0,4966.19,1241.55
C017556,7,23.0,4966.0,709.43
C017378,8,27.0,4966.0,620.75
C002189,8,24.0,4965.09,620.64
C012445,9,26.0,4964.69,551.63
C012420,8,25.0,4964.47,620.56
C003134,7,33.0,4964.32,709.19
C002100,7,19.0,4963.79,709.11
C015031,7,28.0,4963.68,709.1
C001550,7,19.0,4963.45,709.06
C011686,7,20.0,4962.68,708.95
C000182,8,22.0,4962.59,620.32
C013496,8,25.0,4962.2,620.28
C019951,6,20.0,4962.08,827.01
C006334,7,24.0,4961.2,708.74
C002709,6,21.0,4960.57,826.76
C000490,8,23.0,4958.74,619.84
C014954,6,25.0,4958.37,826.4
C011759,6,18.0,4958.15,826.36
C000494,7,28.0,4957.95,708.28
C000579,7,25.0,4957.88,708.27
C003161,9,25.0,4956.53,550.73
C003015,10,25.0,4956.06,495.61
C017279,6,26.0,4954.7,825.78
C015036,6,20.0,4954.28,825.71
C000850,6,20.0,4954.19,825.7
C012031,6,20.0,4953.99,825.67
C017012,7,27.0,4953.09,707.58
C012723,8,30.0,4952.99,619.12
C009347,8,28.0,4951.49,618.94
C002149,7,27.0,4947.35,706.76
C018958,7,26.0,4947.28,706.75
C000691,6,22.0,4946.79,824.47
C008944,7,26.0,4945.91,706.56
C010236,5,27.0,4945.85,989.17
C013439,8,24.0,4945.52,618.19
C005756,8,31.0,4945.37,618.17
C019753,4,22.0,4945.36,1236.34
C012170,8,23.0,4945.2,618.15
C017315,9,28.0,4944.58,549.4
C019212,6,21.0,4943.49,823.92
C006975,9,23.0,4942.96,549.22
C008920,8,31.0,4942.8,617.85
C006650,7,21.0,4942.07,706.01
C014676,9,25.0,4941.64,549.07
C005235,5,26.0,4941.11,988.22
C008553,5,21.0,4940.96,988.19
C015562,6,25.0,4940.73,823.46
C013025,6,23.0,4940.13,823.36
C003147,6,23.0,4939.69,823.28
C008184,7,22.0,4939.07,705.58
C015161,8,25.0,4938.56,617.32
C018016,8,24.0,4937.37,617.17
C007616,6,25.0,4935.71,822.62
C001467,9,23.0,4935.34,548.37
C015038,9,26.0,4934.94,548.33
C001488,7,21.0,4934.8,704.97
C010692,7,25.0,4934.07,704.87
C004278,7,31.0,4933.89,704.84
C004447,6,23.0,4932.95,822.16
C015442,6,22.0,4932.76,822.13
C012822,5,21.0,4931.85,986.37
C003334,7,19.0,4930.76,704.39
C002012,7,20.0,4929.52,704.22
C003136,7,23.0,4929.14,704.16
C008360,6,26.0,4929.11,821.52
C013851,6,20.0,4928.82,821.47
C008628,6,28.0,4928.61,821.44
C010178,6,23.0,4928.49,821.42
C014872,4,21.0,4927.65,1231.91
C018181,3,18.0,4927.53,1642.51
C002741,7,29.0,4927.41,703.92
C000774,8,23.0,4926.09,615.76
C002025,9,33.0,4926.05,547.34
C002865,9,26.0,4925.08,547.23
C016248,9,29.0,4925.05,547.23
C019357,5,23.0,4924.4,984.88
C016865,6,20.0,4923.73,820.62
C002855,7,24.0,4922.85,703.26
C000301,9,22.0,4922.16,546.91
C016696,8,27.0,4921.5,615.19
C009382,7,26.0,4919.49,702.78
C005501,7,26.0,4919.01,702.72
C013357,5,25.0,4918.72,983.74
C015897,8,22.0,4918.57,614.82
C000583,8,24.0,4918.39,614.8
C017673,7,26.0,4917.95,702.56
C013925,9,34.0,4917.13,546.35
C016313,4,20.0,4916.85,1229.21
C008621,9,26.0,4916.46,546.27
C017368,7,22.0,4915.2,702.17
C013560,9,27.0,4915.0,546.11
C005127,8,20.0,4914.19,614.27
C005530,8,30.0,4913.7,614.21
C007564,6,22.0,4913.66,818.94
C006785,8,29.0,4913.38,614.17
C007671,8,32.0,4911.46,613.93
C004774,7,24.0,4911.43,701.63
C016179,8,29.0,4910.76,613.85
C000164,7,28.0,4910.68,701.53
C003188,8,27.0,4910.52,613.82
C010854,6,28.0,4910.02,818.34
C016076,4,15.0,4909.99,1227.5
C007851,9,29.0,4908.58,545.4
C005896,7,23.0,4907.98,701.14
C014176,7,21.0,4907.19,701.03
C019720,4,19.0,4907.0,1226.75
C010632,8,26.0,4906.75,613.34
C008402,6,21.0,4906.65,817.78
C010165,10,35.0,4906.46,490.65
C000890,6,20.0,4906.2,817.7
C008466,6,21.0,4905.51,817.59
C006724,11,31.0,4903.78,445.8
C009775,6,21.0,4903.59,817.27
C010693,7,20.0,4902.92,700.42
C015278,5,21.0,4902.64,980.53
C017630,7,33.0,4902.63,700.38
C008525,8,21.0,4902.21,612.78
C000592,6,25.0,4900.01,816.67
C000575,11,37.0,4899.73,445.43
C005790,5,22.0,4899.3,979.86
C011331,9,32.0,4898.88,544.32
C005245,5,18.0,4897.59,979.52
C002193,10,29.0,4897.39,489.74
C018060,5,20.0,4897.34,979.47
C006842,6,24.0,4897.18,816.2
C007343,5,22.0,4896.97,979.39
C005320,8,29.0,4896.81,612.1
C001411,5,19.0,4896.02,979.2
C000213,7,25.0,4895.92,699.42
C011075,4,23.0,4895.19,1223.8
C000271,4,20.0,4894.53,1223.63
C013498,7,24.0,4894.4,699.2
C018415,7,23.0,4893.97,699.14
C003688,7,22.0,4893.7,699.1
C005718,7,32.0,4893.26,699.04
C002382,9,22.0,4893.05,543.67
C002594,9,27.0,4892.55,543.62
C002250,5,28.0,4892.45,978.49
C015571,5,23.0,4891.66,978.33
C001500,6,23.0,4891.22,815.2
C000311,8,31.0,4890.76,611.35
C007187,11,23.0,4890.62,444.6
C015179,8,21.0,4889.3,611.16
C000089,6,25.0,4887.47,814.58
C012976,6,22.0,4887.02,814.5
C006815,7,28.0,4886.72,698.1
C005713,4,20.0,4885.17,1221.29
C001057,9,21.0,4884.33,542.7
C003954,7,26.0,4883.72,697.67
C019177,8,26.0,4883.71,610.46
C019444,7,29.0,4883.52,697.65
C019056,7,23.0,4883.38,697.63
C001696,8,26.0,4882.73,610.34
C008526,6,25.0,4881.98,813.66
C018648,7,28.0,4881.07,697.3
C008873,9,24.0,4880.51,542.28
C010240,9,25.0,4880.39,542.27
C000244,7,23.0,4880.08,697.15
C006489,7,24.0,4879.83,697.12
C000438,12,33.0,4879.79,406.65
C001606,10,29.0,4879.64,487.96
C005073,3,19.0,4878.07,1626.02
C018917,8,25.0,4876.76,609.6
C011971,5,21.0,4875.58,975.12
C013578,10,36.0,4875.41,487.54
C004321,6,22.0,4875.28,812.55
C002848,4,20.0,4875.16,1218.79
C015338,8,24.0,4874.91,609.36
C004287,5,22.0,4874.57,974.91
C001891,4,23.0,4874.38,1218.6
C018300,7,26.0,4873.98,696.28
C008199,7,27.0,4871.94,695.99
C018606,7,24.0,4871.57,695.94
C013530,5,20.0,4871.23,974.25
C010833,8,27.0,4870.69,608.84
C017333,10,26.0,4870.27,487.03
C008123,7,25.0,4870.24,695.75
C019646,7,22.0,4870.05,695.72
C008578,7,19.0,4868.42,695.49
C000992,8,24.0,4868.35,608.54
C001007,6,20.0,4868.32,811.39
C000729,7,25.0,4868.08,695.44
C019728,9,29.0,4866.99,540.78
C004433,8,24.0,4866.87,608.36
C003460,7,27.0,4865.9,695.13
C001648,9,32.0,4865.65,540.63
C001817,9,27.0,4865.39,540.6
C004254,5,21.0,4864.92,972.98
C009005,6,27.0,4864.68,810.78
C000666,8,35.0,4864.61,608.08
C010760,8,25.0,4864.57,608.07
C001487,7,22.0,4864.56,694.94
C013647,5,21.0,4863.24,972.65
C016530,5,19.0,4862.92,972.58
C013480,9,29.0,4862.72,540.3
C005239,7,22.0,4862.63,694.66
C019105,5,20.0,4862.58,972.52
C005479,6,24.0,4861.63,810.27
C019598,8,25.0,4861.06,607.63
C003319,7,20.0,4860.76,694.39
C002129,4,22.0,4860.5,1215.13
C000379,7,22.0,4859.71,694.24
C014001,6,22.0,4859.59,809.93
C015107,9,22.0,4859.24,539.92
C006512,6,23.0,4858.8,809.8
C017121,5,18.0,4858.68,971.74
C003805,10,27.0,4858.49,485.85
C004115,5,19.0,4858.13,971.63
C002018,3,19.0,4858.08,1619.36
C004588,8,31.0,4857.68,607.21
C004558,8,24.0,4857.24,607.16
C016583,6,22.0,4857.08,809.51
C004642,7,24.0,4856.99,693.86
C003384,5,20.0,4856.97,971.39
C016949,6,23.0,4856.96,809.49
C003705,9,32.0,4856.94,539.66
C015964,5,23.0,4856.73,971.35
C009173,8,23.0,4856.3,607.04
C012645,10,24.0,4855.81,485.58
C003210,10,27.0,4855.5,485.55
C002437,6,27.0,4854.66,809.11
C005298,5,23.0,4854.5,970.9
C005861,8,24.0,4852.67,606.58
C016999,5,24.0,4851.79,970.36
C017593,8,24.0,4850.47,606.31
C015265,6,28.0,4850.1,808.35
C003854,6,24.0,4849.55,808.26
C009715,7,21.0,4849.36,692.77
C009819,8,30.0,4848.19,606.02
C000528,3,16.0,4847.42,1615.81
C001338,6,26.0,4847.38,807.9
C003859,8,24.0,4846.05,605.76
C005830,6,26.0,4845.97,807.66
C003263,9,25.0,4845.24,538.36
C012683,7,26.0,4843.99,692.0
C009396,7,24.0,4843.95,691.99
C016368,9,28.0,4843.61,538.18
C001513,6,21.0,4842.32,807.05
C004670,6,26.0,4839.96,806.66
C001910,8,25.0,4839.11,604.89
C002702,8,26.0,4838.84,604.86
C015594,7,26.0,4837.9,691.13
C007602,6,24.0,4837.78,806.3
C006341,6,29.0,4837.52,806.25
C007190,6,25.0,4836.97,806.16
C003070,7,27.0,4836.57,690.94
C010570,6,20.0,4835.33,805.89
C003094,5,28.0,4835.18,967.04
C016019,5,22.0,4834.54,966.91
C012914,5,26.0,4834.51,966.9
C005900,7,24.0,4834.43,690.63
C013586,6,20.0,4834.07,805.68
C005523,6,24.0,4834.05,805.68
C005035,8,28.0,4832.91,604.11
C012002,8,21.0,4832.2,604.03
C002138,5,18.0,4831.89,966.38
C013535,7,21.0,4831.7,690.24
C011310,7,31.0,4831.53,690.22
C000814,4,20.0,4831.45,1207.86
C006339,10,31.0,4831.21,483.12
C018997,7,27.0,4830.53,690.08
C002298,10,35.0,4829.69,482.97
C017966,8,23.0,4829.02,603.63
C008409,4,20.0,4828.93,1207.23
C009485,7,24.0,4828.39,689.77
C012837,6,25.0,4828.34,804.72
C014919,5,23.0,4828.31,965.66
C018334,5,21.0,4828.28,965.66
C001027,6,24.0,4827.96,804.66
C001047,6,19.0,4827.55,804.59
C004645,6,23.0,4827.19,804.53
C013627,5,25.0,4827.17,965.43
C006036,5,20.0,4827.13,965.43
C008333,10,25.0,4826.67,482.67
C000090,7,21.0,4826.17,689.45
C006088,7,22.0,4826.15,689.45
C010878,8,27.0,4825.33,603.17
C006435,7,28.0,4824.07,689.15
C018683,9,28.0,4823.68,535.96
C007148,6,23.0,4823.66,803.94
C011387,5,23.0,4823.4,964.68
C018539,9,28.0,4822.3,535.81
C014300,7,24.0,4821.72,688.82
C018271,5,20.0,4821.71,964.34
C008317,7,21.0,4820.18,688.6
C003229,6,23.0,4820.05,803.34
C000570,10,34.0,4820.01,482.0
C012535,8,33.0,4818.86,602.36
C010052,5,20.0,4818.83,963.77
C002777,10,25.0,4818.14,481.81
C009955,9,18.0,4817.84,535.32
C011204,7,25.0,4817.65,688.24
C003029,9,30.0,4817.21,535.25
C005884,4,17.0,4817.01,1204.25
C010256,5,22.0,4815.83,963.17
C009487,5,17.0,4813.12,962.62
C008459,7,28.0,4812.78,687.54
C001003,9,28.0,4811.59,534.62
C013231,9,32.0,4811.05,534.56
C007907,6,28.0,4810.95,801.83
C018939,6,25.0,4810.82,801.8
C000855,8,25.0,4810.52,601.32
C017729,8,30.0,4810.26,601.28
C015330,7,25.0,4810.05,687.15
C003315,6,27.0,4809.88,801.65
C009123,5,28.0,4809.71,961.94
C019168,7,25.0,4809.16,687.02
C006364,7,24.0,4808.43,686.92
C018066,8,29.0,4807.83,600.98
C014700,10,28.0,4807.57,480.76
C001043,6,19.0,4807.54,801.26
C000179,8,29.0,4807.41,600.93
C003172,6,19.0,4807.18,801.2
C019301,7,23.0,4807.0,686.71
C018596,8,25.0,4806.92,600.87
C003238,5,21.0,4806.87,961.37
C007053,7,26.0,4806.23,686.6
C008682,10,25.0,4805.71,480.57
C006276,8,32.0,4805.44,600.68
C010983,7,32.0,4805.35,686.48
C015507,5,23.0,4804.47,960.89
C019954,7,26.0,4803.55,686.22
C017722,7,25.0,4803.42,686.2
C004610,4,21.0,4803.28,1200.82
C000642,10,31.0,4803.18,480.32
C009004,6,20.0,4801.54,800.26
C001670,8,25.0,4801.16,600.15
C014229,8,25.0,4800.63,600.08
C001300,5,22.0,4800.42,960.08
C005109,7,28.0,4800.17,685.74
C016931,6,20.0,4800.14,800.02
C016866,10,38.0,4799.35,479.94
C000017,11,35.0,4799.21,436.29
C011018,4,21.0,4799.08,1199.77
C016014,4,19.0,4799.01,1199.75
C000429,8,34.0,4798.93,599.87
C011899,5,18.0,4798.25,959.65
C006403,8,30.0,4797.64,599.71
C010725,6,25.0,4797.61,799.6
C014701,8,26.0,4797.55,599.69
C018908,3,19.0,4796.99,1599.0
C010407,6,21.0,4796.5,799.42
C005054,6,22.0,4795.27,799.21
C019836,9,30.0,4795.2,532.8
C007584,8,24.0,4794.27,599.28
C009777,10,27.0,4793.57,479.36
C011163,5,18.0,4791.46,958.29
C015460,5,27.0,4789.7,957.94
C003592,7,22.0,4789.53,684.22
C016457,6,23.0,4789.52,798.25
C016638,4,20.0,4789.01,1197.25
C000138,9,27.0,4788.87,532.1
C007387,6,28.0,4788.85,798.14
C018814,6,27.0,4787.66,797.94
C004881,9,27.0,4787.58,531.95
C005769,8,24.0,4787.43,598.43
C002369,6,31.0,4786.25,797.71
C017964,5,27.0,4785.99,957.2
C003809,10,24.0,4785.57,478.56
C003088,7,25.0,4785.4,683.63
C000759,6,27.0,4785.18,797.53
C006704,7,27.0,4785.15,683.59
C001915,8,22.0,4785.07,598.13
C000789,8,31.0,4784.92,598.12
C014733,6,24.0,4784.87,797.48
C005410,5,19.0,4784.25,956.85
C006790,5,18.0,4784.08,956.82
C000551,5,19.0,4783.24,956.65
C006174,6,23.0,4782.82,797.14
C010232,10,35.0,4782.81,478.28
C009666,6,23.0,4782.67,797.11
C011719,6,19.0,4782.51,797.09
C001188,8,24.0,4782.02,597.75
C018195,4,18.0,4781.96,1195.49
C000215,8,20.0,4779.07,597.38
C006942,5,18.0,4778.64,955.73
C006083,6,22.0,4778.28,796.38
C016557,6,22.0,4777.81,796.3
C010960,5,22.0,4776.79,955.36
C007155,5,22.0,4776.75,955.35
C013830,4,19.0,4776.69,1194.17
C006164,5,26.0,4776.12,955.22
C008847,6,26.0,4775.92,795.99
C014178,7,30.0,4775.49,682.21
C019860,6,24.0,4775.43,795.91
C013417,6,21.0,4775.26,795.88
C002342,7,23.0,4775.03,682.15
C005911,8,25.0,4774.18,596.77
C010941,9,24.0,4773.12,530.35
C001699,6,21.0,4771.87,795.31
C018620,4,21.0,4771.27,1192.82
C013770,9,34.0,4770.08,530.01
C006629,8,24.0,4769.91,596.24
C016876,8,32.0,4769.45,596.18
C005812,5,24.0,4767.84,953.57
C007296,5,20.0,4767.47,953.49
C002656,9,34.0,4767.41,529.71
C001947,6,22.0,4767.31,794.55
C012326,6,17.0,4767.24,794.54
C005675,8,27.0,4767.22,595.9
C019011,7,26.0,4767.11,681.02
C012235,9,23.0,4766.91,529.66
C019789,8,34.0,4766.76,595.85
C006860,6,24.0,4766.72,794.45
C015359,7,24.0,4766.41,680.92
C005257,8,26.0,4765.35,595.67
C007384,5,19.0,4765.0,953.0
C000083,5,18.0,4762.38,952.48
C016764,6,24.0,4762.36,793.73
C016493,7,19.0,4761.77,680.25
C007523,7,21.0,4761.74,680.25
C001152,8,30.0,4761.59,595.2
C002022,6,15.0,4761.1,793.52
C007936,6,21.0,4760.12,793.35
C004942,6,22.0,4759.28,793.21
C001943,6,23.0,4758.66,793.11
C016869,4,17.0,4758.31,1189.58
C016370,5,20.0,4757.39,951.48
C004026,7,28.0,4756.41,679.49
C008121,6,26.0,4756.17,792.7
C001086,9,25.0,4756.15,528.46
C013903,5,23.0,4755.32,951.06
C015548,6,24.0,4754.74,792.46
C018365,6,22.0,4754.48,792.41
C004937,7,27.0,4754.46,679.21
C003409,7,22.0,4752.86,678.98
C000975,5,25.0,4752.52,950.5
C001595,8,27.0,4751.24,593.91
C000408,7,25.0,4749.62,678.52
C006528,7,24.0,4749.51,678.5
C019531,7,25.0,4748.71,678.39
C009338,9,33.0,4748.62,527.62
C009127,6,31.0,4747.66,791.28
C011036,7,19.0,4747.25,678.18
C011325,6,25.0,4747.19,791.2
C016064,6,23.0,4747.03,791.17
C006725,6,19.0,4746.1,791.02
C007490,7,22.0,4746.03,678.0
C015618,7,20.0,4745.95,677.99
C005495,12,32.0,4745.85,395.49
C009524,6,21.0,4743.66,790.61
C006264,6,21.0,4743.37,790.56
C001668,5,20.0,4743.18,948.64
C005154,5,22.0,4742.8,948.56
C001605,6,21.0,4742.51,790.42
C003799,9,31.0,4742.44,526.94
C013674,7,24.0,4742.25,677.46
C011672,6,23.0,4741.88,790.31
C006455,7,20.0,4741.48,677.35
C000390,9,24.0,4741.19,526.8
C009672,7,23.0,4740.71,677.24
C004109,7,28.0,4740.21,677.17
C016744,7,25.0,4739.38,677.05
C000387,10,29.0,4738.87,473.89
C019050,6,18.0,4738.68,789.78
C012827,6,19.0,4738.28,789.71
C000240,6,20.0,4738.22,789.7
C008559,8,33.0,4737.47,592.18
C001373,7,22.0,4737.33,676.76
C011952,7,24.0,4736.58,676.65
C017833,5,24.0,4735.67,947.13
C006549,6,22.0,4734.91,789.15
C011997,7,24.0,4734.77,676.4
C001314,3,19.0,4734.52,1578.17
C011066,7,35.0,4734.48,676.35
C015602,7,19.0,4734.15,676.31
C015151,8,22.0,4732.71,591.59
C009116,5,23.0,4732.69,946.54
C000463,6,22.0,4732.64,788.77
C009754,5,22.0,4730.39,946.08
C018009,8,30.0,4730.25,591.28
C005520,9,29.0,4729.96,525.55
C001143,10,21.0,4728.79,472.88
C010088,4,15.0,4728.09,1182.02
C000447,9,24.0,4727.82,525.31
C012496,9,26.0,4727.63,525.29
C000990,9,27.0,4725.94,525.1
C013897,7,19.0,4725.57,675.08
C015683,6,25.0,4725.29,787.55
C014552,6,20.0,4725.18,787.53
C016536,6,24.0,4725.0,787.5
C006038,7,23.0,4724.52,674.93
C004566,5,19.0,4724.34,944.87
C001630,6,22.0,4723.33,787.22
C007240,6,23.0,4722.01,787.0
C016734,5,21.0,4721.94,944.39
C014125,8,24.0,4721.62,590.2
C004722,3,16.0,4721.53,1573.84
C000160,9,29.0,4721.36,524.6
C000800,7,20.0,4721.22,674.46
C009559,7,30.0,4721.19,674.46
C010332,6,26.0,4720.85,786.81
C004743,7,33.0,4720.38,674.34
C006555,8,33.0,4719.29,589.91
C014249,6,28.0,4717.42,786.24
C003761,7,27.0,4716.61,673.8
C011628,5,20.0,4716.36,943.27
C005549,7,27.0,4715.91,673.7
C015443,4,23.0,4715.64,1178.91
C009519,5,23.0,4715.28,943.06
C009557,6,26.0,4715.24,785.87
C000375,8,28.0,4714.81,589.35
C019288,6,24.0,4714.03,785.67
C001996,7,23.0,4713.33,673.33
C013895,5,25.0,4712.59,942.52
C009352,6,26.0,4712.3,785.38
C017359,6,27.0,4711.62,785.27
C001935,6,26.0,4711.43,785.24
C002404,5,20.0,4710.48,942.1
C010653,5,16.0,4710.31,942.06
C009561,6,24.0,4710.25,785.04
C019923,8,25.0,4709.81,588.73
C018621,6,22.0,4708.61,784.77
C007744,6,28.0,4707.83,784.64
C012720,7,23.0,4707.53,672.5
C004453,9,27.0,4706.41,522.93
C002493,8,22.0,4706.0,588.25
C007991,6,22.0,4705.76,784.29
C005305,7,25.0,4705.47,672.21
C011160,8,25.0,4705.31,588.16
C011339,5,19.0,4704.79,940.96
C016485,6,21.0,4704.65,784.11
C005585,8,27.0,4704.23,588.03
C014313,4,19.0,4703.49,1175.87
C005820,4,24.0,4702.6,1175.65
C003922,9,22.0,4702.31,522.48
C000661,6,18.0,4702.05,783.68
C003063,5,21.0,4701.71,940.34
C002807,12,40.0,4701.56,391.8
C008784,6,24.0,4701.19,783.53
C017210,8,26.0,4701.03,587.63
C005186,9,24.0,4700.91,522.32
C001731,6,26.0,4700.59,783.43
C017650,7,28.0,4700.14,671.45
C007517,10,23.0,4698.49,469.85
C004613,9,26.0,4697.22,521.91
C014567,8,28.0,4696.81,587.1
C004818,9,32.0,4696.7,521.86
C000497,7,25.0,4696.65,670.95
C000323,8,23.0,4696.25,587.03
C003006,5,25.0,4696.13,939.23
C018986,7,24.0,4695.81,670.83
C016599,9,24.0,4695.47,521.72
C016804,5,16.0,4694.6,938.92
C010746,6,17.0,4694.36,782.39
C014539,10,28.0,4694.36,469.44
C011575,8,19.0,4694.29,586.79
C007562,6,26.0,4694.08,782.35
C003163,8,26.0,4694.04,586.76
C000353,5,21.0,4693.75,938.75
C005171,11,25.0,4693.55,426.69
C004239,5,22.0,4693.53,938.71
C018827,6,18.0,4692.83,782.14
C017937,6,26.0,4692.8,782.13
C018396,6,20.0,4692.38,782.06
C010295,8,24.0,4692.28,586.54
C010005,9,27.0,4692.14,521.35
C009806,6,23.0,4691.64,781.94
C000355,9,28.0,4691.34,521.26
C016614,8,28.0,4690.97,586.37
C016922,7,22.0,4690.33,670.05
C007623,6,23.0,4688.12,781.35
C001804,7,36.0,4687.71,669.67
C002539,5,19.0,4687.58,937.52
C001168,9,36.0,4687.31,520.81
C013846,10,30.0,4687.25,468.73
C005980,7,25.0,4687.12,669.59
C016812,5,19.0,4686.86,937.37
C002197,8,24.0,4686.84,585.86
C018174,8,23.0,4686.84,585.86
C007327,6,22.0,4686.34,781.06
C001445,4,18.0,4686.28,1171.57
C001034,7,26.0,4686.26,669.47
C010747,9,27.0,4685.08,520.56
C014892,5,22.0,4684.98,937.0
C016611,5,24.0,4684.74,936.95
C013202,6,25.0,4684.54,780.76
C001674,9,35.0,4684.36,520.48
C005647,6,24.0,4684.29,780.72
C002361,7,21.0,4684.16,669.17
C010004,9,25.0,4683.77,520.42
C009513,10,30.0,4682.84,468.28
C019364,8,28.0,4682.47,585.31
C017068,7,24.0,4681.86,668.84
C016082,6,29.0,4681.73,780.29
C001209,8,30.0,4681.13,585.14
C016152,5,30.0,4680.74,936.15
C011363,6,21.0,4680.44,780.07
C016211,9,27.0,4679.31,519.92
C000933,7,22.0,4679.11,668.44
C007034,5,17.0,4679.03,935.81
C002436,6,22.0,4678.49,779.75
C007079,5,29.0,4678.42,935.68
C019841,10,25.0,4676.9,467.69
C003919,6,18.0,4676.64,779.44
C019261,5,20.0,4676.3,935.26
C015910,11,30.0,4674.91,424.99
C018955,6,25.0,4674.11,779.02
C011302,7,28.0,4673.9,667.7
C019974,8,24.0,4673.56,584.2
C015617,5,23.0,4673.11,934.62
C010470,6,21.0,4672.91,778.82
C006167,8,23.0,4672.24,584.03
C009263,6,21.0,4672.21,778.7
C000229,6,21.0,4672.18,778.7
C002095,6,23.0,4671.57,778.59
C004256,8,24.0,4671.44,583.93
C002854,7,21.0,4671.11,667.3
C015063,5,18.0,4670.45,934.09
C000609,7,29.0,4670.32,667.19
C009386,8,27.0,4670.15,583.77
C012386,7,24.0,4669.81,667.12
C003417,8,28.0,4669.71,583.71
C006422,8,24.0,4669.23,583.65
C017532,7,21.0,4668.86,666.98
C010174,4,19.0,4668.24,1167.06
C007663,6,22.0,4668.09,778.02
C001738,5,22.0,4667.1,933.42
C006226,9,35.0,4665.94,518.44
C014609,8,27.0,4665.22,583.15
C000189,8,25.0,4664.04,583.01
C014387,5,17.0,4663.1,932.62
C002006,5,19.0,4662.24,932.45
C019264,8,27.0,4661.65,582.71
C006878,9,29.0,4661.55,517.95
C019636,6,23.0,4661.49,776.92
C018736,7,20.0,4661.29,665.9
C005229,7,22.0,4661.06,665.87
C017507,8,28.0,4660.6,582.58
C008370,9,31.0,4660.5,517.83
C007711,7,31.0,4660.34,665.76
C018116,9,25.0,4660.16,517.8
C013783,6,20.0,4659.28,776.55
C000503,6,24.0,4659.22,776.54
C002837,5,22.0,4658.97,931.79
C007724,9,27.0,4658.48,517.61
C002387,9,25.0,4658.47,517.61
C016964,4,21.0,4658.22,1164.56
C013122,6,19.0,4657.96,776.33
C003619,7,25.0,4657.92,665.42
C013185,6,21.0,4657.04,776.17
C011156,4,23.0,4656.84,1164.21
C017165,9,31.0,4656.8,517.42
C016639,6,24.0,4655.97,776.0
C014569,7,22.0,4655.72,665.1
C010097,10,21.0,4655.47,465.55
C001010,6,19.0,4654.38,775.73
C004348,5,23.0,4654.25,930.85
C018042,8,31.0,4654.21,581.78
C016011,6,23.0,4653.69,775.61
C010907,9,29.0,4652.3,516.92
C000371,6,17.0,4652.07,775.34
C006270,7,26.0,4652.02,664.57
C008024,6,24.0,4651.18,775.2
C013162,5,22.0,4650.68,930.14
C007836,7,29.0,4649.94,664.28
C005289,5,23.0,4649.82,929.96
C004780,4,18.0,4649.77,1162.44
C015208,5,22.0,4649.57,929.91
C015418,5,21.0,4649.19,929.84
C007067,5,17.0,4647.21,929.44
C012866,8,27.0,4646.92,580.87
C012865,6,25.0,4646.56,774.43
C005102,10,27.0,4645.83,464.58
C000953,7,24.0,4645.42,663.63
C010588,7,21.0,4645.11,663.59
C013034,5,19.0,4643.78,928.76
C005995,9,26.0,4643.55,515.95
C004825,7,23.0,4643.45,663.35
C013680,7,23.0,4643.28,663.33
C007086,5,28.0,4642.19,928.44
C001135,6,25.0,4641.64,773.61
C015355,6,24.0,4640.61,773.44
C014994,7,20.0,4640.35,662.91
C018487,7,21.0,4639.85,662.84
C016580,7,33.0,4639.3,662.76
C015067,7,19.0,4639.09,662.73
C000685,10,29.0,4638.8,463.88
C005771,10,45.0,4637.41,463.74
C011957,7,22.0,4637.22,662.46
C016455,4,14.0,4637.11,1159.28
C001990,7,22.0,4636.97,662.42
C004926,7,20.0,4636.94,662.42
C002978,6,20.0,4636.2,772.7
C003262,9,39.0,4635.87,515.1
C000689,6,24.0,4635.33,772.56
C014972,6,20.0,4634.96,772.49
C017632,5,24.0,4634.24,926.85
C019950,8,24.0,4633.95,579.24
C001428,6,20.0,4633.34,772.22
C017115,6,24.0,4633.11,772.19
C017204,10,27.0,4632.58,463.26
C014380,8,22.0,4632.14,579.02
C012015,7,25.0,4631.89,661.7
C005315,6,18.0,4631.87,771.98
C001356,7,25.0,4631.12,661.59
C012877,5,21.0,4629.77,925.95
C008785,8,31.0,4628.57,578.57
C004898,6,19.0,4627.92,771.32
C015760,8,29.0,4627.85,578.48
C006042,8,18.0,4627.81,578.48
C004789,6,25.0,4627.61,771.27
C007221,8,29.0,4626.67,578.33
C010138,12,37.0,4625.96,385.5
C007428,9,28.0,4625.32,513.92
C014596,5,22.0,4624.98,925.0
C013660,5,24.0,4624.35,924.87
C006995,5,19.0,4623.2,924.64
C001178,4,22.0,4623.2,1155.8
C002719,6,20.0,4623.08,770.51
C010395,8,28.0,4622.78,577.85
C004210,4,15.0,4622.2,1155.55
C006632,4,17.0,4621.88,1155.47
C011553,5,14.0,4620.84,924.17
C003758,7,22.0,4620.73,660.1
C002669,7,21.0,4620.68,660.1
C008852,6,20.0,4620.62,770.1
C008026,10,29.0,4620.22,462.02
C006918,5,19.0,4619.61,923.92
C014076,8,23.0,4619.47,577.43
C017213,8,25.0,4619.13,577.39
C001796,6,21.0,4618.49,769.75
C017584,7,25.0,4618.04,659.72
C014857,7,25.0,4617.94,659.71
C007205,5,23.0,4617.18,923.44
C009014,5,23.0,4616.82,923.36
C001533,6,23.0,4616.57,769.43
C001932,6,23.0,4616.26,769.38
C006702,7,21.0,4616.24,659.46
C011891,8,23.0,4615.15,576.89
C000779,5,30.0,4614.76,922.95
C004205,6,24.0,4614.68,769.11
C012243,6,25.0,4614.54,769.09
C017104,8,21.0,4613.52,576.69
C008080,7,25.0,4613.49,659.07
C017982,5,17.0,4612.99,922.6
C014425,7,26.0,4612.86,658.98
C013979,10,29.0,4612.68,461.27
C016600,5,19.0,4611.9,922.38
C002789,7,24.0,4611.51,658.79
C014509,7,22.0,4611.44,658.78
C014902,9,22.0,4610.41,512.27
C007135,8,29.0,4610.31,576.29
C007222,6,22.0,4610.17,768.36
C007426,10,31.0,4609.16,460.92
C009266,7,26.0,4609.01,658.43
C007825,7,24.0,4608.82,658.4
C015966,8,29.0,4607.99,576.0
C002150,7,21.0,4607.63,658.23
C007815,4,18.0,4607.58,1151.9
C011935,7,26.0,4606.87,658.12
C016016,6,24.0,4606.23,767.71
C006487,7,18.0,4605.72,657.96
C003259,7,24.0,4605.31,657.9
C002800,6,24.0,4604.36,767.39
C008401,6,23.0,4604.1,767.35
C009002,6,25.0,4602.7,767.12
C002716,9,31.0,4602.15,511.35
C012924,7,24.0,4601.23,657.32
C012660,5,20.0,4600.84,920.17
C008216,9,30.0,4600.76,511.2
C001280,10,30.0,4600.7,460.07
C011605,6,24.0,4600.58,766.76
C012853,8,22.0,4600.28,575.04
C013774,6,24.0,4599.9,766.65
C003589,8,23.0,4599.22,574.9
C013769,6,29.0,4599.11,766.52
C019856,9,27.0,4599.04,511.0
C010891,6,23.0,4596.99,766.17
C018011,7,21.0,4596.21,656.6
C000128,5,22.0,4596.01,919.2
C007227,9,38.0,4595.53,510.61
C015943,3,20.0,4595.33,1531.78
C017207,6,21.0,4594.95,765.83
C008700,8,29.0,4594.44,574.3
C007749,7,25.0,4594.25,656.32
C011791,8,32.0,4593.86,574.23
C013069,4,24.0,4592.01,1148.0
C018080,5,23.0,4591.96,918.39
C012414,7,24.0,4591.76,655.97
C006919,7,26.0,4590.12,655.73
C019401,5,24.0,4590.12,918.02
C013557,7,22.0,4589.93,655.7
C008039,6,25.0,4589.27,764.88
C008310,5,19.0,4589.02,917.8
C018466,6,20.0,4588.53,764.76
C000638,8,23.0,4588.37,573.55
C012270,6,19.0,4587.41,764.57
C007257,8,26.0,4586.98,573.37
C011998,8,25.0,4586.14,573.27
C003269,6,26.0,4585.92,764.32
C006947,6,24.0,4585.73,764.29
C016523,7,27.0,4585.62,655.09
C016737,5,20.0,4585.57,917.11
C001120,7,27.0,4584.74,654.96
C002563,5,23.0,4584.66,916.93
C018088,4,20.0,4582.72,1145.68
C003796,6,24.0,4582.12,763.69
C010931,5,15.0,4581.75,916.35
C011297,9,30.0,4581.68,509.08
C012468,6,24.0,4581.25,763.54
C013367,6,18.0,4579.77,763.3
C003401,10,27.0,4579.07,457.91
C001984,5,24.0,4579.03,915.81
C018509,4,17.0,4578.79,1144.7
C013533,7,20.0,4578.68,654.1
C000546,5,21.0,4578.1,915.62
C005697,5,25.0,4577.31,915.46
C011624,6,27.0,4577.0,762.83
C001176,10,39.0,4576.98,457.7
C015582,4,24.0,4576.5,1144.13
C011129,9,27.0,4575.97,508.44
C015181,7,22.0,4574.56,653.51
C007223,5,20.0,4574.45,914.89
C014017,6,29.0,4574.34,762.39
C000181,5,20.0,4573.83,914.77
C018740,5,34.0,4573.7,914.74
C019054,4,18.0,4573.5,1143.38
C006156,11,31.0,4573.47,415.77
C019195,6,22.0,4573.36,762.23
C004346,9,27.0,4573.36,508.15
C015787,8,25.0,4573.13,571.64
C013110,8,29.0,4572.84,571.61
C002023,7,21.0,4572.15,653.16
C018333,8,25.0,4571.37,571.42
C003505,6,17.0,4571.0,761.83
C002373,7,24.0,4569.85,652.84
C014026,4,23.0,4569.79,1142.45
C013922,5,21.0,4569.63,913.93
C017193,7,24.0,4568.95,652.71
C007124,8,28.0,4568.31,571.04
C016937,6,23.0,4567.67,761.28
C011940,7,36.0,4566.51,652.36
C007489,8,32.0,4566.35,570.79
C011394,8,25.0,4565.86,570.73
C018915,5,20.0,4565.27,913.05
C012858,7,25.0,4565.26,652.18
C013977,6,22.0,4564.63,760.77
C004292,8,27.0,4564.48,570.56
C012383,6,23.0,4564.22,760.7
C001051,8,35.0,4563.96,570.5
C015285,9,23.0,4563.9,507.1
C000183,7,20.0,4563.49,651.93
C005618,5,16.0,4562.9,912.58
C010634,9,25.0,4562.44,506.94
C000046,9,21.0,4562.43,506.94
C002908,4,17.0,4562.36,1140.59
C010433,7,19.0,4562.25,651.75
C011233,8,28.0,4561.97,570.25
C010100,6,23.0,4561.95,760.33
C015344,5,19.0,4561.89,912.38
C003543,6,20.0,4560.68,760.11
C016943,10,28.0,4560.41,456.04
C005764,6,26.0,4560.07,760.01
C016822,8,27.0,4559.87,569.98
C012552,7,28.0,4558.97,651.28
C010699,6,21.0,4558.65,759.78
C017972,5,21.0,4557.09,911.42
C007698,6,23.0,4555.91,759.32
C002634,6,24.0,4555.53,759.26
C015451,8,28.0,4555.51,569.44
C009945,7,20.0,4554.72,650.67
C019127,7,25.0,4554.14,650.59
C018217,9,28.0,4553.95,505.99
C019137,5,23.0,4553.64,910.73
C011855,8,31.0,4553.44,569.18
C018690,6,21.0,4553.34,758.89
C006425,6,26.0,4553.22,758.87
C014310,9,30.0,4552.76,505.86
C003770,4,22.0,4552.68,1138.17
C008013,4,22.0,4552.52,1138.13
C019591,9,25.0,4552.26,505.81
C018790,7,22.0,4551.12,650.16
C005198,9,31.0,4550.96,505.66
C012718,6,24.0,4550.11,758.35
C010666,5,19.0,4549.12,909.82
C005547,5,23.0,4548.5,909.7
C010974,4,20.0,4547.39,1136.85
C007004,6,23.0,4547.05,757.84
C013454,6,25.0,4547.01,757.84
C003487,7,24.0,4546.85,649.55
C016312,6,21.0,4546.4,757.73
C018952,4,17.0,4546.21,1136.55
C017538,6,24.0,4545.54,757.59
C003192,7,27.0,4545.49,649.36
C002304,8,34.0,4544.36,568.04
C009356,7,22.0,4544.35,649.19
C005041,8,25.0,4544.34,568.04
C013273,7,32.0,4543.78,649.11
C001576,8,28.0,4542.81,567.85
C005578,5,16.0,4542.65,908.53
C016484,7,20.0,4541.97,648.85
C011545,8,20.0,4541.78,567.72
C002400,6,25.0,4540.66,756.78
C001505,7,22.0,4540.58,648.65
C001464,6,20.0,4540.24,756.71
C016693,6,22.0,4539.46,756.58
C019407,7,18.0,4539.32,648.47
C000461,9,27.0,4539.01,504.33
C017973,9,33.0,4538.45,504.27
C016641,4,18.0,4538.09,1134.52
C001982,8,23.0,4537.96,567.25
C010988,6,29.0,4537.94,756.32
C003981,5,18.0,4537.92,907.58
C019503,6,22.0,4537.44,756.24
C001011,9,32.0,4537.32,504.15
C004008,5,21.0,4537.18,907.44
C013419,6,24.0,4537.17,756.2
C011102,6,26.0,4536.11,756.02
C016369,9,29.0,4535.93,503.99
C005050,6,19.0,4535.26,755.88
C019381,8,20.0,4534.8,566.85
C011236,7,24.0,4534.61,647.8
C015873,7,27.0,4534.52,647.79
C000597,9,24.0,4533.9,503.77
C018183,6,20.0,4533.64,755.61
C004545,6,22.0,4533.48,755.58
C006544,7,21.0,4533.12,647.59
C010675,5,22.0,4533.06,906.61
C014988,6,22.0,4532.26,755.38
C011046,5,17.0,4531.95,906.39
C005335,8,23.0,4531.37,566.42
C012845,9,22.0,4531.12,503.46
C015424,5,24.0,4530.86,906.17
C018111,12,24.0,4529.79,377.48
C016283,9,25.0,4529.58,503.29
C000270,6,30.0,4528.75,754.79
C006952,7,25.0,4528.08,646.87
C006376,9,21.0,4526.81,502.98
C013026,7,22.0,4526.4,646.63
C007649,6,24.0,4526.38,754.4
C000835,6,23.0,4526.26,754.38
C004228,6,23.0,4526.12,754.35
C016398,6,19.0,4525.97,754.33
C003788,9,31.0,4525.85,502.87
C015065,8,22.0,4525.44,565.68
C008084,6,29.0,4525.32,754.22
C001702,8,25.0,4525.28,565.66
C003618,6,22.0,4525.15,754.19
C005968,9,27.0,4525.11,502.79
C001900,8,36.0,4524.78,565.6
C000235,6,16.0,4524.01,754.0
C006120,5,22.0,4523.42,904.68
C012343,8,22.0,4521.7,565.21
C004731,9,25.0,4521.27,502.36
C010642,7,30.0,4521.08,645.87
C005024,6,17.0,4520.16,753.36
C008676,8,22.0,4519.77,564.97
C015666,7,24.0,4518.25,645.46
C013514,7,22.0,4516.52,645.22
C006161,7,25.0,4516.27,645.18
C013308,7,25.0,4516.19,645.17
C009337,5,20.0,4515.88,903.18
C001068,6,19.0,4514.57,752.43
C008749,5,22.0,4513.49,902.7
C004905,7,20.0,4513.01,644.72
C015143,4,19.0,4512.71,1128.18
C019048,6,21.0,4512.25,752.04
C016831,8,28.0,4511.94,563.99
C006333,6,19.0,4511.81,751.97
C001063,7,24.0,4511.73,644.53
C009949,7,26.0,4511.62,644.52
C001607,5,15.0,4511.1,902.22
C015771,7,27.0,4510.92,644.42
C012913,7,22.0,4510.9,644.41
C018444,7,22.0,4509.72,644.25
C008122,9,33.0,4509.03,501.0
C017238,7,25.0,4508.91,644.13
C015819,5,20.0,4508.43,901.69
C007320,3,21.0,4508.14,1502.71
C007787,9,20.0,4508.12,500.9
C004499,9,26.0,4508.11,500.9
C001719,8,27.0,4507.69,563.46
C012286,10,24.0,4507.46,450.75
C004326,7,27.0,4507.03,643.86
C006582,8,25.0,4506.89,563.36
C003105,8,21.0,4506.61,563.33
C009720,3,16.0,4506.4,1502.13
C006414,6,29.0,4505.6,750.93
C018640,5,18.0,4505.56,901.11
C003696,7,24.0,4504.92,643.56
C001736,5,18.0,4504.79,900.96
C015519,7,29.0,4504.65,643.52
C010081,7,28.0,4504.64,643.52
C004294,7,26.0,4503.61,643.37
C013913,8,27.0,4503.33,562.92
C000295,8,26.0,4502.89,562.86
C014840,7,20.0,4502.78,643.25
C004265,7,20.0,4502.09,643.16
C010074,5,19.0,4501.97,900.39
C014325,7,20.0,4501.87,643.12
C009094,7,25.0,4501.77,643.11
C013990,6,20.0,4501.13,750.19
C018281,7,22.0,4501.0,643.0
C019458,7,27.0,4500.59,642.94
C001782,9,23.0,4500.37,500.04
C003820,6,25.0,4500.3,750.05
C000985,8,24.0,4499.97,562.5
C000836,9,28.0,4499.05,499.89
C005116,6,25.0,4498.68,749.78
C000527,7,22.0,4498.05,642.58
C003826,7,25.0,4497.52,642.5
C002003,8,29.0,4497.42,562.18
C005285,8,24.0,4497.38,562.17
C008327,6,28.0,4497.23,749.54
C018880,3,18.0,4497.08,1499.03
C017548,10,25.0,4496.97,449.7
C006401,8,28.0,4496.41,562.05
C008733,8,28.0,4496.39,562.05
C009881,7,29.0,4496.16,642.31
C019617,6,20.0,4495.89,749.32
C009582,5,22.0,4495.33,899.07
C016372,10,30.0,4494.72,449.47
C005434,5,23.0,4493.29,898.66
C018721,6,27.0,4492.07,748.68
C008454,6,20.0,4492.04,748.67
C006607,6,24.0,4491.99,748.67
C000819,4,20.0,4491.75,1122.94
C001592,7,24.0,4491.62,641.66
C012027,7,32.0,4491.06,641.58
C008911,6,29.0,4490.92,748.49
C006265,7,28.0,4490.74,641.53
C003360,5,17.0,4490.72,898.14
C009957,8,22.0,4489.88,561.24
C017737,3,16.0,4489.65,1496.55
C009918,6,19.0,4489.27,748.21
C014422,6,19.0,4489.07,748.18
C000137,5,18.0,4488.18,897.64
C006767,9,24.0,4488.1,498.68
C000231,6,20.0,4487.74,747.96
C015586,6,19.0,4487.49,747.92
C019067,5,17.0,4486.89,897.38
C010849,6,21.0,4486.65,747.78
C014388,7,24.0,4486.33,640.9
C008642,7,25.0,4486.13,640.88
C000328,7,26.0,4485.78,640.83
C013929,4,19.0,4485.76,1121.44
C012103,10,31.0,4485.72,448.57
C000796,7,28.0,4485.39,640.77
C003850,5,26.0,4485.37,897.07
C001318,3,20.0,4485.22,1495.07
C019411,7,24.0,4485.2,640.74
C001087,5,20.0,4484.85,896.97
C019641,7,28.0,4484.1,640.59
C005031,8,22.0,4483.95,560.49
C014614,6,22.0,4483.88,747.31
C012370,10,31.0,4483.2,448.32
C000816,7,25.0,4482.96,640.42
C010203,6,23.0,4482.86,747.14
C016366,6,24.0,4482.71,747.12
C005450,8,27.0,4481.85,560.23
C015730,7,24.0,4481.67,640.24
C002341,6,16.0,4481.27,746.88
C008597,8,23.0,4480.2,560.03
C002411,6,23.0,4480.07,746.68
C010382,6,20.0,4480.06,746.68
C002636,7,27.0,4479.95,639.99
C017756,6,24.0,4479.93,746.66
C006143,8,22.0,4479.37,559.92
C019367,8,24.0,4478.98,559.87
C002754,7,28.0,4478.34,639.76
C011653,4,18.0,4477.5,1119.38
C016384,5,24.0,4477.38,895.48
C009961,5,30.0,4477.02,895.4
C009692,8,19.0,4476.01,559.5
C018651,6,23.0,4475.49,745.92
C018842,7,26.0,4474.53,639.22
C013605,8,19.0,4474.27,559.28
C003869,7,19.0,4473.4,639.06
C010671,5,19.0,4472.23,894.45
C015592,8,24.0,4471.92,558.99
C003965,6,30.0,4471.89,745.32
C003156,8,24.0,4471.68,558.96
C013542,6,22.0,4471.55,745.26
C004616,7,24.0,4471.47,638.78
C004144,7,37.0,4471.34,638.76
C005409,6,21.0,4470.7,745.12
C006028,9,34.0,4470.47,496.72
C005484,7,20.0,4470.32,638.62
C019167,6,22.0,4469.55,744.93
C008023,8,25.0,4468.54,558.57
C007728,7,20.0,4468.27,638.32
C012640,4,19.0,4468.25,1117.06
C017459,5,22.0,4468.13,893.63
C015611,8,23.0,4467.41,558.43
C015947,8,25.0,4466.65,558.33
C017946,6,19.0,4466.36,744.39
C010412,8,26.0,4466.14,558.27
C003477,7,22.0,4466.01,638.0
C004484,9,22.0,4465.06,496.12
C007105,8,25.0,4464.89,558.11
C006648,7,21.0,4464.27,637.75
C004745,8,27.0,4463.11,557.89
C016727,6,20.0,4462.79,743.8
C005039,5,26.0,4462.36,892.47
C011186,4,22.0,4461.7,1115.43
C008554,5,27.0,4461.67,892.33
C008783,7,29.0,4461.25,637.32
C000817,7,22.0,4460.97,637.28
C008937,6,21.0,4460.76,743.46
C008513,7,24.0,4460.47,637.21
C007701,5,27.0,4459.69,891.94
C015503,5,25.0,4459.59,891.92
C016561,4,18.0,4459.56,1114.89
C000127,8,28.0,4459.51,557.44
C019588,4,21.0,4459.03,1114.76
C012828,5,23.0,4458.67,891.73
C002090,9,32.0,4458.14,495.35
C019273,6,25.0,4457.97,743.0
C003520,7,23.0,4457.97,636.85
C017691,6,20.0,4457.42,742.9
C010869,6,24.0,4457.12,742.85
C008075,5,23.0,4456.32,891.26
C014377,8,23.0,4455.67,556.96
C015843,8,22.0,4455.42,556.93
C018192,6,20.0,4455.29,742.55
C005428,9,30.0,4455.08,495.01
C012659,7,19.0,4454.6,636.37
C004091,6,24.0,4453.94,742.32
C008389,7,19.0,4453.8,636.26
C004164,8,20.0,4453.61,556.7
C009006,3,21.0,4453.38,1484.46
C001460,7,22.0,4453.09,636.16
C013909,6,25.0,4452.86,742.14
C000404,5,20.0,4452.55,890.51
C001503,6,23.0,4452.23,742.04
C004934,8,30.0,4452.01,556.5
C000667,7,23.0,4451.83,635.98
C019022,2,18.0,4451.63,2225.82
C019751,6,24.0,4451.36,741.89
C007950,8,25.0,4451.05,556.38
C001239,4,17.0,4450.79,1112.7
C005898,6,20.0,4450.57,741.76
C005731,4,22.0,4450.24,1112.56
C009804,6,25.0,4449.73,741.62
C006085,5,22.0,4449.63,889.93
C014199,6,30.0,4449.62,741.6
C009364,7,16.0,4449.09,635.58
C006379,7,16.0,4448.18,635.45
C013538,6,26.0,4447.92,741.32
C009837,7,28.0,4447.49,635.36
C018120,6,21.0,4446.94,741.16
C000733,5,20.0,4446.92,889.38
C010320,8,18.0,4446.4,555.8
C016432,5,28.0,4446.26,889.25
C000558,7,24.0,4446.14,635.16
C000589,6,25.0,4445.85,740.98
C014856,7,22.0,4445.43,635.06
C002087,7,27.0,4445.38,635.05
C000859,6,24.0,4445.35,740.89
C005379,7,16.0,4445.3,635.04
C008060,6,22.0,4445.21,740.87
C015250,7,22.0,4443.47,634.78
C014620,5,23.0,4443.35,888.67
C002523,5,27.0,4442.66,888.53
C015680,5,22.0,4441.72,888.34
C000368,6,20.0,4441.41,740.24
C016226,6,23.0,4440.82,740.14
C006758,5,22.0,4440.36,888.07
C009596,5,17.0,4440.17,888.03
C009544,8,20.0,4440.0,555.0
C007164,7,27.0,4439.62,634.23
C005559,7,32.0,4438.9,634.13
C008444,6,23.0,4438.83,739.81
C001793,7,27.0,4438.61,634.09
C014801,6,21.0,4438.58,739.76
C018993,5,23.0,4438.33,887.67
C012654,5,21.0,4437.99,887.6
C005062,6,22.0,4437.9,739.65
C009824,3,17.0,4437.67,1479.22
C018229,6,21.0,4437.59,739.6
C012767,7,22.0,4437.17,633.88
C011828,11,24.0,4434.93,403.18
C010304,6,16.0,4434.51,739.09
C018804,8,28.0,4434.32,554.29
C014311,5,23.0,4434.07,886.81
C006861,7,21.0,4433.97,633.42
C002406,6,18.0,4433.65,738.94
C006032,6,17.0,4433.61,738.94
C019579,6,23.0,4433.3,738.88
C014322,6,20.0,4433.28,738.88
C000888,7,25.0,4432.73,633.25
C005706,7,23.0,4432.09,633.16
C003726,4,17.0,4431.91,1107.98
C000965,6,19.0,4431.72,738.62
C015786,4,18.0,4431.66,1107.92
C011632,6,22.0,4431.06,738.51
C012427,7,23.0,4430.0,632.86
C000173,8,23.0,4429.94,553.74
C004366,6,21.0,4429.9,738.32
C019790,7,22.0,4429.36,632.77
C011623,9,26.0,4429.26,492.14
C013351,6,25.0,4429.11,738.19
C005040,7,22.0,4429.1,632.73
C015578,6,23.0,4428.67,738.11
C000995,11,27.0,4428.61,402.6
C016324,6,24.0,4428.12,738.02
C013682,4,17.0,4426.51,1106.63
C000618,9,23.0,4426.11,491.79
C012947,7,23.0,4425.88,632.27
C007576,7,26.0,4425.71,632.24
C002421,7,20.0,4425.28,632.18
C007339,7,18.0,4425.22,632.17
C000907,5,18.0,4424.95,884.99
C007925,7,24.0,4424.94,632.13
C011458,6,20.0,4424.71,737.45
C001548,7,28.0,4424.71,632.1
C009828,5,23.0,4424.67,884.93
C006997,6,17.0,4424.36,737.39
C011958,6,21.0,4423.46,737.24
C009652,6,23.0,4423.4,737.23
C004525,6,18.0,4423.15,737.19
C007633,7,21.0,4422.37,631.77
C000376,5,25.0,4421.38,884.28
C014526,7,24.0,4421.36,631.62
C004575,6,22.0,4421.11,736.85
C005097,7,24.0,4421.01,631.57
C000435,7,18.0,4420.91,631.56
C012436,4,19.0,4420.38,1105.1
C007393,6,22.0,4420.0,736.67
C001413,7,23.0,4419.47,631.35
C012112,6,21.0,4418.54,736.42
C005878,6,24.0,4418.33,736.39
C001247,8,23.0,4418.02,552.25
C014677,8,22.0,4416.86,552.11
C009440,5,21.0,4416.69,883.34
C001951,6,20.0,4416.68,736.11
C002562,4,16.0,4416.5,1104.13
C011834,6,24.0,4416.39,736.07
C016533,4,22.0,4415.6,1103.9
C018716,5,23.0,4415.2,883.04
C019150,7,22.0,4414.95,630.71
C003322,6,26.0,4414.92,735.82
C001639,8,19.0,4414.5,551.81
C018089,7,28.0,4413.86,630.55
C014410,7,24.0,4413.52,630.5
C004446,6,18.0,4413.27,735.55
C012039,7,23.0,4412.12,630.3
C000070,9,25.0,4411.54,490.17
C001661,5,18.0,4410.74,882.15
C018660,5,23.0,4410.52,882.1
C017108,5,24.0,4409.77,881.95
C010017,4,20.0,4409.49,1102.37
C004222,6,23.0,4407.95,734.66
C017358,6,24.0,4407.86,734.64
C018320,5,18.0,4405.95,881.19
C000018,5,25.0,4405.83,881.17
C000357,8,29.0,4405.17,550.65
C019499,6,30.0,4405.12,734.19
C000474,11,23.0,4404.79,400.44
C012311,5,21.0,4404.11,880.82
C000478,7,21.0,4403.47,629.07
C009588,4,20.0,4403.44,1100.86
C013665,6,18.0,4403.43,733.91
C014685,4,18.0,4403.41,1100.85
C018296,7,20.0,4402.91,628.99
C015785,6,22.0,4402.69,733.78
C006225,8,28.0,4401.17,550.15
C013728,6,22.0,4401.13,733.52
C001740,4,19.0,4400.74,1100.19
C005997,6,19.0,4399.09,733.18
C007337,7,31.0,4398.23,628.32
C018265,7,25.0,4397.96,628.28
C007032,8,25.0,4397.89,549.74
C009946,6,22.0,4397.86,732.98
C002818,3,18.0,4397.7,1465.9
C015792,9,22.0,4397.23,488.58
C019671,3,17.0,4396.92,1465.64
C019413,10,24.0,4396.92,439.69
C002847,10,40.0,4396.76,439.68
C002871,7,23.0,4396.51,628.07
C015262,8,22.0,4396.07,549.51
C004103,7,22.0,4395.98,628.0
C006246,6,25.0,4395.59,732.6
C002224,8,26.0,4395.59,549.45
C005432,8,34.0,4395.02,549.38
C001480,7,22.0,4394.87,627.84
C005112,5,25.0,4394.63,878.93
C000054,7,20.0,4394.09,627.73
C007087,8,30.0,4393.55,549.19
C006551,7,18.0,4392.3,627.47
C006292,8,26.0,4391.68,548.96
C001037,6,25.0,4390.96,731.83
C012910,7,21.0,4390.32,627.19
C003990,7,21.0,4390.04,627.15
C002729,5,20.0,4389.98,878.0
C007839,7,24.0,4389.72,627.1
C009878,8,25.0,4389.23,548.65
C004358,6,19.0,4388.96,731.49
C003572,7,25.0,4388.49,626.93
C009767,8,27.0,4387.41,548.43
C017669,5,18.0,4387.31,877.46
C005584,7,24.0,4387.13,626.73
C005727,8,21.0,4387.07,548.38
C010011,5,20.0,4386.64,877.33
C007469,6,21.0,4386.4,731.07
C010719,8,21.0,4385.97,548.25
C017332,8,23.0,4384.96,548.12
C000258,9,24.0,4384.46,487.16
C004950,7,23.0,4384.35,626.34
C018515,9,28.0,4382.27,486.92
C003595,7,24.0,4381.92,625.99
C008035,5,18.0,4381.55,876.31
C013305,7,26.0,4381.21,625.89
C006576,7,25.0,4380.63,625.8
C005126,7,21.0,4380.63,625.8
C004895,4,16.0,4379.78,1094.95
C006616,6,21.0,4379.51,729.92
C011386,8,28.0,4378.63,547.33
C015200,4,19.0,4378.6,1094.65
C018615,6,20.0,4377.26,729.54
C001198,7,18.0,4376.39,625.2
C001330,8,20.0,4376.38,547.05
C000706,7,30.0,4375.71,625.1
C001172,6,18.0,4375.11,729.19
C006250,9,34.0,4374.12,486.01
C000020,10,33.0,4373.77,437.38
C008863,9,29.0,4373.03,485.89
C011025,8,29.0,4372.76,546.6
C005632,7,18.0,4372.45,624.64
C016817,8,29.0,4372.21,546.53
C015975,6,16.0,4371.57,728.59
C007540,6,21.0,4371.17,728.53
C006690,7,22.0,4371.06,624.44
C007614,4,22.0,4370.34,1092.59
C013635,7,21.0,4369.84,624.26
C013678,5,19.0,4369.79,873.96
C015145,6,22.0,4369.75,728.29
C014658,6,29.0,4369.72,728.29
C004595,8,30.0,4369.48,546.18
C015014,6,25.0,4369.47,728.25
C008422,6,26.0,4369.37,728.23
C013639,6,18.0,4368.78,728.13
C006359,4,18.0,4368.72,1092.18
C013980,5,27.0,4368.25,873.65
C011811,6,22.0,4368.19,728.03
C011026,9,25.0,4367.38,485.26
C004238,6,21.0,4367.23,727.87
C002670,6,20.0,4367.16,727.86
C002504,6,24.0,4366.96,727.83
C002223,5,28.0,4366.91,873.38
C002933,4,22.0,4366.64,1091.66
C014376,5,21.0,4366.45,873.29
C004262,6,24.0,4365.16,727.53
C002323,8,28.0,4364.75,545.59
C007284,7,22.0,4364.5,623.5
C000963,8,21.0,4363.35,545.42
C002676,8,28.0,4363.24,545.41
C011463,6,23.0,4363.14,727.19
C007078,8,29.0,4362.79,545.35
C004332,10,23.0,4362.59,436.26
C011809,6,17.0,4361.89,726.98
C009438,8,24.0,4361.52,545.19
C010280,4,21.0,4361.48,1090.37
C004455,8,23.0,4361.42,545.18
C016854,6,22.0,4361.36,726.89
C011887,7,22.0,4360.16,622.88
C000537,6,25.0,4359.99,726.67
C019678,6,26.0,4359.86,726.64
C005740,11,39.0,4359.64,396.33
C018656,5,17.0,4359.47,871.89
C015086,5,23.0,4358.59,871.72
C001567,6,17.0,4357.2,726.2
C016166,8,24.0,4356.89,544.61
C005787,6,22.0,4356.88,726.15
C001277,7,21.0,4355.78,622.25
C016417,6,21.0,4355.78,725.96
C016245,5,19.0,4355.72,871.14
C010535,5,19.0,4355.5,871.1
C016960,6,21.0,4355.16,725.86
C018473,4,20.0,4354.78,1088.7
C013111,6,24.0,4354.69,725.78
C001864,5,22.0,4354.47,870.89
C009628,9,29.0,4354.33,483.81
C008520,6,24.0,4353.86,725.64
C002546,8,24.0,4353.85,544.23
C018311,6,17.0,4353.0,725.5
C019193,8,27.0,4352.52,544.07
C011155,6,23.0,4352.08,725.35
C001726,7,15.0,4351.78,621.68
C013112,5,20.0,4351.3,870.26
C013473,9,26.0,4351.2,483.47
C008566,6,19.0,4351.02,725.17
C014535,5,16.0,4350.92,870.18
C007518,6,30.0,4350.47,725.08
C012123,7,23.0,4350.11,621.44
C004336,5,16.0,4349.56,869.91
C013193,7,26.0,4349.35,621.34
C012110,6,29.0,4349.33,724.89
C010623,7,19.0,4348.87,621.27
C015579,5,21.0,4348.75,869.75
C014396,5,18.0,4348.24,869.65
C019489,12,31.0,4348.1,362.34
C002895,6,16.0,4347.82,724.64
C007242,6,26.0,4347.54,724.59
C006123,5,22.0,4347.44,869.49
C008640,8,23.0,4347.23,543.4
C004691,8,25.0,4347.08,543.39
C014055,8,28.0,4346.98,543.37
C012250,7,25.0,4346.66,620.95
C004039,7,25.0,4346.23,620.89
C009644,7,27.0,4346.11,620.87
C003511,6,22.0,4345.44,724.24
C008094,7,25.0,4344.92,620.7
C008098,8,28.0,4344.75,543.09
C004474,8,31.0,4344.21,543.03
C013319,6,20.0,4344.1,724.02
C004667,7,30.0,4344.08,620.58
C007117,6,19.0,4343.85,723.98
C002700,8,28.0,4343.43,542.93
C011754,7,31.0,4343.11,620.44
C004609,3,17.0,4342.61,1447.54
C003582,7,27.0,4342.18,620.31
C000790,8,30.0,4341.79,542.72
C014675,6,18.0,4341.74,723.62
C007121,7,17.0,4340.43,620.06
C015793,8,24.0,4339.88,542.49
C002453,8,18.0,4339.79,542.47
C019346,6,22.0,4339.06,723.18
C006999,9,25.0,4338.96,482.11
C009253,4,19.0,4338.57,1084.64
C005828,5,24.0,4338.1,867.62
C015502,6,23.0,4338.0,723.0
C011739,5,25.0,4338.0,867.6
C003497,8,24.0,4336.65,542.08
C008511,5,15.0,4335.56,867.11
C012137,6,23.0,4335.55,722.59
C016506,7,23.0,4335.35,619.34
C000125,6,23.0,4334.3,722.38
C004813,5,18.0,4333.79,866.76
C006194,7,33.0,4333.78,619.11
C004272,6,19.0,4333.73,722.29
C001444,6,22.0,4333.43,722.24
C009607,6,22.0,4333.27,722.21
C002351,8,22.0,4333.03,541.63
C000619,3,13.0,4332.18,1444.06
C015709,3,16.0,4332.06,1444.02
C003414,7,18.0,4331.38,618.77
C003033,4,17.0,4330.84,1082.71
C003387,6,21.0,4330.69,721.78
C012586,4,18.0,4330.1,1082.53
C001563,6,20.0,4329.81,721.64
C005611,5,18.0,4329.37,865.87
C015099,9,21.0,4329.3,481.03
C002296,7,24.0,4328.91,618.42
C013070,6,26.0,4328.04,721.34
C014959,7,16.0,4327.25,618.18
C017365,7,22.0,4327.14,618.16
C007407,10,31.0,4327.06,432.71
C008277,6,18.0,4326.59,721.1
C017963,7,19.0,4325.85,617.98
C011708,6,21.0,4325.28,720.88
C018135,6,21.0,4324.87,720.81
C019470,7,18.0,4324.83,617.83
C010152,7,27.0,4324.7,617.81
C002782,8,26.0,4324.37,540.55
C002722,9,33.0,4323.94,480.44
C009569,5,19.0,4323.66,864.73
C004215,8,22.0,4323.64,540.46
C006560,7,23.0,4323.6,617.66
C008583,5,15.0,4323.57,864.71
C011757,6,26.0,4323.22,720.54
C008433,7,20.0,4323.02,617.57
C006451,6,21.0,4323.0,720.5
C004647,4,21.0,4322.87,1080.72
C013391,6,21.0,4322.41,720.4
C005238,6,21.0,4322.32,720.39
C009792,5,23.0,4321.35,864.27
C009442,8,21.0,4321.18,540.15
C002524,7,22.0,4320.89,617.27
C012901,5,22.0,4320.71,864.14
C012410,5,23.0,4320.51,864.1
C004073,9,33.0,4320.33,480.04
C003665,9,25.0,4320.22,480.02
C005075,3,17.0,4319.98,1439.99
C013790,5,17.0,4319.44,863.89
C013008,6,19.0,4319.44,719.91
C010525,5,20.0,4319.39,863.88
C011157,7,24.0,4317.9,616.84
C017570,6,23.0,4317.68,719.61
C018628,8,26.0,4317.4,539.67
C014397,8,25.0,4317.33,539.67
C010191,5,23.0,4316.7,863.34
C004912,5,22.0,4316.65,863.33
C016572,5,19.0,4316.36,863.27
C002458,7,20.0,4316.19,616.6
C018511,7,25.0,4315.8,616.54
C001392,7,25.0,4315.57,616.51
C006722,4,17.0,4315.1,1078.78
C014841,6,24.0,4314.64,719.11
C012579,5,26.0,4313.73,862.75
C014566,9,30.0,4313.52,479.28
C017318,8,24.0,4313.07,539.13
C019252,6,24.0,4313.05,718.84
C001540,5,13.0,4312.68,862.54
C019452,5,20.0,4312.52,862.5
C013019,4,16.0,4311.94,1077.98
C007729,6,24.0,4311.46,718.58
C018113,5,20.0,4311.28,862.26
C002040,6,23.0,4310.98,718.5
C018601,6,19.0,4310.03,718.34
C000700,6,19.0,4309.61,718.27
C007475,4,17.0,4309.34,1077.34
C017006,5,18.0,4309.24,861.85
C005253,5,19.0,4309.1,861.82
C017405,5,16.0,4309.03,861.81
C017230,6,16.0,4308.96,718.16
C000917,6,20.0,4308.63,718.11
C005546,6,21.0,4308.45,718.08
C001712,6,25.0,4308.45,718.08
C005345,4,22.0,4307.82,1076.96
C007125,8,26.0,4307.81,538.48
C009085,5,26.0,4307.53,861.51
C015352,9,29.0,4307.28,478.59
C009705,10,21.0,4306.98,430.7
C019111,6,25.0,4306.88,717.81
C010956,6,22.0,4306.79,717.8
C006060,7,19.0,4306.66,615.24
C015384,7,22.0,4306.59,615.23
C015076,6,25.0,4306.4,717.73
C008488,7,21.0,4306.28,615.18
C000502,6,19.0,4306.14,717.69
C002443,7,21.0,4305.66,615.09
C002530,8,24.0,4305.2,538.15
C009102,6,20.0,4304.5,717.42
C016573,7,20.0,4304.21,614.89
C014419,7,20.0,4302.98,614.71
C001974,3,17.0,4302.41,1434.14
C015481,4,20.0,4302.09,1075.52
C013361,6,15.0,4301.73,716.96
C006708,7,23.0,4301.63,614.52
C009008,7,19.0,4301.28,614.47
C009535,8,26.0,4301.17,537.65
C005682,7,26.0,4301.09,614.44
C014934,6,19.0,4300.02,716.67
C002649,8,24.0,4299.76,537.47
C004773,3,15.0,4299.63,1433.21
C003762,5,21.0,4299.61,859.92
C008616,5,26.0,4299.43,859.89
C003913,9,25.0,4299.23,477.69
C002314,7,25.0,4299.2,614.17
C010604,6,17.0,4299.18,716.53
C006556,8,19.0,4298.77,537.35
C003578,6,21.0,4298.65,716.44
C007948,8,30.0,4298.6,537.33
C014862,5,19.0,4297.03,859.41
C010386,8,26.0,4297.02,537.13
C002529,7,23.0,4296.54,613.79
C007146,6,22.0,4295.91,715.99
C002203,7,27.0,4295.51,613.64
C015954,10,30.0,4295.37,429.54
C009531,7,21.0,4294.61,613.52
C000051,6,21.0,4294.53,715.76
C017592,5,21.0,4293.3,858.66
C009712,8,23.0,4291.89,536.49
C016215,5,22.0,4291.68,858.34
C008539,7,24.0,4291.61,613.09
C008807,7,25.0,4291.32,613.05
C011525,5,22.0,4291.27,858.25
C018696,4,14.0,4290.75,1072.69
C002557,6,25.0,4290.6,715.1
C019900,6,18.0,4290.59,715.1
C018567,7,22.0,4290.26,612.89
C005093,9,30.0,4290.22,476.69
C016617,9,31.0,4289.82,476.65
C007912,7,26.0,4289.55,612.79
C009278,6,23.0,4288.97,714.83
C017587,5,21.0,4288.19,857.64
C004158,3,23.0,4287.53,1429.18
C003731,6,21.0,4287.5,714.58
C014183,6,19.0,4287.06,714.51
C018117,9,23.0,4286.84,476.32
C002135,5,18.0,4285.4,857.08
C013101,6,22.0,4285.38,714.23
C013716,6,20.0,4285.35,714.23
C010420,4,19.0,4285.19,1071.3
C000157,3,14.0,4284.95,1428.32
C003926,8,35.0,4284.32,535.54
C014785,6,21.0,4283.99,714.0
C017271,5,17.0,4283.94,856.79
C003949,6,21.0,4283.23,713.87
C014096,5,16.0,4282.79,856.56
C010371,7,28.0,4282.57,611.8
C008104,5,27.0,4282.14,856.43
C018833,6,20.0,4281.72,713.62
C007204,9,28.0,4280.88,475.65
C004913,9,24.0,4280.65,475.63
C007308,6,20.0,4280.43,713.41
C006820,8,26.0,4280.38,535.05
C019374,6,18.0,4280.32,713.39
C007509,8,22.0,4280.19,535.02
C008306,5,17.0,4280.15,856.03
C000801,6,21.0,4280.01,713.34
C010166,5,24.0,4279.81,855.96
C013291,8,22.0,4279.34,534.92
C016890,7,22.0,4278.97,611.28
C008923,6,24.0,4277.46,712.91
C017304,7,25.0,4276.36,610.91
C012989,8,18.0,4274.83,534.35
C002187,5,23.0,4274.54,854.91
C006849,7,27.0,4274.11,610.59
C010799,6,23.0,4273.97,712.33
C004012,6,21.0,4273.92,712.32
C019476,8,23.0,4273.89,534.24
C011147,7,21.0,4272.0,610.29
C001766,9,23.0,4271.96,474.66
C000966,3,19.0,4271.66,1423.89
C018968,7,19.0,4271.53,610.22
C017081,5,16.0,4270.54,854.11
C000445,7,20.0,4268.68,609.81
C015017,4,14.0,4268.51,1067.13
C018829,8,24.0,4268.34,533.54
C005170,4,19.0,4267.91,1066.98
C016249,5,16.0,4267.25,853.45
C010336,8,24.0,4267.12,533.39
C002822,7,22.0,4266.97,609.57
C009721,9,25.0,4266.52,474.06
C002750,5,22.0,4266.24,853.25
C009986,7,22.0,4265.82,609.4
C013739,5,19.0,4265.02,853.0
C013580,7,23.0,4264.57,609.22
C007806,7,26.0,4264.15,609.16
C001310,7,26.0,4263.87,609.12
C008716,5,17.0,4263.67,852.73
C018295,7,18.0,4263.36,609.05
C001570,5,21.0,4262.4,852.48
C009457,8,22.0,4262.18,532.77
C019201,6,18.0,4261.88,710.31
C017303,7,22.0,4261.61,608.8
C000775,8,25.0,4261.35,532.67
C002146,7,23.0,4260.14,608.59
C004057,4,20.0,4259.52,1064.88
C007447,4,18.0,4259.36,1064.84
C009912,5,25.0,4258.74,851.75
C018423,7,19.0,4258.46,608.35
C004910,6,20.0,4258.13,709.69
C005689,4,18.0,4258.07,1064.52
C017977,8,24.0,4257.04,532.13
C010919,6,17.0,4256.78,709.46
C016254,5,17.0,4256.5,851.3
C018844,9,29.0,4256.18,472.91
C005791,4,19.0,4256.08,1064.02
C011915,5,19.0,4255.9,851.18
C015981,8,22.0,4253.62,531.7
C016316,8,22.0,4253.61,531.7
C013195,6,17.0,4253.47,708.91
C019898,8,31.0,4252.53,531.57
C001084,5,15.0,4252.43,850.49
C006360,6,23.0,4252.22,708.7
C018578,6,25.0,4251.45,708.58
C008932,7,19.0,4251.3,607.33
C009809,4,13.0,4251.08,1062.77
C017842,6,19.0,4250.31,708.39
C011258,6,26.0,4250.12,708.35
C007863,10,20.0,4249.94,424.99
C012817,5,18.0,4249.76,849.95
C006152,8,21.0,4249.76,531.22
C013144,6,19.0,4249.24,708.21
C017504,4,21.0,4249.06,1062.27
C005009,7,19.0,4247.17,606.74
C012189,5,19.0,4246.6,849.32
C004826,5,20.0,4246.56,849.31
C019799,5,26.0,4246.11,849.22
C009481,5,22.0,4245.72,849.14
C005358,5,18.0,4245.71,849.14
C005873,7,22.0,4245.66,606.52
C010146,10,25.0,4245.57,424.56
C009254,10,25.0,4245.42,424.54
C013810,7,24.0,4245.3,606.47
C001925,7,23.0,4245.15,606.45
C017177,9,24.0,4242.53,471.39
C001429,6,26.0,4242.48,707.08
C006078,7,28.0,4242.37,606.05
C008687,3,19.0,4241.91,1413.97
C019904,7,17.0,4241.49,605.93
C002474,7,22.0,4240.88,605.84
C002764,7,27.0,4240.56,605.79
C000216,9,29.0,4240.47,471.16
C001518,4,18.0,4240.42,1060.11
C000983,5,22.0,4240.21,848.04
C015945,5,21.0,4240.0,848.0
C008256,7,26.0,4239.65,605.66
C003840,6,21.0,4239.36,706.56
C016539,8,25.0,4239.15,529.89
C002068,8,20.0,4239.07,529.88
C012593,7,23.0,4238.75,605.54
C007425,5,19.0,4237.59,847.52
C001628,6,21.0,4237.58,706.26
C004583,9,29.0,4236.71,470.75
C012245,5,23.0,4236.71,847.34
C013318,8,22.0,4236.24,529.53
C004983,5,18.0,4236.03,847.21
C017372,7,29.0,4235.93,605.13
C013349,7,22.0,4235.89,605.13
C015633,5,19.0,4235.72,847.14
C004663,8,26.0,4235.66,529.46
C004376,7,26.0,4234.86,604.98
C000566,9,26.0,4234.13,470.46
C013172,8,21.0,4233.62,529.2
C012198,7,26.0,4233.37,604.77
C016268,6,20.0,4233.34,705.56
C009271,5,18.0,4232.54,846.51
C017488,7,24.0,4232.42,604.63
C018884,6,19.0,4232.27,705.38
C005766,4,20.0,4232.25,1058.06
C018381,5,21.0,4231.38,846.28
C005209,7,25.0,4231.18,604.45
C016519,6,18.0,4229.94,704.99
C018159,4,19.0,4229.89,1057.47
C016365,7,27.0,4229.8,604.26
C013905,7,22.0,4229.67,604.24
C011700,4,15.0,4229.24,1057.31
C016858,4,26.0,4228.78,1057.2
C006915,9,27.0,4228.65,469.85
C007713,5,22.0,4228.53,845.71
C014516,6,23.0,4228.44,704.74
C018471,3,16.0,4228.42,1409.47
C015700,6,19.0,4228.36,704.73
C015348,9,20.0,4228.21,469.8
C014296,6,21.0,4227.78,704.63
C001118,9,25.0,4227.74,469.75
C007761,9,30.0,4227.62,469.74
C010509,5,25.0,4227.1,845.42
C007654,6,20.0,4227.1,704.52
C001232,4,21.0,4226.94,1056.73
C000901,6,16.0,4226.76,704.46
C003275,9,33.0,4226.73,469.64
C019144,6,22.0,4226.54,704.42
C002952,6,23.0,4226.16,704.36
C014507,4,15.0,4226.12,1056.53
C006563,3,16.0,4225.99,1408.66
C003255,8,19.0,4225.45,528.18
C007279,8,19.0,4224.89,528.11
C007819,5,21.0,4223.92,844.78
C000199,6,22.0,4223.63,703.94
C002962,7,25.0,4223.4,603.34
C007939,8,23.0,4223.24,527.91
C018959,6,23.0,4222.41,703.74
C010271,6,21.0,4222.07,703.68
C009648,5,21.0,4222.03,844.41
C003258,7,26.0,4221.71,603.1
C012461,3,16.0,4221.29,1407.1
C018147,7,27.0,4220.72,602.96
C008690,6,23.0,4220.63,703.44
C003468,6,21.0,4219.95,703.33
C010637,5,24.0,4219.85,843.97
C019162,5,21.0,4219.76,843.95
C015447,8,19.0,4219.71,527.46
C003096,6,21.0,4218.75,703.13
C007696,6,23.0,4218.17,703.03
C006468,7,21.0,4217.79,602.54
C013128,4,21.0,4217.67,1054.42
C017175,10,24.0,4217.46,421.75
C003230,6,24.0,4217.07,702.84
C014070,7,32.0,4216.9,602.41
C003959,6,18.0,4216.72,702.79
C011679,8,22.0,4216.71,527.09
C001543,5,17.0,4216.44,843.29
C012275,6,21.0,4216.26,702.71
C015612,6,20.0,4216.04,702.67
C004708,6,24.0,4215.48,702.58
C016625,5,18.0,4215.3,843.06
C003708,10,28.0,4215.24,421.52
C002845,8,19.0,4214.56,526.82
C005307,6,20.0,4214.53,702.42
C002096,6,18.0,4213.97,702.33
C018554,6,22.0,4213.95,702.33
C001806,7,20.0,4213.87,601.98
C011489,6,21.0,4211.14,701.86
C002831,6,19.0,4210.78,701.8
C005482,4,20.0,4210.24,1052.56
C011112,9,24.0,4210.23,467.8
C000899,5,17.0,4209.8,841.96
C008643,7,24.0,4209.44,601.35
C014153,6,27.0,4209.32,701.55
C009984,9,27.0,4208.94,467.66
C013584,7,21.0,4208.82,601.26
C000831,9,24.0,4208.67,467.63
C014277,7,26.0,4208.44,601.21
C019674,7,25.0,4208.34,601.19
C014416,7,21.0,4207.76,601.11
C017236,8,24.0,4207.65,525.96
C015333,5,24.0,4206.95,841.39
C007018,5,19.0,4206.71,841.34
C009972,6,19.0,4206.58,701.1
C000088,6,23.0,4206.49,701.08
C011358,3,16.0,4206.4,1402.13
C017951,7,24.0,4205.75,600.82
C003801,6,22.0,4205.74,700.96
C015489,11,35.0,4205.65,382.33
C011587,7,29.0,4205.05,600.72
C007904,4,16.0,4204.83,1051.21
C005945,6,19.0,4204.59,700.77
C005392,6,22.0,4204.54,700.76
C016301,7,19.0,4203.52,600.5
C007243,6,18.0,4203.51,700.59
C017523,4,21.0,4203.5,1050.88
C014488,5,23.0,4203.25,840.65
C014726,7,22.0,4202.3,600.33
C004328,9,36.0,4201.73,466.86
C019103,5,19.0,4201.05,840.21
C010145,9,24.0,4200.08,466.68
C007599,7,42.0,4199.66,599.95
C015445,5,22.0,4199.29,839.86
C014280,7,17.0,4199.01,599.86
C014032,5,19.0,4198.86,839.77
C001587,9,29.0,4198.44,466.49
C000419,8,22.0,4198.25,524.78
C011392,6,19.0,4198.17,699.7
C015891,6,23.0,4197.81,699.64
C016436,8,19.0,4197.65,524.71
C003510,8,22.0,4197.32,524.67
C004918,4,18.0,4197.18,1049.3
C011402,5,16.0,4197.15,839.43
C002483,7,21.0,4196.59,599.51
C014148,4,17.0,4196.35,1049.09
C005518,6,23.0,4196.15,699.36
C004309,6,22.0,4195.03,699.17
C015978,7,21.0,4194.83,599.26
C015607,7,19.0,4194.06,599.15
C016516,7,29.0,4192.92,598.99
C018464,7,23.0,4192.59,598.94
C003282,8,29.0,4192.52,524.07
C016919,6,19.0,4191.82,698.64
C001255,9,27.0,4191.4,465.71
C014931,7,25.0,4190.85,598.69
C015394,7,20.0,4190.6,598.66
C003541,8,25.0,4190.33,523.79
C017928,5,21.0,4189.76,837.95
C010070,7,22.0,4189.73,598.53
C015639,9,29.0,4189.08,465.45
C011008,5,21.0,4189.08,837.82
C004729,5,21.0,4189.03,837.81
C002763,9,26.0,4187.81,465.31
C000238,7,29.0,4187.73,598.25
C013656,6,22.0,4187.42,697.9
C007322,7,22.0,4186.89,598.13
C015776,4,20.0,4186.48,1046.62
C000239,7,20.0,4186.27,598.04
C016575,4,15.0,4185.91,1046.48
C014472,5,20.0,4184.94,836.99
C007026,7,28.0,4184.88,597.84
C010149,6,18.0,4184.75,697.46
C005794,6,23.0,4184.47,697.41
C001254,6,22.0,4184.02,697.34
C008017,6,20.0,4183.81,697.3
C011108,7,32.0,4183.54,597.65
C007959,6,19.0,4183.46,697.24
C008232,5,20.0,4183.32,836.66
C019188,7,23.0,4183.12,597.59
C013014,4,19.0,4182.93,1045.73
C006326,6,20.0,4182.84,697.14
C002579,5,21.0,4182.72,836.54
C002222,5,18.0,4182.67,836.53
C010311,5,19.0,4181.59,836.32
C016994,7,26.0,4179.53,597.08
C010843,6,23.0,4179.09,696.52
C018361,5,20.0,4178.13,835.63
C016467,6,20.0,4177.62,696.27
C016579,5,20.0,4176.43,835.29
C009805,6,22.0,4176.23,696.04
C005619,3,22.0,4176.14,1392.05
C013708,5,17.0,4176.05,835.21
C013964,5,22.0,4175.99,835.2
C014446,4,18.0,4175.97,1043.99
C000842,5,19.0,4175.19,835.04
C000324,7,22.0,4174.96,596.42
C006625,7,21.0,4174.23,596.32
C009039,6,27.0,4173.69,695.61
C000848,7,21.0,4173.68,596.24
C003626,6,23.0,4173.65,695.61
C005053,4,18.0,4172.76,1043.19
C017717,6,15.0,4172.1,695.35
C011425,4,23.0,4171.68,1042.92
C013379,4,20.0,4171.67,1042.92
C008230,8,27.0,4170.96,521.37
C019571,6,20.0,4170.73,695.12
C019861,5,17.0,4170.18,834.04
C011179,9,35.0,4169.25,463.25
C018231,6,19.0,4169.19,694.86
C007695,5,15.0,4169.06,833.81
C005314,6,18.0,4168.85,694.81
C007149,6,26.0,4168.38,694.73
C012194,6,22.0,4168.37,694.73
C004300,7,24.0,4167.96,595.42
C014572,6,25.0,4167.59,694.6
C009461,4,14.0,4167.25,1041.81
C011420,4,16.0,4167.02,1041.76
C015693,8,30.0,4166.78,520.85
C016669,6,21.0,4166.68,694.45
C011864,7,19.0,4166.59,595.23
C002038,9,30.0,4165.86,462.87
C013215,6,20.0,4164.95,694.16
C001304,7,18.0,4164.27,594.9
C012864,6,19.0,4164.11,694.02
C006519,7,20.0,4163.88,594.84
C016393,8,24.0,4163.41,520.43
C018708,5,19.0,4163.26,832.65
C017750,4,17.0,4162.96,1040.74
C011061,5,22.0,4162.95,832.59
C002571,6,24.0,4162.93,693.82
C002576,5,21.0,4162.03,832.41
C003711,10,27.0,4161.82,416.18
C018978,7,20.0,4161.69,594.53
C000360,8,29.0,4161.62,520.2
C008397,11,36.0,4161.37,378.31
C014689,8,22.0,4161.14,520.14
C004764,8,24.0,4160.65,520.08
C014791,4,16.0,4160.49,1040.12
C008987,7,26.0,4160.28,594.33
C018196,5,23.0,4160.16,832.03
C007235,10,27.0,4159.64,415.96
C004811,7,25.0,4159.52,594.22
C018571,8,28.0,4159.34,519.92
C004065,6,18.0,4159.21,693.2
C001688,4,20.0,4159.11,1039.78
C019664,6,25.0,4159.08,693.18
C003250,6,13.0,4158.93,693.16
C002733,5,25.0,4158.81,831.76
C016586,7,23.0,4158.74,594.11
C006756,7,19.0,4157.95,593.99
C009685,5,16.0,4157.32,831.46
C009031,10,31.0,4156.96,415.7
C002633,8,33.0,4156.17,519.52
C007107,7,26.0,4155.93,593.7
C009602,8,23.0,4155.24,519.41
C016687,8,20.0,4155.14,519.39
C004041,8,29.0,4154.7,519.34
C006033,7,25.0,4154.44,593.49
C004557,6,16.0,4154.4,692.4
C001055,7,28.0,4154.25,593.46
C006466,7,25.0,4153.87,593.41
C010379,8,28.0,4153.83,519.23
C013785,5,21.0,4153.17,830.63
C012536,6,24.0,4153.12,692.19
C007369,5,23.0,4153.0,830.6
C001522,8,32.0,4152.37,519.05
C002119,6,21.0,4151.38,691.9
C001774,6,25.0,4150.82,691.8
C011009,6,21.0,4150.69,691.78
C015766,5,20.0,4149.86,829.97
C004295,7,20.0,4148.74,592.68
C014158,5,21.0,4148.66,829.73
C010633,4,15.0,4148.53,1037.13
C011068,6,22.0,4148.42,691.4
C002932,8,21.0,4148.4,518.55
C009319,6,16.0,4147.74,691.29
C019601,4,20.0,4147.02,1036.76
C009192,5,16.0,4146.65,829.33
C005013,7,27.0,4146.53,592.36
C007699,8,35.0,4146.36,518.29
C004740,8,23.0,4146.36,518.29
C012526,7,21.0,4146.36,592.34
C015064,6,18.0,4146.17,691.03
C015390,5,22.0,4145.51,829.1
C016299,6,20.0,4145.41,690.9
C002969,6,18.0,4144.58,690.76
C000604,4,24.0,4143.46,1035.87
C017079,9,31.0,4142.81,460.31
C012467,7,18.0,4142.74,591.82
C000163,6,20.0,4142.66,690.44
C018857,6,16.0,4142.47,690.41
C010121,6,23.0,4142.3,690.38
C005174,7,19.0,4141.8,591.69
C013755,7,29.0,4141.59,591.66
C010177,6,20.0,4141.47,690.25
C007811,9,21.0,4141.45,460.16
C009198,5,24.0,4141.23,828.25
C001912,4,19.0,4140.83,1035.21
C006369,10,38.0,4140.81,414.08
C000485,6,20.0,4140.72,690.12
C012610,5,30.0,4140.6,828.12
C007958,7,31.0,4140.58,591.51
C006651,7,27.0,4140.0,591.43
C001890,5,23.0,4140.0,828.0
C006955,5,19.0,4139.76,827.95
C012935,4,14.0,4139.66,1034.92
C009373,7,25.0,4139.32,591.33
C005914,7,20.0,4139.2,591.31
C013997,8,22.0,4139.19,517.4
C017252,8,26.0,4138.94,517.37
C007008,5,18.0,4138.91,827.78
C003996,8,20.0,4138.6,517.33
C006540,6,19.0,4138.24,689.71
C015758,6,21.0,4138.05,689.68
C015279,6,20.0,4137.53,689.59
C008267,7,23.0,4136.98,591.0
C014662,8,24.0,4136.74,517.09
C007430,6,22.0,4135.53,689.26
C013106,8,34.0,4135.5,516.94
C006041,7,23.0,4135.32,590.76
C005317,6,21.0,4135.1,689.18
C013223,4,19.0,4135.09,1033.77
C009680,9,24.0,4134.85,459.43
C013742,6,25.0,4134.4,689.07
C007640,6,18.0,4134.11,689.02
C008159,8,23.0,4134.11,516.76
C019956,8,24.0,4134.11,516.76
C018855,7,26.0,4134.04,590.58
C003986,5,21.0,4133.88,826.78
C006035,7,19.0,4133.84,590.55
C018942,6,18.0,4133.57,688.93
C005187,5,18.0,4133.03,826.61
C017555,6,22.0,4132.91,688.82
C003562,6,21.0,4132.36,688.73
C005798,7,23.0,4131.95,590.28
C007106,5,23.0,4131.83,826.37
C009081,5,26.0,4131.57,826.31
C018400,6,22.0,4131.21,688.54
C011183,5,18.0,4131.14,826.23
C003218,5,21.0,4130.66,826.13
C006399,7,21.0,4130.55,590.08
C017670,4,21.0,4130.51,1032.63
C015153,8,20.0,4130.36,516.29
C005160,6,20.0,4130.2,688.37
C008021,6,24.0,4130.02,688.34
C018800,6,24.0,4129.88,688.31
C004871,5,26.0,4129.85,825.97
C007189,6,20.0,4129.29,688.22
C016564,6,26.0,4129.26,688.21
C019032,8,30.0,4128.67,516.08
C000512,7,29.0,4128.61,589.8
C003220,5,20.0,4128.47,825.69
C003208,7,19.0,4128.43,589.78
C003590,7,21.0,4127.26,589.61
C001179,6,21.0,4126.2,687.7
C012256,7,22.0,4125.53,589.36
C010112,5,25.0,4125.03,825.01
C013002,3,18.0,4123.27,1374.42
C019581,7,24.0,4122.98,589.0
C018580,8,23.0,4122.91,515.36
C008584,4,15.0,4122.83,1030.71
C007554,5,24.0,4122.62,824.52
C013475,6,25.0,4122.42,687.07
C001331,6,17.0,4122.07,687.01
C013759,7,25.0,4121.35,588.76
C013266,5,24.0,4121.01,824.2
C000720,7,19.0,4120.49,588.64
C002164,6,24.0,4120.49,686.75
C017849,6,28.0,4120.01,686.67
C008671,6,18.0,4119.96,686.66
C008181,8,25.0,4119.82,514.98
C005442,7,22.0,4119.67,588.52
C004553,8,23.0,4119.14,514.89
C006312,8,26.0,4119.12,514.89
C019039,7,27.0,4119.09,588.44
C006342,6,30.0,4118.36,686.39
C015478,5,20.0,4117.93,823.59
C004651,6,23.0,4117.34,686.22
C005799,5,22.0,4116.37,823.27
C000643,6,19.0,4116.24,686.04
C014669,6,20.0,4116.19,686.03
C016846,8,27.0,4115.67,514.46
C006529,5,19.0,4115.67,823.13
C012400,7,22.0,4115.11,587.87
C011499,6,21.0,4114.65,685.78
C006098,4,25.0,4114.09,1028.52
C016259,6,21.0,4113.95,685.66
C011408,6,20.0,4113.87,685.65
C017683,5,21.0,4113.82,822.76
C013438,7,22.0,4113.78,587.68
C008547,6,20.0,4113.51,685.59
C005390,5,18.0,4113.14,822.63
C002627,7,23.0,4112.86,587.55
C007906,5,20.0,4112.63,822.53
C013868,9,22.0,4112.56,456.95
C012966,6,22.0,4112.5,685.42
C003354,12,21.0,4112.37,342.7
C006295,5,22.0,4112.06,822.41
C000523,5,22.0,4111.69,822.34
C019726,8,25.0,4111.02,513.88
C012169,5,20.0,4111.0,822.2
C018973,5,23.0,4110.89,822.18
C013642,7,21.0,4110.4,587.2
C012460,8,24.0,4110.4,513.8
C004931,6,16.0,4110.32,685.05
C001177,5,21.0,4110.03,822.01
C012351,8,25.0,4109.9,513.74
C017048,7,18.0,4109.49,587.07
C018766,9,26.0,4108.28,456.48
C010734,8,30.0,4108.07,513.51
C005210,6,21.0,4107.94,684.66
C009395,7,22.0,4107.8,586.83
C008373,7,26.0,4107.65,586.81
C000932,6,19.0,4106.91,684.49
C004134,10,35.0,4106.68,410.67
C004620,8,35.0,4106.53,513.32
C017154,6,21.0,4106.02,684.34
C015770,7,23.0,4105.44,586.49
C008964,5,21.0,4104.97,820.99
C005522,9,26.0,4104.95,456.11
C001802,11,34.0,4104.37,373.12
C008390,6,22.0,4104.08,684.01
C013688,6,21.0,4103.39,683.9
C000082,6,22.0,4102.52,683.75
C019978,5,19.0,4102.34,820.47
C009642,5,20.0,4102.31,820.46
C000653,8,30.0,4102.17,512.77
C006848,8,27.0,4101.53,512.69
C007068,6,23.0,4101.51,683.59
C017467,7,22.0,4101.27,585.9
C001885,6,24.0,4101.15,683.53
C015095,5,18.0,4101.04,820.21
C019835,6,21.0,4100.58,683.43
C005412,7,21.0,4100.24,585.75
C015852,6,21.0,4100.19,683.36
C014247,6,16.0,4099.77,683.3
C014087,5,20.0,4099.68,819.94
C009293,6,23.0,4098.81,683.14
C012001,7,20.0,4098.79,585.54
C011451,7,24.0,4098.68,585.53
C014209,8,22.0,4098.19,512.27
C006691,5,22.0,4097.97,819.59
C006927,4,16.0,4097.15,1024.29
C015538,5,20.0,4096.54,819.31
C010448,6,24.0,4096.4,682.73
C014193,6,22.0,4096.11,682.69
C015010,7,17.0,4095.66,585.09
C013151,4,15.0,4095.42,1023.86
C006924,6,18.0,4094.99,682.5
C013141,7,23.0,4094.6,584.94
C013620,7,22.0,4094.29,584.9
C008308,7,17.0,4094.14,584.88
C011890,4,13.0,4094.0,1023.5
C003193,7,24.0,4093.85,584.84
C001714,8,30.0,4093.66,511.71
C012086,4,25.0,4092.97,1023.24
C001944,8,28.0,4092.42,511.55
C002681,5,20.0,4092.25,818.45
C012722,8,28.0,4092.0,511.5
C011367,3,25.0,4091.45,1363.82
C016740,6,19.0,4091.06,681.84
C003095,3,19.0,4091.06,1363.69
C010220,7,24.0,4090.75,584.39
C009637,6,25.0,4089.62,681.6
C019153,6,19.0,4088.46,681.41
C008287,6,15.0,4088.01,681.34
C016841,8,22.0,4087.89,510.99
C019961,6,22.0,4087.13,681.19
C019513,6,22.0,4086.97,681.16
C014453,4,22.0,4086.46,1021.62
C000417,6,26.0,4086.3,681.05
C014514,7,32.0,4085.55,583.65
C016877,6,20.0,4084.77,680.8
C009354,7,25.0,4084.67,583.52
C004024,6,19.0,4084.38,680.73
C000129,12,33.0,4084.27,340.36
C000021,10,22.0,4083.96,408.4
C004799,8,21.0,4083.6,510.45
C009714,6,21.0,4083.03,680.51
C016310,7,18.0,4082.75,583.25
C002255,8,19.0,4081.6,510.2
C012844,7,28.0,4081.21,583.03
C008587,4,21.0,4081.2,1020.3
C015869,3,15.0,4081.01,1360.34
C005077,6,24.0,4080.79,680.13
C017926,7,20.0,4080.35,582.91
C008477,5,19.0,4080.26,816.05
C001995,8,23.0,4080.2,510.03
C002335,9,23.0,4079.38,453.26
C015649,5,22.0,4079.31,815.86
C019196,6,23.0,4079.12,679.85
C016079,3,21.0,4078.46,1359.49
C001233,9,18.0,4078.29,453.14
C010338,5,22.0,4077.99,815.6
C014060,3,18.0,4077.63,1359.21
C003516,7,22.0,4077.28,582.47
C004868,7,20.0,4076.96,582.42
C008492,4,12.0,4076.63,1019.16
C005290,5,19.0,4076.61,815.32
C009784,6,16.0,4075.32,679.22
C015537,4,13.0,4075.13,1018.78
C014930,6,25.0,4074.61,679.1
C014646,3,16.0,4074.01,1358.0
C012509,7,19.0,4073.96,581.99
C007372,8,21.0,4073.87,509.23
C017920,5,20.0,4073.65,814.73
C005113,6,22.0,4073.63,678.94
C018562,5,20.0,4072.79,814.56
C015327,7,22.0,4072.54,581.79
C015144,5,20.0,4072.48,814.5
C002527,9,21.0,4072.13,452.46
C012317,6,25.0,4071.7,678.62
C018838,4,14.0,4071.65,1017.91
C009468,5,20.0,4071.65,814.33
C012395,6,20.0,4071.31,678.55
C012396,7,27.0,4070.27,581.47
C017140,6,24.0,4069.92,678.32
C014279,5,22.0,4069.8,813.96
C012617,2,16.0,4069.67,2034.84
C017322,10,29.0,4069.61,406.96
C014164,6,19.0,4069.38,678.23
C015318,5,27.0,4068.99,813.8
C013804,6,18.0,4068.92,678.15
C006080,9,32.0,4068.73,452.08
C010617,3,17.0,4068.64,1356.21
C014141,6,28.0,4068.54,678.09
C011327,7,21.0,4067.74,581.11
C011020,9,31.0,4067.52,451.95
C016850,8,22.0,4067.39,508.42
C004315,4,16.0,4067.36,1016.84
C016492,8,27.0,4066.9,508.36
C002658,5,19.0,4066.44,813.29
C012618,9,30.0,4065.97,451.77
C009869,4,19.0,4064.79,1016.2
C000986,9,21.0,4064.66,451.63
C001237,11,27.0,4064.54,369.5
C009073,5,19.0,4064.3,812.86
C006426,6,20.0,4064.28,677.38
C012611,5,17.0,4064.17,812.83
C010788,6,21.0,4063.99,677.33
C004388,6,20.0,4063.97,677.33
C002336,8,22.0,4063.54,507.94
C015552,7,24.0,4063.15,580.45
C012082,5,20.0,4062.14,812.43
C014341,8,23.0,4061.97,507.75
C000530,6,31.0,4061.78,676.96
C006899,7,32.0,4060.72,580.1
C008906,8,19.0,4060.58,507.57
C000101,7,23.0,4060.16,580.02
C012371,6,16.0,4059.58,676.6
C016788,8,20.0,4059.29,507.41
C000165,7,27.0,4059.01,579.86
C016655,7,25.0,4058.46,579.78
C006788,9,25.0,4058.41,450.93
C004612,6,24.0,4057.86,676.31
C006024,10,34.0,4057.01,405.7
C017746,7,20.0,4056.96,579.57
C017276,8,28.0,4056.95,507.12
C008524,4,19.0,4056.91,1014.23
C005082,8,22.0,4056.85,507.11
C004989,6,18.0,4056.68,676.11
C008407,6,19.0,4056.09,676.02
C004657,6,18.0,4056.02,676.0
C003491,5,21.0,4055.25,811.05
C011779,6,22.0,4054.61,675.77
C001798,9,21.0,4053.84,450.43
C009420,4,25.0,4053.8,1013.45
C017335,6,21.0,4053.26,675.54
C015152,5,19.0,4052.95,810.59
C009336,6,25.0,4052.64,675.44
C018694,4,19.0,4052.61,1013.15
C006802,6,21.0,4052.22,675.37
C007605,5,25.0,4051.4,810.28
C006053,5,25.0,4050.45,810.09
C009930,4,19.0,4050.3,1012.58
C001842,9,27.0,4050.3,450.03
C006444,5,19.0,4049.7,809.94
C012548,5,16.0,4049.1,809.82
C003449,10,21.0,4048.74,404.87
C005687,8,27.0,4048.35,506.04
C002844,5,20.0,4048.08,809.62
C010776,5,22.0,4048.03,809.61
C010356,6,24.0,4047.98,674.66
C004565,7,25.0,4047.75,578.25
C014063,7,22.0,4047.42,578.2
C006564,8,26.0,4046.47,505.81
C006355,5,18.0,4046.26,809.25
C007142,7,22.0,4046.18,578.03
C000176,6,18.0,4046.15,674.36
C008439,6,22.0,4045.65,674.28
C018759,7,21.0,4045.31,577.9
C017996,7,15.0,4044.61,577.8
C010816,5,21.0,4044.47,808.89
C008799,5,18.0,4044.16,808.83
C016751,6,20.0,4043.96,673.99
C010104,7,25.0,4043.66,577.67
C014661,6,19.0,4043.41,673.9
C009427,6,20.0,4043.14,673.86
C015408,5,22.0,4042.82,808.56
C010113,7,23.0,4042.46,577.49
C017614,6,16.0,4042.36,673.73
C001363,6,21.0,4042.26,673.71
C000704,6,23.0,4041.24,673.54
C007515,4,19.0,4040.98,1010.25
C000753,10,30.0,4040.79,404.08
C002771,7,21.0,4040.49,577.21
C019114,4,23.0,4040.26,1010.07
C011710,7,20.0,4040.08,577.15
C010802,7,25.0,4039.32,577.05
C010315,7,24.0,4039.22,577.03
C012167,6,23.0,4038.9,673.15
C010736,7,23.0,4038.64,576.95
C006019,5,25.0,4038.57,807.71
C002547,9,24.0,4037.35,448.59
C008366,7,23.0,4037.02,576.72
C000783,7,20.0,4036.88,576.7
C003444,9,34.0,4036.69,448.52
C010599,5,25.0,4036.69,807.34
C004479,6,17.0,4036.54,672.76
C000785,5,15.0,4036.48,807.3
C007114,5,17.0,4036.45,807.29
C017866,10,35.0,4036.4,403.64
C014054,4,19.0,4035.76,1008.94
C010403,4,19.0,4035.74,1008.94
C015512,4,17.0,4035.72,1008.93
C016942,7,21.0,4034.88,576.41
C008025,5,21.0,4034.59,806.92
C017891,10,27.0,4034.59,403.46
C018531,6,22.0,4034.58,672.43
C004214,7,26.0,4033.96,576.28
C002102,6,20.0,4033.9,672.32
C017285,7,21.0,4033.8,576.26
C003222,5,22.0,4033.14,806.63
C019854,8,21.0,4032.97,504.12
C009726,6,21.0,4032.86,672.14
C013563,5,20.0,4031.95,806.39
C006961,8,25.0,4031.63,503.95
C011483,6,17.0,4031.48,671.91
C003394,4,14.0,4031.35,1007.84
C001757,3,17.0,4031.31,1343.77
C000809,3,17.0,4030.4,1343.47
C001039,8,27.0,4029.81,503.73
C012852,7,25.0,4029.63,575.66
C019743,5,23.0,4029.57,805.91
C000294,11,30.0,4029.21,366.29
C007550,6,16.0,4028.99,671.5
C012035,6,15.0,4028.59,671.43
C019514,6,17.0,4028.48,671.41
C009038,5,19.0,4028.36,805.67
C011688,8,22.0,4028.28,503.54
C002699,6,22.0,4027.7,671.28
C010167,7,20.0,4027.47,575.35
C008015,6,19.0,4026.37,671.06
C004020,6,19.0,4026.26,671.04
C008813,5,21.0,4025.39,805.08
C003766,6,30.0,4024.99,670.83
C014194,8,23.0,4024.86,503.11
C013142,6,22.0,4024.63,670.77
C019868,4,17.0,4024.11,1006.03
C017821,6,29.0,4023.86,670.64
C002575,6,24.0,4023.81,670.64
C005739,6,17.0,4023.62,670.6
C018305,4,14.0,4023.06,1005.77
C017376,5,14.0,4022.81,804.56
C016175,7,27.0,4022.73,574.68
C005184,4,15.0,4022.56,1005.64
C017623,8,20.0,4022.42,502.8
C002137,3,21.0,4022.1,1340.7
C005642,6,23.0,4021.98,670.33
C000222,10,24.0,4021.92,402.19
C013853,9,22.0,4021.72,446.86
C003828,6,16.0,4021.57,670.26
C007281,7,21.0,4020.63,574.38
C004625,6,21.0,4020.43,670.07
C019520,6,20.0,4020.01,670.0
C016661,4,17.0,4019.97,1004.99
C011654,5,21.0,4019.93,803.99
C016253,7,19.0,4019.37,574.2
C002606,8,19.0,4019.0,502.38
C017979,5,16.0,4018.83,803.77
C007659,7,21.0,4018.63,574.09
C017471,6,21.0,4017.77,669.63
C003653,6,20.0,4017.7,669.62
C018583,7,25.0,4017.58,573.94
C019052,5,18.0,4017.36,803.47
C018479,6,23.0,4017.21,669.54
C007029,7,22.0,4017.08,573.87
C016225,9,26.0,4016.91,446.32
C015225,8,24.0,4016.69,502.09
C017675,5,19.0,4016.47,803.29
C017827,6,19.0,4016.44,669.41
C000204,6,23.0,4016.43,669.41
C001836,9,23.0,4016.04,446.23
C013746,7,24.0,4015.69,573.67
C003719,8,26.0,4015.49,501.94
C007974,7,19.0,4015.43,573.63
C001515,8,26.0,4014.93,501.87
C010362,7,19.0,4014.92,573.56
C010223,6,22.0,4014.26,669.04
C009237,6,22.0,4014.18,669.03
C018727,2,14.0,4013.74,2006.87
C001228,8,29.0,4013.47,501.68
C010369,5,19.0,4012.83,802.57
C009773,6,18.0,4012.5,668.75
C006237,4,17.0,4012.35,1003.09
C019198,8,16.0,4012.09,501.51
C013058,7,24.0,4011.79,573.11
C018577,7,21.0,4011.7,573.1
C017801,6,16.0,4011.68,668.61
C010643,4,15.0,4010.63,1002.66
C007675,7,25.0,4010.61,572.94
C004757,8,27.0,4009.98,501.25
C000347,8,24.0,4009.74,501.22
C007467,4,13.0,4009.71,1002.43
C003504,8,17.0,4009.42,501.18
C004143,8,22.0,4009.34,501.17
C016438,4,15.0,4008.98,1002.25
C001819,7,21.0,4008.64,572.66
C003857,6,24.0,4008.46,668.08
C016819,5,21.0,4007.87,801.57
C000769,6,21.0,4006.33,667.72
C012619,8,24.0,4005.88,500.74
C008908,6,18.0,4005.77,667.63
C017839,6,21.0,4005.12,667.52
C006117,7,24.0,4005.09,572.16
C015829,6,16.0,4003.74,667.29
C007757,7,19.0,4003.5,571.93
C017011,7,23.0,4003.37,571.91
C016598,8,21.0,4003.3,500.41
C018313,5,20.0,4002.94,800.59
C007410,5,20.0,4001.74,800.35
C008485,7,22.0,4001.69,571.67
C017643,5,21.0,4001.54,800.31
C011898,5,19.0,4001.34,800.27
C002947,6,23.0,4000.91,666.82
C005887,5,15.0,4000.89,800.18
C008683,5,17.0,4000.82,800.16
C002821,6,18.0,4000.77,666.8
C000470,7,22.0,4000.06,571.44
C009691,5,23.0,4000.01,800.0
C015648,6,23.0,3999.85,666.64
C015060,7,23.0,3999.6,571.37
C006102,6,19.0,3999.03,666.51
C015204,5,17.0,3998.17,799.63
C017498,7,27.0,3997.95,571.14
C016247,5,19.0,3997.48,799.5
C019259,5,18.0,3997.45,799.49
C010426,7,26.0,3997.39,571.06
C011079,5,19.0,3996.89,799.38
C001306,4,14.0,3996.79,999.2
C012424,4,24.0,3996.72,999.18
C000820,7,18.0,3996.53,570.93
C018799,4,18.0,3996.24,999.06
C002328,7,18.0,3996.23,570.89
C015245,5,16.0,3995.89,799.18
C015021,5,18.0,3995.8,799.16
C017065,4,17.0,3995.06,998.77
C004768,3,17.0,3994.89,1331.63
C004245,3,16.0,3994.4,1331.47
C000979,6,29.0,3993.72,665.62
C013517,3,14.0,3993.63,1331.21
C002912,8,27.0,3993.26,499.16
C006134,9,28.0,3993.15,443.68
C010125,8,21.0,3993.08,499.14
C000192,5,19.0,3992.97,798.59
C013426,9,21.0,3992.75,443.64
C000232,7,17.0,3992.65,570.38
C019340,7,18.0,3992.5,570.36
C005638,6,26.0,3992.37,665.4
C016228,5,19.0,3992.09,798.42
C017000,6,22.0,3991.97,665.33
C009677,6,19.0,3991.5,665.25
C005627,5,21.0,3990.96,798.19
C015393,7,21.0,3990.87,570.12
C015057,6,22.0,3990.07,665.01
C005094,7,16.0,3989.4,569.91
C008323,6,20.0,3989.31,664.89
C000903,5,21.0,3988.01,797.6
C015268,9,23.0,3987.47,443.05
C010061,8,23.0,3987.46,498.43
C001335,7,23.0,3987.39,569.63
C001953,8,24.0,3987.11,498.39
C012119,6,13.0,3987.05,664.51
C010635,8,25.0,3986.99,498.37
C000107,8,26.0,3986.58,498.32
C007461,4,15.0,3986.47,996.62
C010343,5,18.0,3986.35,797.27
C013010,7,29.0,3985.75,569.39
C017294,8,24.0,3984.74,498.09
C002424,5,25.0,3983.47,796.69
C009310,8,24.0,3983.43,497.93
C000529,9,31.0,3983.23,442.58
C002430,7,25.0,3983.03,569.0
C007638,6,26.0,3982.82,663.8
C014459,6,20.0,3982.54,663.76
C010056,5,19.0,3982.31,796.46
C016163,6,20.0,3982.09,663.68
C004869,5,15.0,3982.05,796.41
C017183,5,17.0,3981.77,796.35
C016508,6,18.0,3981.66,663.61
C013869,6,21.0,3981.58,663.6
C001359,8,25.0,3981.54,497.69
C018432,7,23.0,3980.45,568.64
C011239,7,21.0,3979.75,568.54
C003846,7,26.0,3979.2,568.46
C003240,8,25.0,3978.85,497.36
C008250,6,18.0,3978.52,663.09
C013001,5,19.0,3977.85,795.57
C007392,4,20.0,3977.53,994.38
C008019,5,26.0,3977.51,795.5
C013208,5,20.0,3977.4,795.48
C003699,9,21.0,3977.38,441.93
C018941,3,13.0,3977.03,1325.68
C013811,6,18.0,3976.96,662.83
C013027,6,18.0,3976.93,662.82
C007414,5,19.0,3976.89,795.38
C002190,5,17.0,3976.22,795.24
C002930,6,23.0,3976.15,662.69
C013462,7,22.0,3976.09,568.01
C008429,7,22.0,3975.96,567.99
C015822,6,21.0,3975.69,662.62
C013963,6,18.0,3974.83,662.47
C005831,5,29.0,3974.64,794.93
C016348,7,24.0,3973.79,567.68
C016500,5,18.0,3973.76,794.75
C003261,5,20.0,3973.73,794.75
C009320,6,20.0,3973.56,662.26
C000885,8,25.0,3973.55,496.69
C010002,8,30.0,3973.42,496.68
C019368,5,23.0,3972.95,794.59
C019066,6,25.0,3972.95,662.16
C013219,5,17.0,3972.47,794.49
C016214,6,22.0,3972.35,662.06
C005950,8,28.0,3972.24,496.53
C011203,5,16.0,3971.63,794.33
C015692,6,19.0,3971.59,661.93
C019584,8,28.0,3970.17,496.27
C010529,9,28.0,3970.05,441.12
C000937,8,26.0,3969.88,496.24
C019645,6,19.0,3969.29,661.55
C003839,7,21.0,3968.6,566.94
C014495,4,21.0,3968.27,992.07
C018360,4,15.0,3968.18,992.05
C001762,6,21.0,3967.57,661.26
C011227,6,21.0,3967.38,661.23
C000010,8,34.0,3967.1,495.89
C005836,5,16.0,3967.09,793.42
C019166,8,27.0,3966.97,495.87
C003525,6,21.0,3966.96,661.16
C005816,8,19.0,3966.79,495.85
C011317,8,20.0,3966.76,495.85
C001100,4,19.0,3966.64,991.66
C018947,5,28.0,3966.55,793.31
C012545,7,26.0,3966.03,566.58
C002979,9,38.0,3965.49,440.61
C017353,6,20.0,3965.32,660.89
C014606,6,20.0,3965.16,660.86
C010260,4,17.0,3964.94,991.24
C016707,11,27.0,3963.37,360.31
C008125,7,24.0,3963.22,566.17
C016237,5,18.0,3962.75,792.55
C008697,3,19.0,3962.51,1320.84
C018847,7,22.0,3962.49,566.07
C007802,3,15.0,3961.83,1320.61
C016941,6,25.0,3961.38,660.23
C014502,5,19.0,3961.3,792.26
C000576,6,26.0,3961.3,660.22
C011884,7,27.0,3961.21,565.89
C013344,7,17.0,3961.11,565.87
C004232,7,22.0,3960.45,565.78
C002503,6,19.0,3960.17,660.03
C013205,7,24.0,3959.68,565.67
C016810,5,16.0,3959.26,791.85
C005937,5,22.0,3959.19,791.84
C010563,5,18.0,3958.37,791.67
C011209,4,23.0,3958.25,989.56
C019696,4,21.0,3958.09,989.52
C001013,6,16.0,3957.75,659.63
C003576,4,20.0,3957.36,989.34
C009401,9,31.0,3957.14,439.68
C004594,6,20.0,3956.53,659.42
C011738,4,23.0,3956.03,989.01
C005155,4,17.0,3955.93,988.98
C018932,8,25.0,3955.5,494.44
C007768,6,25.0,3955.06,659.18
C003988,5,20.0,3955.05,791.01
C002080,7,24.0,3954.82,564.97
C015665,5,21.0,3954.57,790.91
C012961,4,16.0,3953.43,988.36
C010231,8,22.0,3953.27,494.16
C004739,6,18.0,3953.23,658.87
C011438,6,19.0,3953.05,658.84
C003514,6,17.0,3952.95,658.83
C014842,7,26.0,3951.66,564.52
C002545,8,21.0,3951.28,493.91
C015121,8,22.0,3950.57,493.82
C000493,6,24.0,3950.49,658.42
C003791,5,21.0,3950.24,790.05
C013077,6,20.0,3949.69,658.28
C007185,7,24.0,3949.23,564.18
C016494,6,27.0,3948.89,658.15
C001758,5,26.0,3948.81,789.76
C014068,6,20.0,3948.5,658.08
C017290,3,19.0,3948.19,1316.06
C013236,6,16.0,3948.1,658.02
C007401,8,25.0,3948.05,493.51
C018967,6,14.0,3948.04,658.01
C006007,6,21.0,3947.57,657.93
C013722,8,29.0,3947.41,493.43
C002707,9,20.0,3946.91,438.55
C001181,4,16.0,3946.83,986.71
C005538,7,20.0,3946.51,563.79
C009933,7,25.0,3946.39,563.77
C018470,5,17.0,3945.21,789.04
C001877,10,28.0,3945.14,394.51
C018957,6,20.0,3944.42,657.4
C005278,7,19.0,3944.16,563.45
C016325,7,22.0,3943.54,563.36
C009919,6,18.0,3943.47,657.25
C005427,9,21.0,3942.39,438.04
C018835,6,24.0,3942.16,657.03
C000601,6,25.0,3941.97,657.0
C011169,6,21.0,3941.87,656.98
C013969,8,23.0,3941.74,492.72
C012724,8,19.0,3941.61,492.7
C008180,4,14.0,3941.37,985.34
C000744,6,18.0,3940.77,656.8
C013179,4,14.0,3940.44,985.11
C003777,4,23.0,3940.37,985.09
C019876,6,27.0,3940.19,656.7
C006939,4,20.0,3939.52,984.88
C018900,5,19.0,3939.33,787.87
C007137,9,20.0,3938.85,437.65
C006646,8,26.0,3938.83,492.35
C012895,7,21.0,3938.7,562.67
C014468,7,25.0,3938.66,562.67
C019359,7,26.0,3938.62,562.66
C004329,6,21.0,3938.6,656.43
C013449,6,20.0,3938.25,656.38
C004018,6,23.0,3937.67,656.28
C000852,5,21.0,3937.43,787.49
C009064,7,23.0,3937.25,562.46
C005661,5,16.0,3937.04,787.41
C015165,6,20.0,3936.47,656.08
C011812,7,20.0,3936.42,562.35
C005271,5,19.0,3935.81,787.16
C006714,6,18.0,3935.28,655.88
C004491,4,14.0,3933.07,983.27
C002016,8,31.0,3932.69,491.59
C018963,6,20.0,3932.66,655.44
C002175,6,23.0,3932.26,655.38
C013067,6,22.0,3931.87,655.31
C019406,7,28.0,3931.72,561.67
C004782,5,24.0,3931.49,786.3
C015644,7,21.0,3930.98,561.57
C019879,8,19.0,3930.97,491.37
C001868,7,27.0,3930.83,561.55
C019713,4,19.0,3930.8,982.7
C018430,2,12.0,3930.68,1965.34
C019863,5,16.0,3930.33,786.07
C017400,5,18.0,3929.96,785.99
C014381,6,20.0,3928.58,654.76
C002732,7,22.0,3928.57,561.22
C003373,8,24.0,3928.11,491.01
C015050,7,24.0,3928.08,561.15
C015282,6,19.0,3927.83,654.64
C013900,7,19.0,3927.6,561.09
C005622,9,33.0,3927.47,436.39
C004416,8,22.0,3926.88,490.86
C003165,7,25.0,3926.83,560.98
C019017,4,20.0,3925.98,981.5
C015660,6,18.0,3925.59,654.27
C011557,6,19.0,3925.48,654.25
C002165,4,22.0,3925.32,981.33
C017198,4,23.0,3925.13,981.28
C019725,6,21.0,3924.98,654.16
C013490,6,20.0,3924.65,654.11
C006783,6,19.0,3924.05,654.01
C014041,6,28.0,3923.46,653.91
C017046,5,14.0,3922.6,784.52
C018679,5,17.0,3922.34,784.47
C017787,8,31.0,3921.65,490.21
C011981,6,26.0,3921.0,653.5
C015959,7,30.0,3920.95,560.14
C000929,8,26.0,3920.86,490.11
C006678,8,26.0,3920.82,490.1
C008849,6,22.0,3920.52,653.42
C009142,5,23.0,3920.16,784.03
C013855,6,18.0,3920.16,653.36
C005803,7,25.0,3919.78,559.97
C010404,6,21.0,3919.63,653.27
C012873,6,18.0,3918.32,653.05
C016154,6,16.0,3918.08,653.01
C016983,6,27.0,3917.65,652.94
C000554,9,24.0,3917.37,435.26
C016548,5,18.0,3917.32,783.46
C010040,6,18.0,3917.13,652.86
C018228,11,26.0,3917.09,356.1
C001527,5,26.0,3916.77,783.35
C012483,6,24.0,3916.76,652.79
C009660,5,18.0,3916.26,783.25
C012664,6,26.0,3916.22,652.7
C008965,6,27.0,3916.02,652.67
C013065,4,16.0,3915.84,978.96
C016829,6,21.0,3915.43,652.57
C007248,4,20.0,3915.34,978.84
C009149,6,19.0,3915.1,652.52
C002354,5,20.0,3915.05,783.01
C006247,9,25.0,3915.05,435.01
C016375,5,23.0,3915.0,783.0
C002169,7,23.0,3914.68,559.24
C010628,3,17.0,3914.6,1304.87
C016990,8,25.0,3914.58,489.32
C015495,6,20.0,3914.31,652.39
C019141,3,12.0,3914.04,1304.68
C011373,5,18.0,3914.02,782.8
C000856,9,27.0,3913.72,434.86
C007561,6,23.0,3913.56,652.26
C001302,7,23.0,3913.45,559.06
C008982,6,20.0,3912.64,652.11
C008294,3,16.0,3912.36,1304.12
C016397,5,16.0,3911.88,782.38
C001880,6,18.0,3911.63,651.94
C003091,7,19.0,3911.33,558.76
C017883,7,29.0,3911.09,558.73
C001611,8,26.0,3910.69,488.84
C015650,6,20.0,3909.91,651.65
C012576,6,18.0,3909.87,651.65
C016794,5,17.0,3909.75,781.95
C006929,6,16.0,3909.32,651.55
C000418,6,16.0,3908.84,651.47
C018619,6,14.0,3908.73,651.46
C016041,8,21.0,3908.53,488.57
C008991,4,21.0,3907.83,976.96
C012984,5,16.0,3906.8,781.36
C003076,8,22.0,3906.74,488.34
C014431,3,13.0,3906.72,1302.24
C016833,7,27.0,3906.6,558.09
C005712,5,16.0,3906.26,781.25
C003597,8,24.0,3906.14,488.27
C009046,5,18.0,3906.11,781.22
C007617,7,23.0,3905.17,557.88
C001018,5,22.0,3904.86,780.97
C011161,6,21.0,3904.83,650.8
C005728,8,25.0,3904.74,488.09
C014822,6,22.0,3903.76,650.63
C017350,4,20.0,3903.19,975.8
C002918,7,19.0,3902.62,557.52
C005648,6,21.0,3902.61,650.44
C013615,5,15.0,3902.6,780.52
C008416,5,18.0,3901.6,780.32
C006196,6,17.0,3901.44,650.24
C007652,4,15.0,3901.01,975.25
C007071,6,21.0,3900.82,650.14
C011562,6,18.0,3900.56,650.09
C001479,5,18.0,3900.41,780.08
C002353,5,17.0,3900.36,780.07
C016836,7,19.0,3900.14,557.16
C012409,7,19.0,3900.12,557.16
C004877,5,17.0,3899.8,779.96
C011644,7,16.0,3899.71,557.1
C000872,6,18.0,3899.55,649.93
C000840,8,22.0,3899.5,487.44
C006220,8,22.0,3899.29,487.41
C017855,7,20.0,3899.17,557.02
C015462,6,20.0,3899.07,649.85
C006485,7,18.0,3898.44,556.92
C012348,5,26.0,3898.44,779.69
C001642,5,25.0,3897.69,779.54
C002711,6,14.0,3897.09,649.52
C001920,6,19.0,3897.07,649.51
C012397,6,18.0,3896.85,649.48
C001787,7,20.0,3896.69,556.67
C010766,6,16.0,3896.57,649.43
C015484,7,20.0,3896.44,556.63
C002999,7,27.0,3896.43,556.63
C014651,3,16.0,3895.71,1298.57
C015566,6,18.0,3895.64,649.27
C008173,5,22.0,3895.62,779.12
C012968,5,20.0,3895.51,779.1
C011876,8,17.0,3895.41,486.93
C012421,5,17.0,3895.38,779.08
C006443,4,16.0,3895.25,973.81
C012226,6,18.0,3894.48,649.08
C012996,4,21.0,3894.46,973.62
C003587,10,31.0,3894.33,389.43
C013729,6,19.0,3894.16,649.03
C005526,5,17.0,3894.12,778.82
C004440,6,25.0,3893.1,648.85
C012373,4,18.0,3892.8,973.2
C011707,8,17.0,3892.67,486.58
C011221,6,20.0,3892.56,648.76
C012933,6,19.0,3891.16,648.53
C012289,7,22.0,3890.75,555.82
C003918,6,18.0,3890.58,648.43
C017840,5,19.0,3890.51,778.1
C019833,7,27.0,3890.16,555.74
C019886,8,19.0,3890.11,486.26
C015905,10,20.0,3890.09,389.01
C008120,4,16.0,3889.76,972.44
C012733,7,26.0,3889.47,555.64
C010465,6,19.0,3889.24,648.21
C014814,6,19.0,3888.6,648.1
C012944,5,18.0,3888.49,777.7
C004050,6,21.0,3888.08,648.01
C003116,7,21.0,3888.03,555.43
C008679,7,23.0,3887.9,555.41
C002309,8,22.0,3887.86,485.98
C017918,6,22.0,3887.47,647.91
C015928,6,18.0,3887.42,647.9
C007341,7,20.0,3887.35,555.34
C014942,4,17.0,3886.8,971.7
C015850,6,24.0,3886.28,647.71
C015485,5,20.0,3886.01,777.2
C011548,6,27.0,3885.83,647.64
C004062,5,21.0,3885.75,777.15
C006603,7,26.0,3885.3,555.04
C002982,6,18.0,3885.02,647.5
C009922,5,17.0,3884.76,776.95
C000776,5,18.0,3884.22,776.84
C004482,6,19.0,3884.15,647.36
C005838,7,25.0,3883.89,554.84
C001575,5,25.0,3882.8,776.56
C014832,8,21.0,3881.5,485.19
C001883,6,20.0,3880.42,646.74
C018552,4,22.0,3880.3,970.08
C009553,6,24.0,3880.02,646.67
C007115,6,25.0,3879.63,646.61
C007573,5,16.0,3879.32,775.86
C004072,8,25.0,3879.08,484.89
C010730,7,25.0,3877.84,553.98
C012191,5,19.0,3877.52,775.5
C002039,5,17.0,3877.32,775.46
C009679,5,23.0,3876.82,775.36
C013095,3,10.0,3876.0,1292.0
C000317,6,14.0,3875.39,645.9
C012217,8,28.0,3875.13,484.39
C004992,8,20.0,3874.75,484.34
C011750,5,20.0,3874.49,774.9
C019351,5,18.0,3874.12,774.82
C015993,5,18.0,3873.75,774.75
C015626,5,19.0,3873.56,774.71
C015782,5,21.0,3872.35,774.47
C004431,5,19.0,3871.92,774.38
C003568,8,19.0,3871.36,483.92
C002955,7,23.0,3870.96,552.99
C001701,7,16.0,3870.91,552.99
C018275,7,23.0,3870.03,552.86
C007491,6,18.0,3869.87,644.98
C002525,6,20.0,3869.34,644.89
C003054,7,22.0,3869.03,552.72
C008247,9,20.0,3868.28,429.81
C001735,4,16.0,3868.09,967.02
C005188,6,17.0,3868.0,644.67
C003412,5,15.0,3867.97,773.59
C002348,4,17.0,3867.68,966.92
C000651,7,18.0,3867.14,552.45
C011666,8,22.0,3867.09,483.39
C015972,6,22.0,3866.73,644.46
C000561,5,26.0,3866.19,773.24
C017802,6,20.0,3865.27,644.21
C014036,5,21.0,3865.21,773.04
C011466,6,17.0,3865.17,644.2
C012801,6,21.0,3865.16,644.19
C008976,5,19.0,3865.02,773.0
C018623,7,17.0,3864.75,552.11
C006258,7,21.0,3864.68,552.1
C000060,7,23.0,3864.04,552.01
C017254,9,16.0,3863.9,429.32
C013119,6,19.0,3863.65,643.94
C015935,6,25.0,3863.42,643.9
C005221,5,17.0,3863.2,772.64
C003598,7,20.0,3861.34,551.62
C007921,3,14.0,3860.35,1286.78
C015438,5,18.0,3860.12,772.02
C012652,5,16.0,3860.01,772.0
C005688,5,20.0,3859.68,771.94
C005905,6,20.0,3859.66,643.28
C002874,7,20.0,3858.83,551.26
C008470,7,23.0,3858.78,551.25
C012577,4,17.0,3858.42,964.61
C004186,3,15.0,3858.28,1286.09
C008998,7,23.0,3857.86,551.12
C016151,5,16.0,3857.64,771.53
C003061,7,18.0,3857.57,551.08
C005110,5,21.0,3857.19,771.44
C012011,5,20.0,3856.6,771.32
C006770,7,20.0,3856.48,550.93
C019459,8,26.0,3856.11,482.01
C010091,7,23.0,3856.06,550.87
C000681,5,25.0,3856.05,771.21
C003794,6,22.0,3855.81,642.64
C000668,5,18.0,3855.55,771.11
C015166,5,17.0,3854.99,771.0
C010859,4,16.0,3854.93,963.73
C003480,9,25.0,3854.73,428.3
C007241,6,19.0,3854.62,642.44
C015544,7,21.0,3854.54,550.65
C012238,4,20.0,3854.5,963.63
C015773,3,16.0,3854.4,1284.8
C001163,10,19.0,3854.27,385.43
C003376,5,18.0,3854.24,770.85
C014521,8,28.0,3854.12,481.77
C018686,5,19.0,3853.73,770.75
C004702,8,25.0,3853.67,481.71
C000119,6,22.0,3853.45,642.24
C006729,5,21.0,3853.2,770.64
C014378,4,18.0,3852.04,963.01
C006013,6,22.0,3851.81,641.97
C003507,4,17.0,3851.75,962.94
C001999,6,21.0,3851.42,641.9
C000147,5,21.0,3851.33,770.27
C010700,6,28.0,3850.83,641.8
C014005,5,16.0,3850.72,770.14
C004862,5,16.0,3850.2,770.04
C010434,6,16.0,3850.03,641.67
C006580,5,19.0,3849.83,769.97
C012682,7,32.0,3848.77,549.82
C008276,4,17.0,3848.53,962.13
C013881,6,22.0,3848.32,641.39
C010213,8,23.0,3848.3,481.04
C016752,3,17.0,3848.3,1282.77
C013843,6,17.0,3848.3,641.38
C013250,8,33.0,3847.98,481.0
C013383,8,25.0,3847.42,480.93
C000697,6,20.0,3847.08,641.18
C013380,8,28.0,3846.77,480.85
C004658,10,24.0,3846.77,384.68
C004264,9,28.0,3846.73,427.41
C007642,5,18.0,3846.09,769.22
C014438,4,17.0,3846.08,961.52
C013369,7,17.0,3845.85,549.41
C003694,6,29.0,3845.69,640.95
C011953,7,21.0,3845.6,549.37
C011982,8,20.0,3845.59,480.7
C010066,6,19.0,3845.02,640.84
C011961,7,23.0,3844.74,549.25
C013483,6,24.0,3844.73,640.79
C013505,4,17.0,3844.37,961.09
C007293,6,15.0,3844.25,640.71
C006928,7,22.0,3843.92,549.13
C018351,6,22.0,3843.8,640.63
C004267,7,19.0,3843.63,549.09
C002408,4,16.0,3843.55,960.89
C003074,7,19.0,3843.45,549.06
C007537,7,23.0,3843.09,549.01
C018787,7,22.0,3843.08,549.01
C004507,5,21.0,3842.95,768.59
C008810,5,16.0,3842.5,768.5
C003856,4,18.0,3842.49,960.62
C019400,3,16.0,3842.32,1280.77
C003357,5,17.0,3841.99,768.4
C005000,5,17.0,3841.65,768.33
C001153,7,24.0,3841.11,548.73
C019626,4,23.0,3841.1,960.28
C019768,8,26.0,3841.0,480.13
C002495,6,21.0,3840.99,640.17
C002350,5,20.0,3840.92,768.18
C003082,8,22.0,3840.71,480.09
C017379,5,16.0,3840.42,768.08
C001767,8,27.0,3839.58,479.95
C014735,4,19.0,3839.25,959.81
C004875,9,34.0,3838.95,426.55
C008502,5,16.0,3838.6,767.72
C012513,5,17.0,3838.48,767.7
C017792,5,19.0,3838.37,767.67
C001645,5,22.0,3838.33,767.67
C004180,4,17.0,3838.29,959.57
C009867,3,15.0,3838.07,1279.36
C011261,5,17.0,3837.75,767.55
C004814,6,16.0,3837.6,639.6
C013018,4,16.0,3837.32,959.33
C016468,7,28.0,3837.31,548.19
C005163,5,18.0,3836.46,767.29
C010127,6,19.0,3836.39,639.4
C018988,7,28.0,3836.37,548.05
C004324,4,14.0,3836.01,959.0
C010359,6,20.0,3835.56,639.26
C008793,6,26.0,3835.53,639.26
C005960,5,13.0,3835.5,767.1
C015169,5,15.0,3835.25,767.05
C004608,6,17.0,3835.23,639.21
C008776,6,25.0,3835.11,639.19
C008820,4,16.0,3834.74,958.69
C014367,6,25.0,3834.71,639.12
C011174,7,23.0,3834.57,547.8
C008432,7,20.0,3834.45,547.78
C015080,5,22.0,3833.76,766.75
C006172,10,25.0,3833.7,383.37
C001760,7,17.0,3833.57,547.65
C005185,6,20.0,3833.4,638.9
C019595,6,30.0,3832.69,638.78
C005996,5,14.0,3832.59,766.52
C007826,7,23.0,3832.54,547.51
C001571,4,15.0,3832.29,958.07
C001415,5,23.0,3832.14,766.43
C010667,7,20.0,3832.01,547.43
C000934,7,25.0,3831.9,547.41
C019110,9,27.0,3831.42,425.71
C003099,6,21.0,3831.18,638.53
C005746,8,22.0,3830.65,478.83
C005233,6,19.0,3830.5,638.42
C004242,8,20.0,3830.06,478.76
C015345,7,19.0,3830.04,547.15
C005673,5,15.0,3829.74,765.95
C011269,5,20.0,3829.49,765.9
C009350,3,14.0,3829.48,1276.49
C009498,5,18.0,3829.23,765.85
C003975,5,22.0,3828.77,765.75
C016738,8,30.0,3828.53,478.57
C010483,5,16.0,3828.51,765.7
C013220,6,17.0,3828.47,638.08
C018806,7,20.0,3828.12,546.87
C004746,5,18.0,3827.91,765.58
C008078,7,22.0,3827.65,546.81
C005018,5,17.0,3826.73,765.35
C015313,6,19.0,3826.56,637.76
C005275,3,19.0,3826.51,1275.5
C000197,4,16.0,3826.5,956.63
C012941,4,19.0,3826.35,956.59
C011716,9,25.0,3825.77,425.09
C018807,7,22.0,3825.75,546.54
C002902,6,19.0,3825.2,637.53
C015674,5,23.0,3825.17,765.03
C004392,5,19.0,3824.16,764.83
C000299,6,23.0,3824.05,637.34
C005744,4,18.0,3824.02,956.01
C000102,7,23.0,3823.55,546.22
C005931,6,23.0,3823.41,637.24
C004111,6,23.0,3823.32,637.22
C007771,5,19.0,3823.18,764.64
C001705,6,20.0,3822.96,637.16
C002879,6,19.0,3822.69,637.12
C012750,9,32.0,3822.64,424.74
C004947,8,23.0,3822.5,477.81
C004747,6,20.0,3822.49,637.08
C008361,7,20.0,3822.25,546.04
C011265,5,20.0,3822.19,764.44
C008241,3,18.0,3822.19,1274.06
C010577,6,20.0,3822.01,637.0
C005574,4,17.0,3821.48,955.37
C000540,7,20.0,3821.32,545.9
C016429,6,17.0,3821.26,636.88
C015372,5,17.0,3821.25,764.25
C005439,5,18.0,3821.13,764.23
C005841,7,22.0,3820.84,545.83
C007681,6,15.0,3820.48,636.75
C005573,4,21.0,3820.3,955.08
C002385,8,25.0,3820.03,477.5
C000610,8,24.0,3819.95,477.49
C003816,5,18.0,3819.86,763.97
C009709,9,23.0,3818.93,424.33
C012797,6,15.0,3818.89,636.48
C019147,6,18.0,3818.81,636.47
C008809,6,19.0,3818.56,636.43
C004840,7,17.0,3818.49,545.5
C001113,6,19.0,3818.21,636.37
C008681,5,24.0,3817.72,763.54
C007208,7,24.0,3817.45,545.35
C017030,5,21.0,3817.41,763.48
C019826,5,20.0,3817.24,763.45
C001124,6,28.0,3815.6,635.93
C019222,8,16.0,3815.27,476.91
C012678,7,26.0,3815.26,545.04
C001354,5,20.0,3814.94,762.99
C000321,8,19.0,3814.76,476.85
C014517,7,21.0,3814.75,544.96
C018642,3,16.0,3814.43,1271.48
C003793,7,18.0,3813.96,544.85
C008830,7,17.0,3813.68,544.81
C019300,6,17.0,3813.24,635.54
C002263,8,21.0,3813.11,476.64
C018677,5,19.0,3812.52,762.5
C002098,5,21.0,3812.38,762.48
C013121,7,24.0,3812.09,544.58
C003046,3,15.0,3811.7,1270.57
C002708,5,21.0,3811.67,762.33
C004034,6,22.0,3811.52,635.25
C013288,5,19.0,3811.25,762.25
C004298,5,18.0,3810.69,762.14
C004744,9,20.0,3810.34,423.37
C014196,6,16.0,3809.81,634.97
C010946,6,20.0,3809.5,634.92
C013450,4,20.0,3808.68,952.17
C002127,7,17.0,3808.16,544.02
C010326,5,28.0,3807.44,761.49
C007510,7,28.0,3807.28,543.9
C016050,6,21.0,3807.26,634.54
C008949,4,17.0,3807.11,951.78
C006844,5,18.0,3807.1,761.42
C016718,9,22.0,3806.93,422.99
C014568,10,27.0,3806.33,380.63
C001385,6,19.0,3805.83,634.3
C014218,7,20.0,3805.59,543.66
C010214,6,19.0,3805.57,634.26
C001297,9,21.0,3805.47,422.83
C009088,8,24.0,3804.43,475.55
C005704,5,25.0,3804.08,760.82
C013551,5,17.0,3803.84,760.77
C014577,6,24.0,3803.19,633.87
C008874,8,26.0,3802.03,475.25
C009346,8,20.0,3801.95,475.24
C013456,7,23.0,3801.56,543.08
C003176,7,19.0,3801.37,543.05
C005888,8,23.0,3801.13,475.14
C002211,6,19.0,3800.1,633.35
C015751,4,15.0,3800.01,950.0
C007147,7,21.0,3799.64,542.81
C007598,5,25.0,3799.18,759.84
C013973,6,23.0,3798.82,633.14
C003062,9,24.0,3798.4,422.04
C003718,9,25.0,3798.38,422.04
C007000,7,24.0,3797.86,542.55
C006293,9,27.0,3797.61,421.96
C016456,5,18.0,3797.6,759.52
C015137,4,14.0,3797.3,949.33
C018090,6,15.0,3797.15,632.86
C018719,6,26.0,3796.91,632.82
C018517,5,16.0,3796.76,759.35
C013239,6,24.0,3796.64,632.77
C005045,9,32.0,3795.89,421.77
C008117,6,18.0,3795.81,632.64
C010101,7,18.0,3795.7,542.24
C002624,7,20.0,3795.54,542.22
C010913,5,18.0,3795.47,759.09
C005810,7,31.0,3795.39,542.2
C017725,7,27.0,3794.97,542.14
C010300,7,22.0,3794.38,542.05
C008291,7,19.0,3794.02,542.0
C001229,6,25.0,3793.95,632.32
C002162,3,15.0,3793.88,1264.63
C010293,8,26.0,3793.78,474.22
C003305,6,20.0,3793.75,632.29
C000701,8,21.0,3793.11,474.14
C012018,6,19.0,3792.92,632.15
C016363,6,23.0,3792.54,632.09
C018707,4,16.0,3792.31,948.08
C003903,4,19.0,3792.19,948.05
C019964,5,15.0,3792.15,758.43
C009362,6,15.0,3791.38,631.9
C006869,7,21.0,3791.32,541.62
C018786,6,21.0,3790.27,631.71
C006166,4,18.0,3790.13,947.53
C005437,7,20.0,3790.03,541.43
C006571,4,19.0,3789.59,947.4
C011678,5,24.0,3789.54,757.91
C000748,6,19.0,3789.46,631.58
C011202,4,19.0,3789.32,947.33
C000113,10,21.0,3789.23,378.92
C004850,10,23.0,3788.31,378.83
C014092,4,17.0,3787.77,946.94
C002331,6,23.0,3787.22,631.2
C001985,7,20.0,3786.87,540.98
C011049,3,16.0,3786.28,1262.09
C007872,5,19.0,3786.24,757.25
C010490,3,14.0,3786.07,1262.02
C002796,7,19.0,3785.84,540.83
C007156,5,17.0,3785.67,757.13
C010567,6,25.0,3784.73,630.79
C008930,7,23.0,3784.51,540.64
C011665,3,19.0,3784.5,1261.5
C017786,7,19.0,3784.41,540.63
C010826,7,25.0,3784.24,540.61
C012263,5,19.0,3783.98,756.8
C009502,8,22.0,3783.38,472.92
C018603,7,24.0,3782.84,540.41
C002056,7,30.0,3782.78,540.4
C004643,4,17.0,3782.39,945.6
C000226,4,15.0,3782.3,945.58
C009207,5,20.0,3781.96,756.39
C015042,4,14.0,3781.8,945.45
C001116,6,23.0,3781.77,630.29
C001820,6,28.0,3781.45,630.24
C019965,8,20.0,3780.8,472.6
C018452,7,16.0,3780.48,540.07
C013948,6,19.0,3779.3,629.88
C010842,7,22.0,3779.04,539.86
C010488,5,18.0,3778.65,755.73
C006674,4,20.0,3778.16,944.54
C015242,5,26.0,3778.06,755.61
C017360,7,20.0,3778.04,539.72
C019235,8,18.0,3777.98,472.25
C011930,4,17.0,3777.4,944.35
C015005,10,24.0,3777.36,377.74
C015467,6,23.0,3777.28,629.55
C010172,6,19.0,3777.07,629.51
C013376,4,16.0,3776.87,944.22
C000303,5,23.0,3776.66,755.33
C012417,4,19.0,3776.47,944.12
C006637,5,21.0,3776.29,755.26
C017431,7,22.0,3776.19,539.46
C000513,5,18.0,3775.55,755.11
C000686,7,23.0,3774.98,539.28
C011831,5,21.0,3774.81,754.96
C000349,6,19.0,3774.76,629.13
C010457,5,16.0,3773.8,754.76
C014052,5,19.0,3773.73,754.75
C014139,7,23.0,3772.76,538.97
C007734,6,22.0,3771.58,628.6
C007736,6,27.0,3771.53,628.59
C018169,7,20.0,3771.21,538.74
C004885,4,19.0,3770.85,942.71
C013180,6,21.0,3770.18,628.36
C006516,6,16.0,3770.05,628.34
C009163,4,17.0,3769.99,942.5
C016135,5,15.0,3769.8,753.96
C015249,5,16.0,3769.66,753.93
C005083,8,29.0,3769.57,471.2
C002665,6,19.0,3769.17,628.2
C017763,7,23.0,3768.54,538.36
C013294,7,18.0,3767.51,538.22
C018266,6,20.0,3767.38,627.9
C007244,4,20.0,3766.83,941.71
C008005,6,19.0,3766.7,627.78
C004728,6,21.0,3766.46,627.74
C015211,4,16.0,3766.04,941.51
C005459,8,26.0,3765.93,470.74
C000602,6,22.0,3765.3,627.55
C006731,5,22.0,3764.95,752.99
C009647,4,16.0,3764.92,941.23
C012917,5,21.0,3764.89,752.98
C019940,5,22.0,3764.74,752.95
C010383,4,13.0,3764.33,941.08
C017648,6,20.0,3763.95,627.32
C012469,5,16.0,3763.75,752.75
C017119,6,17.0,3763.33,627.22
C009864,4,19.0,3762.83,940.71
C006584,6,24.0,3762.58,627.1
C017286,4,14.0,3762.21,940.55
C010286,5,15.0,3761.22,752.24
C016441,5,14.0,3761.17,752.23
C005883,5,17.0,3760.97,752.19
C017960,5,23.0,3760.76,752.15
C007049,5,18.0,3759.87,751.97
C010364,4,20.0,3759.6,939.9
C004184,6,19.0,3759.57,626.6
C015620,6,18.0,3758.12,626.35
C011098,8,18.0,3757.33,469.67
C012242,6,26.0,3757.27,626.21
C009206,4,14.0,3757.12,939.28
C013012,7,22.0,3756.84,536.69
C000606,7,21.0,3756.32,536.62
C000620,3,11.0,3756.31,1252.1
C001052,5,17.0,3755.93,751.19
C012771,4,19.0,3755.88,938.97
C000362,7,23.0,3755.86,536.55
C014715,5,23.0,3755.85,751.17
C000144,6,22.0,3755.63,625.94
C019370,7,21.0,3755.24,536.46
C003100,9,29.0,3755.06,417.23
C007174,3,12.0,3754.65,1251.55
C009119,5,16.0,3754.18,750.84
C002861,5,27.0,3753.61,750.72
C002128,7,20.0,3753.25,536.18
C015197,3,16.0,3752.64,1250.88
C004432,7,24.0,3752.24,536.03
C018141,7,25.0,3752.23,536.03
C000115,4,21.0,3752.15,938.04
C003829,5,25.0,3752.11,750.42
C008465,6,21.0,3751.87,625.31
C002478,7,21.0,3751.74,535.96
C005708,8,25.0,3751.73,468.97
C004532,6,16.0,3751.19,625.2
C013004,6,19.0,3750.68,625.11
C008319,4,15.0,3750.65,937.66
C016939,5,17.0,3750.18,750.04
C017720,7,23.0,3750.09,535.73
C015123,5,21.0,3750.07,750.01
C010487,2,14.0,3749.56,1874.78
C005306,4,12.0,3749.19,937.3
C009349,5,19.0,3748.94,749.79
C003764,7,24.0,3748.79,535.54
C005451,7,20.0,3748.38,535.48
C011381,4,26.0,3747.93,936.98
C001282,5,15.0,3747.53,749.51
C017122,7,20.0,3747.51,535.36
C017893,6,20.0,3747.43,624.57
C010037,5,14.0,3747.26,749.45
C008573,4,20.0,3747.24,936.81
C014799,4,17.0,3746.76,936.69
C001029,7,23.0,3746.34,535.19
C008215,6,20.0,3745.85,624.31
C010772,6,19.0,3745.7,624.28
C003448,5,17.0,3745.5,749.1
C001292,6,23.0,3745.06,624.18
C004086,9,17.0,3745.03,416.11
C005383,6,20.0,3745.03,624.17
C018937,4,18.0,3744.76,936.19
C015768,6,18.0,3744.36,624.06
C001938,5,19.0,3743.38,748.68
C009511,4,16.0,3743.18,935.8
C005892,5,17.0,3742.36,748.47
C002590,4,20.0,3742.02,935.51
C014441,6,22.0,3741.95,623.66
C005059,5,20.0,3741.93,748.39
C002685,9,25.0,3741.86,415.76
C002014,8,26.0,3741.71,467.71
C000251,7,24.0,3741.08,534.44
C003921,8,25.0,3740.91,467.61
C003783,6,20.0,3740.52,623.42
C002153,7,19.0,3740.28,534.33
C012337,6,21.0,3740.02,623.34
C007612,8,26.0,3739.76,467.47
C005143,5,17.0,3739.73,747.95
C017533,7,19.0,3739.7,534.24
C000424,4,19.0,3739.03,934.76
C002507,6,21.0,3738.97,623.16
C004061,5,20.0,3738.87,747.77
C011936,2,15.0,3738.53,1869.27
C018186,6,19.0,3737.91,622.99
C009024,7,31.0,3737.69,533.96
C017483,6,23.0,3737.66,622.94
C019339,5,14.0,3737.49,747.5
C003912,9,23.0,3737.29,415.25
C009286,6,16.0,3737.21,622.87
C004234,3,14.0,3736.78,1245.59
C010737,6,23.0,3736.74,622.79
C002679,7,22.0,3736.51,533.79
C015256,9,21.0,3736.44,415.16
C010077,6,18.0,3735.72,622.62
C010852,5,15.0,3735.42,747.08
C004434,5,15.0,3735.21,747.04
C004506,7,25.0,3735.19,533.6
C002506,5,17.0,3734.91,746.98
C008387,5,14.0,3734.8,746.96
C014463,8,18.0,3734.45,466.81
C009843,6,18.0,3734.05,622.34
C000626,6,21.0,3733.78,622.3
C001728,6,20.0,3733.4,622.23
C018202,4,12.0,3733.06,933.27
C001114,7,26.0,3732.94,533.28
C004305,4,14.0,3732.49,933.12
C019307,5,22.0,3732.48,746.5
C011584,5,17.0,3732.23,746.45
C008544,6,20.0,3731.96,621.99
C018607,4,19.0,3731.39,932.85
C009339,5,19.0,3730.14,746.03
C018322,6,22.0,3729.77,621.63
C004428,5,17.0,3729.57,745.91
C004154,4,16.0,3729.33,932.33
C001268,6,19.0,3729.27,621.54
C017191,5,18.0,3729.27,745.85
C001612,6,20.0,3729.15,621.53
C015603,3,19.0,3728.81,1242.94
C008718,8,25.0,3728.74,466.09
C002145,6,29.0,3728.14,621.36
C008102,4,16.0,3727.96,931.99
C001030,8,23.0,3727.93,465.99
C009370,6,15.0,3727.75,621.29
C005659,5,16.0,3727.72,745.54
C001322,8,24.0,3727.43,465.93
C009490,7,25.0,3727.21,532.46
C019830,5,19.0,3727.16,745.43
C004320,9,23.0,3727.13,414.13
C006279,6,20.0,3726.37,621.06
C016231,8,23.0,3726.35,465.79
C014788,4,11.0,3725.77,931.44
C017705,8,18.0,3725.54,465.69
C000313,5,20.0,3725.42,745.08
C011365,5,16.0,3725.12,745.02
C015258,4,15.0,3725.0,931.25
C004025,5,20.0,3724.91,744.98
C018524,7,21.0,3724.91,532.13
C006006,5,23.0,3724.56,744.91
C019616,6,19.0,3724.48,620.75
C015951,6,25.0,3724.37,620.73
C019060,5,17.0,3724.21,744.84
C006897,8,22.0,3723.76,465.47
C013962,4,20.0,3723.48,930.87
C003456,8,20.0,3723.47,465.43
C006976,8,25.0,3722.74,465.34
C002069,7,26.0,3722.62,531.8
C010001,6,24.0,3722.5,620.42
C002795,4,15.0,3722.21,930.55
C003031,3,17.0,3722.04,1240.68
C013463,11,21.0,3722.03,338.37
C002333,6,15.0,3721.67,620.28
C019282,4,16.0,3721.33,930.33
C008689,5,18.0,3721.17,744.23
C008741,4,19.0,3721.06,930.27
C016463,6,17.0,3720.97,620.16
C004917,5,17.0,3720.93,744.19
C015358,9,20.0,3720.84,413.43
C002938,7,21.0,3720.8,531.54
C005462,4,14.0,3720.73,930.18
C009052,6,16.0,3720.14,620.02
C004510,6,16.0,3719.97,620.0
C011413,7,22.0,3719.37,531.34
C006236,9,29.0,3719.34,413.26
C001723,4,15.0,3719.3,929.83
C010918,5,17.0,3719.22,743.84
C018214,3,13.0,3719.09,1239.7
C019089,6,21.0,3719.07,619.85
C012183,5,16.0,3718.94,743.79
C013675,5,22.0,3718.81,743.76
C006746,5,21.0,3717.02,743.4
C017264,5,18.0,3716.97,743.39
C011424,6,21.0,3716.27,619.38
C006330,7,18.0,3715.99,530.86
C002990,5,25.0,3715.63,743.13
C009730,5,21.0,3715.61,743.12
C003187,5,18.0,3715.57,743.11
C002173,4,16.0,3715.45,928.86
C000135,6,20.0,3715.36,619.23
C005405,9,22.0,3714.86,412.76
C009175,5,17.0,3714.84,742.97
C017813,4,16.0,3714.69,928.67
C006420,7,17.0,3714.4,530.63
C000884,7,23.0,3714.17,530.6
C010349,5,17.0,3714.07,742.81
C001112,5,17.0,3714.03,742.81
C016657,5,18.0,3713.41,742.68
C008974,9,21.0,3713.31,412.59
C018233,7,21.0,3713.29,530.47
C019309,6,17.0,3713.2,618.87
C002578,7,28.0,3712.98,530.43
C015116,4,21.0,3712.9,928.23
C005513,6,25.0,3712.87,618.81
C010042,6,19.0,3712.73,618.79
C012671,6,20.0,3712.72,618.79
C010915,6,22.0,3712.54,618.76
C000926,5,18.0,3712.53,742.51
C012644,5,20.0,3712.31,742.46
C011808,7,23.0,3711.82,530.26
C003290,5,20.0,3711.45,742.29
C013808,5,22.0,3711.22,742.24
C005579,2,18.0,3711.12,1855.56
C015781,4,16.0,3710.66,927.67
C018669,5,13.0,3710.51,742.1
C006896,6,17.0,3709.93,618.32
C001560,5,19.0,3709.69,741.94
C004897,6,24.0,3709.47,618.25
C001930,6,26.0,3709.34,618.22
C017845,6,17.0,3709.22,618.2
C011252,4,15.0,3709.12,927.28
C015615,6,22.0,3708.89,618.15
C006052,5,19.0,3708.66,741.73
C008197,5,22.0,3707.31,741.46
C009374,6,13.0,3707.1,617.85
C002295,9,31.0,3706.8,411.87
C005957,7,21.0,3706.53,529.5
C000184,8,24.0,3706.38,463.3
C016853,7,17.0,3705.84,529.41
C009515,8,24.0,3705.83,463.23
C011875,7,14.0,3705.23,529.32
C011495,5,16.0,3704.56,740.91
C000459,7,20.0,3704.49,529.21
C004953,5,19.0,3704.13,740.83
C012541,3,19.0,3703.77,1234.59
C000037,9,27.0,3703.77,411.53
C002869,3,15.0,3703.47,1234.49
C004603,6,19.0,3702.83,617.14
C015198,5,18.0,3702.16,740.43
C018871,5,23.0,3701.12,740.22
C005240,4,19.0,3700.96,925.24
C009043,5,21.0,3700.66,740.13
C001556,6,20.0,3700.59,616.77
C001219,5,16.0,3700.52,740.1
C013425,5,18.0,3700.48,740.1
C015541,5,19.0,3700.09,740.02
C003915,7,18.0,3700.08,528.58
C007809,3,15.0,3699.97,1233.32
C000588,8,23.0,3699.96,462.5
C003137,4,15.0,3699.52,924.88
C019130,7,17.0,3699.36,528.48
C000233,4,19.0,3699.32,924.83
C006592,9,31.0,3699.24,411.03
C003257,6,27.0,3699.1,616.52
C000161,4,16.0,3699.02,924.76
C003171,6,14.0,3698.5,616.42
C004049,4,20.0,3698.49,924.62
C007644,10,24.0,3698.09,369.81
C019643,7,28.0,3697.74,528.25
C011919,5,19.0,3697.53,739.51
C009768,7,22.0,3696.81,528.12
C012070,7,17.0,3696.73,528.1
C013554,4,16.0,3695.68,923.92
C000383,7,21.0,3695.57,527.94
C001795,8,22.0,3695.52,461.94
C019274,7,21.0,3695.2,527.89
C009211,4,16.0,3695.2,923.8
C019055,8,28.0,3694.95,461.87
C008678,5,14.0,3694.92,738.98
C008650,6,14.0,3694.66,615.78
C013155,5,22.0,3694.57,738.91
C013839,9,25.0,3694.04,410.45
C014127,4,15.0,3694.04,923.51
C015568,6,19.0,3693.99,615.67
C018984,6,20.0,3693.69,615.62
C010497,5,14.0,3693.23,738.65
C015056,5,15.0,3692.96,738.59
C010953,8,24.0,3692.76,461.6
C002273,7,22.0,3692.44,527.49
C003756,5,15.0,3692.36,738.47
C018307,5,21.0,3692.15,738.43
C005666,5,18.0,3691.65,738.33
C001137,6,20.0,3691.64,615.27
C004192,8,17.0,3691.59,461.45
C002241,6,15.0,3691.49,615.25
C008533,6,22.0,3691.16,615.19
C005201,7,23.0,3690.75,527.25
C004957,7,23.0,3690.04,527.15
C010971,4,20.0,3689.71,922.43
C016156,9,22.0,3688.95,409.88
C007016,4,15.0,3687.63,921.91
C018930,7,26.0,3687.22,526.75
C007041,5,21.0,3686.83,737.37
C018535,8,22.0,3686.61,460.83
C008391,3,14.0,3685.73,1228.58
C000080,7,25.0,3685.57,526.51
C012262,8,19.0,3685.27,460.66
C009256,7,18.0,3685.26,526.47
C012394,5,15.0,3684.92,736.98
C013184,3,18.0,3684.61,1228.2
C011582,6,19.0,3684.59,614.1
C007878,5,19.0,3684.45,736.89
C013801,4,17.0,3684.43,921.11
C019872,6,24.0,3684.38,614.06
C019994,6,21.0,3683.8,613.97
C019509,6,18.0,3683.5,613.92
C018499,6,17.0,3683.15,613.86
C006382,6,13.0,3682.7,613.78
C007543,6,22.0,3682.21,613.7
C009422,5,16.0,3682.1,736.42
C019271,6,19.0,3681.66,613.61
C017581,6,16.0,3681.38,613.56
C019930,6,18.0,3681.33,613.55
C018966,5,18.0,3681.13,736.23
C007629,8,17.0,3680.92,460.12
C008010,4,17.0,3680.69,920.17
C005879,7,23.0,3680.62,525.8
C002745,9,22.0,3679.62,408.85
C000585,6,17.0,3679.35,613.23
C015477,4,20.0,3678.84,919.71
C009474,6,22.0,3678.1,613.02
C015375,6,23.0,3678.03,613.01
C004075,5,18.0,3676.94,735.39
C003157,5,16.0,3676.4,735.28
C015059,5,19.0,3675.86,735.17
C005621,6,15.0,3675.7,612.62
C012559,5,18.0,3675.51,735.1
C005759,7,20.0,3675.5,525.07
C012399,5,17.0,3675.05,735.01
C013703,6,17.0,3674.96,612.49
C000455,6,17.0,3674.95,612.49
C010239,7,27.0,3674.92,524.99
C018005,6,24.0,3674.64,612.44
C001362,7,25.0,3674.37,524.91
C018222,5,18.0,3674.24,734.85
C009743,7,18.0,3673.82,524.83
C007312,6,22.0,3673.81,612.3
C009512,5,17.0,3673.76,734.75
C014391,4,14.0,3673.65,918.41
C018514,6,16.0,3673.64,612.27
C013702,8,24.0,3672.68,459.09
C004501,6,20.0,3672.47,612.08
C014252,9,22.0,3671.84,407.98
C004385,6,21.0,3671.55,611.93
C019582,5,15.0,3671.43,734.29
C019099,8,20.0,3670.84,458.86
C004607,5,18.0,3670.43,734.09
C016759,5,19.0,3669.34,733.87
C011028,6,17.0,3669.21,611.54
C015257,6,21.0,3668.27,611.38
C002684,5,13.0,3667.61,733.52
C011375,3,12.0,3667.59,1222.53
C012426,5,22.0,3667.42,733.48
C003895,5,16.0,3667.2,733.44
C005846,8,24.0,3667.15,458.39
C004317,4,18.0,3667.01,916.75
C015112,7,26.0,3667.0,523.86
C016823,3,14.0,3666.77,1222.26
C016760,5,13.0,3666.42,733.28
C006358,5,18.0,3666.34,733.27
C016043,7,30.0,3666.01,523.72
C014850,6,19.0,3665.46,610.91
C016595,5,16.0,3664.43,732.89
C001336,7,19.0,3664.39,523.48
C008686,4,16.0,3663.62,915.91
C012829,6,22.0,3663.6,610.6
C016376,7,17.0,3663.46,523.35
C004809,5,21.0,3662.71,732.54
C014982,5,18.0,3661.87,732.37
C006590,4,21.0,3661.41,915.35
C000805,5,26.0,3661.36,732.27
C011267,4,14.0,3660.79,915.2
C005993,8,25.0,3660.2,457.53
C005625,6,17.0,3659.99,610.0
C004014,5,17.0,3659.86,731.97
C015982,5,19.0,3659.82,731.96
C013316,4,18.0,3659.77,914.94
C005036,5,16.0,3659.6,731.92
C018876,8,22.0,3659.27,457.41
C000628,7,21.0,3658.65,522.66
C010550,6,16.0,3658.65,609.78
C000893,6,24.0,3658.39,609.73
C011552,5,19.0,3657.81,731.56
C015267,6,19.0,3657.23,609.54
C015970,6,21.0,3656.7,609.45
C005907,8,19.0,3656.56,457.07
C000587,4,20.0,3656.46,914.12
C007557,4,21.0,3656.26,914.07
C012634,5,17.0,3655.83,731.17
C008924,6,19.0,3655.34,609.22
C001309,6,21.0,3654.8,609.13
C013643,7,23.0,3654.7,522.1
C014253,5,14.0,3654.54,730.91
C017197,6,20.0,3653.81,608.97
C019691,4,17.0,3653.75,913.44
C003585,4,17.0,3653.32,913.33
C001431,5,22.0,3653.03,730.61
C008229,7,19.0,3652.57,521.8
C016652,5,16.0,3652.5,730.5
C004226,7,18.0,3652.28,521.75
C007643,7,31.0,3652.02,521.72
C018563,9,22.0,3651.43,405.71
C008385,6,18.0,3650.95,608.49
C008028,6,20.0,3650.78,608.46
C009469,8,21.0,3650.68,456.34
C011065,5,18.0,3650.66,730.13
C001328,4,16.0,3650.17,912.54
C012833,6,20.0,3649.8,608.3
C007932,3,15.0,3649.69,1216.56
C010043,3,12.0,3649.07,1216.36
C014185,5,16.0,3649.01,729.8
C009147,5,17.0,3648.82,729.76
C000621,5,16.0,3648.45,729.69
C001721,6,25.0,3648.32,608.05
C019371,4,17.0,3646.49,911.62
C015363,6,17.0,3646.34,607.72
C014952,7,18.0,3646.11,520.87
C017084,8,25.0,3645.73,455.72
C000847,5,19.0,3645.66,729.13
C008950,6,20.0,3645.38,607.56
C003693,5,19.0,3645.22,729.04
C009096,4,17.0,3644.71,911.18
C002220,2,11.0,3644.6,1822.3
C012781,5,15.0,3644.32,728.86
C008150,7,20.0,3643.7,520.53
C009834,3,17.0,3643.47,1214.49
C019254,5,19.0,3643.41,728.68
C011368,9,22.0,3643.27,404.81
C009093,6,21.0,3642.94,607.16
C014146,8,20.0,3642.89,455.36
C013919,6,21.0,3641.79,606.97
C000306,9,22.0,3641.62,404.62
C002985,4,20.0,3641.09,910.27
C006410,6,20.0,3640.83,606.8
C008365,6,17.0,3640.71,606.79
C010782,5,19.0,3640.53,728.11
C010467,5,27.0,3640.51,728.1
C000827,5,20.0,3640.44,728.09
C001586,5,20.0,3640.38,728.08
C009037,5,18.0,3639.3,727.86
C003418,7,20.0,3638.92,519.85
C011762,5,17.0,3638.9,727.78
C001873,5,16.0,3638.75,727.75
C000719,4,15.0,3638.56,909.64
C010184,6,19.0,3638.14,606.36
C002801,6,19.0,3638.02,606.34
C004102,4,20.0,3637.87,909.47
C010994,6,18.0,3637.72,606.29
C016719,4,19.0,3637.65,909.41
C005455,6,18.0,3637.08,606.18
C000578,9,23.0,3636.96,404.11
C013331,6,18.0,3636.88,606.15
C006478,5,18.0,3636.77,727.35
C000261,8,26.0,3636.22,454.53
C000105,8,24.0,3635.88,454.49
C002067,5,18.0,3635.57,727.11
C011200,5,22.0,3635.41,727.08
C001651,8,30.0,3635.23,454.4
C018029,8,17.0,3635.09,454.39
C006624,5,21.0,3634.83,726.97
C010479,7,17.0,3634.57,519.22
C008740,3,16.0,3633.87,1211.29
C003763,4,19.0,3633.29,908.32
C005169,8,23.0,3633.21,454.15
C006657,6,14.0,3632.54,605.42
C009968,6,19.0,3631.9,605.32
C010618,7,19.0,3631.71,518.82
C012193,9,30.0,3630.93,403.44
C011003,4,15.0,3630.83,907.71
C008357,7,19.0,3630.78,518.68
C006039,6,19.0,3630.0,605.0
C000151,6,15.0,3629.0,604.83
C013813,4,14.0,3628.93,907.23
C000539,8,19.0,3628.72,453.59
C011430,8,23.0,3628.49,453.56
C009632,6,19.0,3628.11,604.69
C000058,5,23.0,3627.79,725.56
C000370,8,22.0,3627.46,453.43
C018881,9,22.0,3627.23,403.03
C013999,6,21.0,3626.92,604.49
C009733,3,16.0,3626.68,1208.89
C012957,8,25.0,3626.58,453.32
C008324,7,23.0,3626.23,518.03
C015547,4,16.0,3625.12,906.28
C001680,5,25.0,3624.65,724.93
C014852,4,17.0,3624.54,906.14
C012247,7,17.0,3624.5,517.79
C007116,3,18.0,3623.88,1207.96
C004303,6,16.0,3623.48,603.91
C001344,6,17.0,3623.48,603.91
C005485,5,15.0,3622.5,724.5
C017888,5,23.0,3621.82,724.36
C012532,5,15.0,3621.74,724.35
C017785,5,17.0,3621.73,724.35
C007175,6,23.0,3621.63,603.61
C001432,6,17.0,3621.56,603.59
C012407,5,19.0,3621.38,724.28
C004230,6,21.0,3621.21,603.54
C001020,5,16.0,3621.18,724.24
C014752,6,18.0,3620.7,603.45
C001941,12,24.0,3620.54,301.71
C010471,3,12.0,3620.52,1206.84
C016673,3,12.0,3620.49,1206.83
C014932,7,24.0,3620.4,517.2
C001320,4,17.0,3620.22,905.06
C011133,6,21.0,3620.22,603.37
C003691,6,16.0,3619.74,603.29
C004700,5,22.0,3619.54,723.91
C005855,4,20.0,3619.54,904.89
C013303,5,15.0,3619.48,723.9
C014214,7,29.0,3618.82,516.97
C008797,5,17.0,3618.7,723.74
C004142,4,13.0,3618.42,904.61
C005015,4,15.0,3618.03,904.51
C010534,7,22.0,3617.96,516.85
C002308,6,20.0,3617.88,602.98
C001856,10,22.0,3617.66,361.77
C004382,5,15.0,3617.61,723.52
C008518,7,17.0,3617.3,516.76
C018895,6,14.0,3617.29,602.88
C009528,4,14.0,3617.07,904.27
C005695,9,22.0,3616.82,401.87
C010881,3,15.0,3616.45,1205.48
C003435,7,23.0,3616.43,516.63
C006170,6,25.0,3616.37,602.73
C016739,5,17.0,3616.28,723.26
C008480,6,19.0,3615.98,602.66
C011807,5,17.0,3615.81,723.16
C007270,5,14.0,3615.71,723.14
C001253,7,19.0,3615.71,516.53
C005081,7,20.0,3614.99,516.43
C000003,6,15.0,3614.7,602.45
C003733,5,16.0,3613.93,722.79
C019563,4,13.0,3613.8,903.45
C005916,6,23.0,3613.78,602.3
C013737,6,18.0,3613.71,602.29
C017767,7,17.0,3613.46,516.21
C010238,3,14.0,3613.29,1204.43
C019605,6,20.0,3613.04,602.17
C019535,4,16.0,3612.21,903.05
C014743,5,17.0,3611.84,722.37
C012229,7,21.0,3611.04,515.86
C016227,9,30.0,3610.99,401.22
C002045,6,15.0,3610.76,601.79
C014266,4,13.0,3610.57,902.64
C002242,5,22.0,3610.5,722.1
C010718,7,24.0,3610.49,515.78
C006059,5,18.0,3610.47,722.09
C018723,4,20.0,3609.28,902.32
C009447,6,20.0,3608.91,601.49
C019062,3,19.0,3608.51,1202.84
C010846,4,17.0,3608.18,902.05
C002192,3,15.0,3607.83,1202.61
C006407,4,17.0,3607.75,901.94
C014324,5,18.0,3607.54,721.51
C011271,6,18.0,3607.37,601.23
C019781,5,19.0,3607.08,721.42
C016642,4,15.0,3606.94,901.74
C011184,4,17.0,3605.77,901.44
C019393,6,17.0,3605.76,600.96
C015923,7,20.0,3605.09,515.01
C010754,5,17.0,3604.34,720.87
C012616,4,14.0,3604.31,901.08
C017552,4,20.0,3603.95,900.99
C010739,6,19.0,3603.73,600.62
C017800,4,19.0,3603.57,900.89
C010120,4,17.0,3603.56,900.89
C004805,5,18.0,3603.24,720.65
C006354,8,31.0,3602.97,450.37
C014294,4,17.0,3602.44,900.61
C010421,4,16.0,3602.24,900.56
C019500,7,16.0,3602.19,514.6
C016790,4,14.0,3602.18,900.55
C017655,5,17.0,3601.85,720.37
C019441,6,20.0,3601.81,600.3
C014990,5,17.0,3601.61,720.32
C011761,3,13.0,3601.36,1200.45
C014802,5,15.0,3600.91,720.18
C018548,6,20.0,3600.82,600.14
C010726,6,22.0,3600.39,600.06
C003190,8,27.0,3600.31,450.04
C013849,3,16.0,3600.27,1200.09
C004534,5,20.0,3600.01,720.0
C001265,5,19.0,3599.9,719.98
C009097,6,16.0,3599.78,599.96
C007586,5,20.0,3599.67,719.93
C005019,5,17.0,3599.45,719.89
C000032,5,16.0,3599.19,719.84
C016070,7,16.0,3598.82,514.12
C010006,7,20.0,3598.32,514.05
C002778,6,19.0,3598.28,599.71
C002706,6,18.0,3598.13,599.69
C011645,5,18.0,3597.28,719.46
C019976,5,16.0,3597.21,719.44
C007506,6,20.0,3597.18,599.53
C009870,7,20.0,3597.17,513.88
C019315,7,17.0,3596.9,513.84
C007782,5,17.0,3596.62,719.32
C004140,4,15.0,3596.35,899.09
C009989,4,19.0,3596.23,899.06
C010044,7,27.0,3596.14,513.73
C018301,4,15.0,3595.63,898.91
C016982,5,15.0,3594.75,718.95
C000255,7,20.0,3593.84,513.41
C018216,6,29.0,3593.78,598.96
C001541,5,21.0,3593.59,718.72
C004055,9,20.0,3593.43,399.27
C007496,10,27.0,3593.25,359.33
C008398,5,14.0,3593.09,718.62
C004586,8,21.0,3592.77,449.1
C001127,7,18.0,3592.28,513.18
C003752,6,22.0,3591.9,598.65
C011469,9,20.0,3591.65,399.07
C010557,3,16.0,3591.62,1197.21
C015468,3,14.0,3591.5,1197.17
C017127,6,23.0,3591.15,598.53
C013118,5,16.0,3590.37,718.07
C008845,4,15.0,3589.75,897.44
C002880,9,21.0,3589.34,398.82
C006089,4,16.0,3588.19,897.05
C018003,6,18.0,3588.09,598.02
C010897,6,25.0,3588.03,598.01
C019183,8,21.0,3587.71,448.46
C015132,6,19.0,3587.69,597.95
C010701,3,13.0,3587.67,1195.89
C004209,4,17.0,3586.42,896.61
C012149,4,14.0,3586.33,896.58
C018717,6,23.0,3586.11,597.69
C000844,5,17.0,3585.9,717.18
C000524,4,15.0,3585.84,896.46
C001382,4,19.0,3585.76,896.44
C010723,5,20.0,3585.39,717.08
C008543,5,15.0,3585.21,717.04
C006115,7,19.0,3585.17,512.17
C003101,7,29.0,3584.67,512.1
C004096,4,24.0,3584.54,896.14
C012681,4,19.0,3584.5,896.13
C018035,4,11.0,3584.45,896.11
C003167,5,20.0,3584.28,716.86
C012133,3,15.0,3583.95,1194.65
C015239,6,17.0,3583.76,597.29
C006168,5,20.0,3582.29,716.46
C000402,7,21.0,3582.24,511.75
C018859,8,31.0,3582.04,447.76
C002742,7,17.0,3582.0,511.71
C019508,5,18.0,3581.75,716.35
C008732,6,27.0,3581.26,596.88
C006269,6,25.0,3580.26,596.71
C011264,5,19.0,3580.14,716.03
C000967,4,16.0,3579.67,894.92
C014085,4,18.0,3579.38,894.85
C008236,7,22.0,3579.36,511.34
C013768,7,20.0,3579.09,511.3
C017061,5,18.0,3578.44,715.69
C009540,5,14.0,3577.78,715.56
C003191,6,15.0,3576.76,596.13
C004793,6,17.0,3576.63,596.11
C008644,5,14.0,3576.63,715.33
C009389,5,14.0,3576.29,715.26
C012439,3,14.0,3576.15,1192.05
C012862,6,29.0,3576.03,596.01
C005359,6,26.0,3575.8,595.97
C010531,5,20.0,3575.73,715.15
C010630,5,21.0,3575.62,715.12
C002419,9,23.0,3575.61,397.29
C005256,7,18.0,3574.94,510.71
C011502,4,18.0,3574.91,893.73
C010861,5,15.0,3574.87,714.97
C018148,5,16.0,3574.7,714.94
C011934,6,23.0,3574.34,595.72
C000325,10,32.0,3573.76,357.38
C015240,4,19.0,3573.75,893.44
C004011,4,13.0,3573.55,893.39
C001067,6,25.0,3573.42,595.57
C017144,5,16.0,3573.37,714.67
C000471,8,23.0,3573.34,446.67
C008478,8,22.0,3573.19,446.65
C005449,5,12.0,3573.17,714.63
C018702,6,15.0,3573.06,595.51
C017959,4,16.0,3572.9,893.23
C002268,7,23.0,3572.38,510.34
C000755,10,39.0,3572.36,357.24
C007157,6,24.0,3572.22,595.37
C018919,7,26.0,3572.21,510.32
C005672,6,18.0,3572.21,595.37
C006157,8,25.0,3572.18,446.52
C018429,5,15.0,3571.86,714.37
C013085,5,19.0,3571.25,714.25
C019610,7,22.0,3570.84,510.12
C017162,4,17.0,3570.71,892.68
C016767,6,14.0,3570.48,595.08
C013173,5,16.0,3570.42,714.08
C012994,5,17.0,3570.37,714.07
C009508,4,18.0,3570.19,892.55
C005149,6,31.0,3569.63,594.94
C017326,4,15.0,3569.01,892.25
C000389,6,17.0,3568.93,594.82
C002824,8,26.0,3568.71,446.09
C002416,6,20.0,3568.62,594.77
C004990,8,24.0,3568.28,446.04
C017731,7,27.0,3567.81,509.69
C019714,7,18.0,3567.81,509.69
C004285,7,25.0,3567.68,509.67
C010665,8,28.0,3567.48,445.94
C017596,6,19.0,3567.38,594.56
C001637,4,16.0,3567.18,891.8
C007454,6,17.0,3566.95,594.49
C010727,6,15.0,3566.56,594.43
C005043,8,22.0,3566.44,445.81
C017612,5,15.0,3565.49,713.1
C000818,5,18.0,3565.26,713.05
C008266,5,21.0,3565.12,713.02
C000237,7,21.0,3564.8,509.26
C004445,5,22.0,3564.46,712.89
C013138,5,17.0,3564.38,712.88
C005948,7,17.0,3564.06,509.15
C018137,7,13.0,3564.06,509.15
C010355,9,24.0,3563.97,396.0
C014440,5,13.0,3563.75,712.75
C005151,8,17.0,3563.32,445.42
C004404,9,16.0,3563.29,395.92
C013272,6,22.0,3563.09,593.85
C010815,5,16.0,3562.98,712.6
C002441,3,18.0,3562.91,1187.64
C014245,5,16.0,3562.5,712.5
C004962,4,18.0,3561.27,890.32
C015574,4,12.0,3560.97,890.24
C001072,7,23.0,3560.94,508.71
C006210,6,17.0,3560.38,593.4
C014647,7,21.0,3560.21,508.6
C007988,7,23.0,3560.11,508.59
C017814,7,24.0,3560.03,508.58
C012981,6,17.0,3559.54,593.26
C011280,3,14.0,3559.53,1186.51
C011272,6,17.0,3559.28,593.21
C011984,5,16.0,3559.2,711.84
C019586,6,19.0,3558.97,593.16
C014866,5,20.0,3558.63,711.73
C014547,8,19.0,3558.57,444.82
C017137,7,23.0,3558.39,508.34
C004502,4,14.0,3558.12,889.53
C019549,6,15.0,3557.89,592.98
C018161,6,17.0,3557.67,592.95
C012484,6,16.0,3557.47,592.91
C007938,3,19.0,3557.42,1185.81
C009174,7,23.0,3556.44,508.06
C003557,7,24.0,3556.23,508.03
C002412,6,20.0,3555.94,592.66
C005840,5,18.0,3555.85,711.17
C000660,9,29.0,3555.74,395.08
C011077,7,20.0,3555.36,507.91
C008922,8,17.0,3555.22,444.4
C001419,5,20.0,3555.15,711.03
C005859,5,21.0,3554.91,710.98
C009432,4,15.0,3554.66,888.67
C014284,5,17.0,3554.28,710.86
C003212,8,23.0,3554.24,444.28
C006283,3,15.0,3553.93,1184.64
C005867,4,16.0,3553.45,888.36
C015920,7,19.0,3553.16,507.59
C019878,5,22.0,3552.67,710.53
C004735,5,18.0,3552.55,710.51
C002161,4,17.0,3552.13,888.03
C015255,4,16.0,3552.04,888.01
C011711,6,18.0,3551.99,592.0
C009497,4,18.0,3551.93,887.98
C003298,4,17.0,3551.35,887.84
C005692,6,21.0,3550.91,591.82
C016024,5,23.0,3550.32,710.06
C014056,8,16.0,3549.93,443.74
C013696,5,13.0,3549.34,709.87
C007525,5,20.0,3549.23,709.85
C018083,6,23.0,3549.12,591.52
C014605,7,25.0,3549.04,507.01
C003678,6,24.0,3548.94,591.49
C003722,8,21.0,3548.62,443.58
C007957,7,23.0,3548.47,506.92
C014309,5,16.0,3548.05,709.61
C017516,7,22.0,3548.03,506.86
C005935,7,16.0,3547.74,506.82
C007376,7,20.0,3547.12,506.73
C014204,6,22.0,3546.64,591.11
C018303,5,20.0,3546.5,709.3
C000339,7,21.0,3546.5,506.64
C005244,8,27.0,3546.13,443.27
C012675,5,14.0,3546.09,709.22
C017293,6,17.0,3545.57,590.93
C006954,5,20.0,3545.48,709.1
C011530,4,20.0,3545.25,886.31
C002812,7,22.0,3543.75,506.25
C004458,6,19.0,3543.68,590.61
C002597,4,14.0,3543.47,885.87
C005767,7,27.0,3542.98,506.14
C013526,6,17.0,3542.79,590.47
C013442,6,19.0,3542.56,590.43
C008202,8,28.0,3541.84,442.73
C012324,5,18.0,3541.78,708.36
C017384,3,14.0,3541.68,1180.56
C001682,8,24.0,3541.64,442.71
C016007,7,15.0,3541.33,505.9
C014520,7,23.0,3541.0,505.86
C014094,3,12.0,3540.87,1180.29
C005465,7,18.0,3540.39,505.77
C005917,7,19.0,3540.13,505.73
C011908,3,15.0,3539.64,1179.88
C015412,7,20.0,3539.54,505.65
C001695,6,20.0,3539.22,589.87
C010484,6,19.0,3538.75,589.79
C008602,7,22.0,3538.3,505.47
C017540,6,19.0,3538.18,589.7
C014576,9,22.0,3538.02,393.11
C013000,7,22.0,3537.88,505.41
C003627,6,20.0,3537.69,589.62
C008878,5,19.0,3537.54,707.51
C010314,6,21.0,3537.08,589.51
C001697,5,21.0,3536.9,707.38
C019724,4,15.0,3536.68,884.17
C017873,7,19.0,3536.6,505.23
C008286,5,17.0,3536.54,707.31
C002960,5,17.0,3536.52,707.3
C001426,4,15.0,3536.05,884.01
C002274,6,27.0,3535.86,589.31
C019688,4,19.0,3535.82,883.96
C016587,3,14.0,3535.67,1178.56
C016334,5,17.0,3535.44,707.09
C018046,7,25.0,3535.35,505.05
C016010,3,19.0,3535.26,1178.42
C010661,5,23.0,3534.55,706.91
C006191,6,19.0,3533.81,588.97
C003472,9,25.0,3533.72,392.64
C016284,5,17.0,3533.64,706.73
C001977,4,14.0,3533.27,883.32
C019216,5,17.0,3532.86,706.57
C011170,6,21.0,3532.48,588.75
C004820,9,23.0,3531.81,392.42
C003103,6,16.0,3531.72,588.62
C002992,7,22.0,3530.6,504.37
C012032,8,24.0,3530.35,441.29
C009748,8,27.0,3530.32,441.29
C008801,6,17.0,3530.27,588.38
C003408,5,19.0,3530.2,706.04
C014573,5,14.0,3529.33,705.87
C010597,3,13.0,3529.0,1176.33
C012485,4,15.0,3528.94,882.24
C017300,6,20.0,3528.61,588.1
C007531,6,28.0,3528.56,588.09
C016630,5,19.0,3528.06,705.61
C012932,4,12.0,3527.94,881.99
C014758,8,17.0,3527.87,440.98
C000547,9,23.0,3527.6,391.96
C008226,4,15.0,3527.6,881.9
C011951,4,13.0,3527.17,881.79
C004166,6,25.0,3526.97,587.83
C014334,8,24.0,3526.73,440.84
C017001,8,23.0,3526.59,440.82
C008473,4,20.0,3526.39,881.6
C011918,6,22.0,3526.33,587.72
C002783,7,22.0,3525.94,503.71
C003479,4,17.0,3525.59,881.4
C001267,5,25.0,3525.36,705.07
C016646,7,19.0,3525.28,503.61
C018282,8,20.0,3525.13,440.64
C011175,3,15.0,3524.79,1174.93
C009155,7,21.0,3524.13,503.45
C000314,6,15.0,3523.93,587.32
C018391,5,17.0,3523.69,704.74
C016685,5,18.0,3523.48,704.7
C000874,4,16.0,3523.25,880.81
C008850,6,22.0,3522.98,587.16
C004790,4,17.0,3522.97,880.74
C006741,4,14.0,3522.78,880.7
C004761,5,19.0,3522.72,704.54
C004906,5,16.0,3522.63,704.53
C016924,5,17.0,3522.33,704.47
C018634,4,16.0,3522.32,880.58
C013466,5,17.0,3520.99,704.2
C005506,7,24.0,3520.87,502.98
C000828,6,18.0,3520.52,586.75
C015836,9,22.0,3520.49,391.17
C015967,7,22.0,3519.63,502.8
C001493,6,16.0,3519.59,586.6
C005215,4,12.0,3519.4,879.85
C013099,8,21.0,3519.1,439.89
C019657,6,18.0,3519.07,586.51
C003755,5,22.0,3517.67,703.53
C015230,5,17.0,3517.66,703.53
C009915,5,20.0,3517.39,703.48
C002657,7,16.0,3516.75,502.39
C000923,3,12.0,3516.59,1172.2
C012696,5,18.0,3516.52,703.3
C008590,4,15.0,3516.48,879.12
C003655,7,18.0,3516.29,502.33
C003584,6,18.0,3515.94,585.99
C012569,5,20.0,3515.44,703.09
C011273,7,15.0,3515.28,502.18
C019565,6,22.0,3515.26,585.88
C007892,4,15.0,3514.91,878.73
C014222,4,17.0,3514.82,878.71
C018666,7,21.0,3514.66,502.09
C012312,5,21.0,3514.23,702.85
C017010,4,15.0,3514.11,878.53
C017938,6,23.0,3514.02,585.67
C002256,3,15.0,3513.91,1171.3
C004476,5,21.0,3513.88,702.78
C013431,9,24.0,3513.25,390.36
C014754,8,21.0,3513.06,439.13
C005805,6,19.0,3512.29,585.38
C005591,4,17.0,3512.2,878.05
C003443,4,14.0,3511.92,877.98
C019658,5,19.0,3511.91,702.38
C015509,7,26.0,3510.63,501.52
C005179,4,19.0,3510.62,877.66
C006611,4,17.0,3510.58,877.65
C010080,5,16.0,3509.86,701.97
C019892,5,14.0,3509.76,701.95
C000854,7,19.0,3509.65,501.38
C018579,6,16.0,3509.61,584.94
C003347,3,13.0,3509.08,1169.69
C002238,6,18.0,3508.59,584.77
C002235,3,23.0,3508.57,1169.52
C010938,7,17.0,3508.49,501.21
C006803,4,13.0,3508.16,877.04
C019870,5,15.0,3507.98,701.6
C016730,5,19.0,3507.85,701.57
C002132,5,17.0,3507.84,701.57
C000622,6,18.0,3507.58,584.6
C001183,5,18.0,3507.48,701.5
C003540,7,17.0,3507.29,501.04
C004522,5,24.0,3507.04,701.41
C010695,6,15.0,3506.99,584.5
C005628,5,21.0,3506.82,701.36
C014736,6,27.0,3506.27,584.38
C009978,7,20.0,3506.21,500.89
C010242,8,23.0,3506.15,438.27
C001616,6,15.0,3505.93,584.32
C004679,8,19.0,3505.74,438.22
C014458,5,30.0,3505.69,701.14
C015646,5,16.0,3505.36,701.07
C005402,4,17.0,3505.07,876.27
C006437,6,24.0,3504.73,584.12
C005006,7,21.0,3504.35,500.62
C014433,5,18.0,3504.32,700.86
C012609,4,19.0,3504.13,876.03
C010735,5,22.0,3504.03,700.81
C001264,6,18.0,3503.43,583.91
C003455,7,18.0,3503.36,500.48
C014180,5,22.0,3502.79,700.56
C004627,6,18.0,3502.78,583.8
C017357,8,23.0,3502.77,437.85
C010893,5,16.0,3501.81,700.36
C004276,7,19.0,3501.58,500.23
C009780,4,14.0,3501.5,875.38
C018237,5,14.0,3501.03,700.21
C001017,6,20.0,3500.98,583.5
C008654,7,18.0,3500.78,500.11
C013500,4,16.0,3500.7,875.18
C017217,6,19.0,3500.46,583.41
C008423,5,18.0,3500.29,700.06
C010779,6,20.0,3500.27,583.38
C011833,8,28.0,3500.01,437.5
C015759,5,15.0,3499.76,699.95
C000114,8,19.0,3499.08,437.39
C001376,6,16.0,3498.9,583.15
C003570,6,15.0,3498.89,583.15
C006084,5,16.0,3498.57,699.71
C007552,5,17.0,3498.43,699.69
C016902,4,23.0,3498.3,874.58
C005923,5,16.0,3498.25,699.65
C008307,4,13.0,3498.01,874.5
C013981,6,24.0,3497.82,582.97
C006014,8,28.0,3497.61,437.2
C016136,5,16.0,3497.52,699.5
C018670,5,18.0,3497.21,699.44
C019690,4,14.0,3497.12,874.28
C008018,6,21.0,3496.94,582.82
C003953,4,21.0,3496.16,874.04
C006199,5,17.0,3495.97,699.19
C016037,7,17.0,3495.61,499.37
C013062,3,16.0,3494.66,1164.89
C014007,7,21.0,3494.65,499.24
C019840,4,22.0,3494.1,873.53
C005633,5,24.0,3493.9,698.78
C007360,5,22.0,3493.89,698.78
C000690,8,23.0,3493.87,436.73
C007720,5,22.0,3493.57,698.71
C006781,5,20.0,3493.35,698.67
C002601,6,20.0,3493.24,582.21
C019267,5,18.0,3493.01,698.6
C000522,4,13.0,3492.79,873.2
C008057,8,22.0,3492.34,436.54
C016800,5,19.0,3491.93,698.39
C008006,6,14.0,3491.4,581.9
C009879,7,20.0,3490.9,498.7
C014949,5,20.0,3490.71,698.14
C013278,5,17.0,3490.71,698.14
C011234,8,21.0,3490.69,436.34
C001165,5,16.0,3490.4,698.08
C011677,6,19.0,3490.13,581.69
C002760,3,12.0,3490.09,1163.36
C001720,5,16.0,3489.45,697.89
C009361,6,19.0,3488.88,581.48
C015882,8,25.0,3488.87,436.11
C004941,4,18.0,3488.7,872.18
C017561,7,23.0,3488.03,498.29
C019925,3,18.0,3487.91,1162.64
C019363,6,20.0,3487.68,581.28
C002950,9,17.0,3487.67,387.52
C000024,6,18.0,3487.6,581.27
C016023,5,18.0,3487.18,697.44
C012486,7,28.0,3487.18,498.17
C012016,5,14.0,3487.05,697.41
C009942,7,24.0,3486.92,498.13
C011683,5,23.0,3486.86,697.37
C019080,7,17.0,3486.79,498.11
C005326,5,23.0,3486.45,697.29
C013388,3,16.0,3486.41,1162.14
C011217,5,19.0,3486.4,697.28
C014543,4,13.0,3486.19,871.55
C005671,4,17.0,3486.12,871.53
C006262,5,18.0,3486.0,697.2
C014774,5,20.0,3486.0,697.2
C004800,5,19.0,3485.92,697.18
C018337,4,16.0,3485.89,871.47
C017847,5,18.0,3485.46,697.09
C013109,6,17.0,3485.07,580.85
C018205,4,15.0,3484.49,871.12
C012953,3,12.0,3484.48,1161.49
C013402,7,24.0,3483.63,497.66
C015845,6,16.0,3483.41,580.57
C008837,8,23.0,3482.78,435.35
C014939,5,17.0,3482.27,696.45
C000016,11,24.0,3481.99,316.54
C008315,3,16.0,3481.95,1160.65
C010601,8,22.0,3481.66,435.21
C013904,4,18.0,3480.96,870.24
C009971,9,22.0,3480.95,386.77
C009675,5,16.0,3480.67,696.13
C019490,4,21.0,3480.56,870.14
C012261,8,24.0,3480.41,435.05
C001904,3,10.0,3480.0,1160.0
C002882,6,21.0,3479.93,579.99
C012331,5,15.0,3479.82,695.96
C006231,5,16.0,3478.86,695.77
C005598,7,18.0,3478.85,496.98
C004120,4,15.0,3478.69,869.67
C016538,4,15.0,3478.39,869.6
C001119,3,18.0,3478.36,1159.45
C000918,6,21.0,3478.04,579.67
C010109,3,12.0,3478.01,1159.34
C011149,6,21.0,3477.84,579.64
C001465,7,17.0,3477.68,496.81
C005732,5,19.0,3477.2,695.44
C017603,7,20.0,3476.51,496.64
C014002,5,15.0,3476.43,695.29
C007476,5,18.0,3475.79,695.16
C004529,4,17.0,3475.79,868.95
C016243,6,21.0,3475.46,579.24
C007315,8,24.0,3475.38,434.42
C017685,7,17.0,3474.99,496.43
C015201,4,20.0,3474.78,868.7
C019748,5,16.0,3474.71,694.94
C016409,8,21.0,3474.46,434.31
C014833,6,18.0,3474.38,579.06
C016683,6,20.0,3474.01,579.0
C012921,4,17.0,3472.9,868.23
C004758,8,20.0,3472.88,434.11
C012986,8,23.0,3472.53,434.07
C000156,4,18.0,3472.52,868.13
C003814,6,21.0,3472.51,578.75
C017111,5,19.0,3471.39,694.28
C008309,5,20.0,3471.38,694.28
C017043,7,23.0,3471.06,495.87
C017931,7,23.0,3470.94,495.85
C007182,5,18.0,3470.78,694.16
C012784,6,23.0,3470.78,578.46
C000798,8,15.0,3470.73,433.84
C019769,6,20.0,3470.46,578.41
C007311,5,20.0,3470.42,694.08
C019350,5,19.0,3470.31,694.06
C003390,7,14.0,3470.28,495.75
C009132,6,19.0,3469.98,578.33
C012623,4,16.0,3468.51,867.13
C015298,2,14.0,3467.75,1733.88
C008563,5,15.0,3467.55,693.51
C018832,8,21.0,3467.47,433.43
C006377,7,20.0,3467.17,495.31
C004753,8,20.0,3467.15,433.39
C005338,6,25.0,3466.35,577.73
C013093,6,16.0,3466.15,577.69
C005251,4,17.0,3466.1,866.53
C019172,4,17.0,3465.94,866.49
C002728,6,19.0,3465.91,577.65
C002626,6,17.0,3465.76,577.63
C013136,4,16.0,3465.66,866.42
C008869,4,22.0,3465.34,866.34
C018811,7,19.0,3465.16,495.02
C004418,5,16.0,3464.81,692.96
C007622,7,21.0,3464.74,494.96
C018914,7,23.0,3464.26,494.89
C019136,6,17.0,3462.53,577.09
C006735,6,18.0,3462.32,577.05
C018081,4,19.0,3461.87,865.47
C002873,3,17.0,3461.72,1153.91
C018555,8,24.0,3461.71,432.71
C017427,3,12.0,3461.7,1153.9
C012406,6,18.0,3461.53,576.92
C008156,6,14.0,3461.43,576.91
C011975,5,18.0,3461.17,692.23
C002592,4,20.0,3460.62,865.16
C015673,3,18.0,3460.07,1153.36
C006049,5,12.0,3459.65,691.93
C003004,5,18.0,3459.31,691.86
C008049,4,14.0,3459.13,864.78
C000526,4,14.0,3459.05,864.76
C017013,5,21.0,3458.4,691.68
C012927,4,18.0,3458.3,864.58
C014434,5,16.0,3457.95,691.59
C002498,5,22.0,3457.51,691.5
C014293,8,23.0,3457.49,432.19
C012588,5,18.0,3457.45,691.49
C005586,7,18.0,3457.44,493.92
C008162,7,24.0,3457.43,493.92
C012971,8,25.0,3457.37,432.17
C003908,5,14.0,3457.32,691.46
C007234,5,16.0,3456.75,691.35
C006056,6,25.0,3456.37,576.06
C006076,7,21.0,3455.99,493.71
C015011,4,20.0,3455.72,863.93
C015035,4,17.0,3455.67,863.92
C010361,4,16.0,3455.51,863.88
C018273,5,16.0,3455.46,691.09
C017142,8,20.0,3455.3,431.91
C002218,6,23.0,3454.48,575.75
C011214,4,14.0,3454.44,863.61
C008607,5,22.0,3454.4,690.88
C010377,6,18.0,3453.89,575.65
C014232,6,18.0,3453.8,575.63
C018076,4,13.0,3453.51,863.38
C014286,5,23.0,3453.29,690.66
C013313,4,21.0,3452.51,863.13
C009998,7,18.0,3452.36,493.19
C009169,6,17.0,3452.2,575.37
C009659,5,19.0,3452.0,690.4
C000641,6,19.0,3451.66,575.28
C010573,4,19.0,3451.49,862.87
C005211,6,16.0,3451.29,575.22
C009013,3,16.0,3450.62,1150.21
C017955,5,21.0,3450.07,690.01
C002839,7,15.0,3449.99,492.86
C016216,8,20.0,3449.59,431.2
C007969,8,36.0,3449.42,431.18
C012907,7,24.0,3449.32,492.76
C016796,5,19.0,3449.32,689.86
C008569,5,15.0,3449.03,689.81
C019998,6,17.0,3448.85,574.81
C015469,3,14.0,3448.78,1149.59
C017559,5,17.0,3448.75,689.75
C001095,5,16.0,3448.63,689.73
C006109,8,21.0,3448.58,431.07
C007361,4,19.0,3448.54,862.14
C018064,6,17.0,3448.28,574.71
C006594,4,17.0,3447.99,862.0
C002410,5,20.0,3447.67,689.53
C013204,4,18.0,3447.41,861.85
C006649,4,16.0,3447.17,861.79
C010505,5,19.0,3447.13,689.43
C011705,3,11.0,3447.13,1149.04
C006244,6,25.0,3447.0,574.5
C009084,6,18.0,3446.92,574.49
C015380,6,20.0,3446.59,574.43
C012236,6,21.0,3445.62,574.27
C007403,4,17.0,3445.4,861.35
C011746,5,18.0,3445.36,689.07
C013805,5,22.0,3445.05,689.01
C007302,7,16.0,3445.05,492.15
C018416,6,18.0,3445.03,574.17
C011788,6,17.0,3444.71,574.12
C010194,7,27.0,3444.65,492.09
C015989,3,14.0,3444.57,1148.19
C012899,3,13.0,3444.27,1148.09
C000951,8,17.0,3443.46,430.43
C011618,4,14.0,3443.22,860.81
C002013,9,18.0,3443.05,382.56
C004148,6,22.0,3442.45,573.74
C019076,7,15.0,3442.4,491.77
C015139,8,25.0,3442.27,430.28
C002827,4,16.0,3442.17,860.54
C007045,6,19.0,3441.63,573.61
C018291,7,23.0,3441.12,491.59
C000056,7,23.0,3441.07,491.58
C019101,6,18.0,3440.78,573.46
C017518,8,21.0,3440.66,430.08
C016529,7,16.0,3440.51,491.5
C003442,6,23.0,3440.49,573.42
C010195,8,20.0,3440.39,430.05
C001773,5,20.0,3440.35,688.07
C011062,5,17.0,3439.68,687.94
C016776,5,18.0,3439.17,687.83
C003842,5,16.0,3438.85,687.77
C018523,6,16.0,3438.48,573.08
C013323,7,15.0,3438.39,491.2
C014255,4,12.0,3438.23,859.56
C016465,6,20.0,3437.52,572.92
C007314,6,17.0,3437.46,572.91
C010283,5,17.0,3437.38,687.48
C003343,5,18.0,3437.14,687.43
C013700,3,16.0,3436.93,1145.64
C016066,6,19.0,3436.66,572.78
C019838,3,14.0,3436.47,1145.49
C012736,8,19.0,3435.22,429.4
C002689,4,16.0,3435.02,858.76
C008482,3,16.0,3435.02,1145.01
C001934,6,19.0,3434.82,572.47
C019202,7,26.0,3434.62,490.66
C007468,5,18.0,3434.39,686.88
C007408,6,16.0,3433.98,572.33
C014046,6,19.0,3433.46,572.24
C007378,4,19.0,3433.01,858.25
C010678,5,19.0,3432.49,686.5
C015343,3,15.0,3432.41,1144.14
C008527,5,23.0,3432.37,686.47
C003940,6,22.0,3432.36,572.06
C008992,7,23.0,3432.24,490.32
C001686,6,18.0,3431.67,571.95
C011351,4,18.0,3431.28,857.82
C017382,5,14.0,3431.06,686.21
C004716,6,21.0,3430.96,571.83
C001769,4,15.0,3430.64,857.66
C004343,8,19.0,3430.37,428.8
C010603,8,25.0,3429.38,428.67
C004334,3,13.0,3429.19,1143.06
C012335,4,16.0,3428.99,857.25
C016713,7,25.0,3428.94,489.85
C011151,5,23.0,3428.88,685.78
C014697,7,15.0,3428.82,489.83
C014586,4,17.0,3428.25,857.06
C008894,4,15.0,3427.65,856.91
C006895,5,18.0,3427.63,685.53
C004450,6,17.0,3427.48,571.25
C017491,4,10.0,3427.3,856.83
C017346,5,16.0,3427.28,685.46
C005181,6,18.0,3427.27,571.21
C002544,4,14.0,3427.0,856.75
C001033,5,16.0,3426.8,685.36
C005558,4,16.0,3426.27,856.57
C017009,4,17.0,3426.16,856.54
C012098,7,23.0,3426.03,489.43
C003047,6,20.0,3425.82,570.97
C005589,7,22.0,3425.81,489.4
C013724,8,16.0,3425.64,428.21
C013648,5,17.0,3425.44,685.09
C003383,8,26.0,3425.1,428.14
C014058,4,18.0,3424.87,856.22
C008872,4,14.0,3423.77,855.94
C016967,6,15.0,3423.74,570.62
C012779,5,15.0,3423.39,684.68
C005418,5,17.0,3422.67,684.53
C012334,6,22.0,3422.66,570.44
C007212,4,18.0,3422.48,855.62
C003745,3,13.0,3422.47,1140.82
C000908,6,17.0,3422.42,570.4
C000730,6,13.0,3422.38,570.4
C005567,7,23.0,3422.38,488.91
C011931,6,17.0,3422.24,570.37
C001436,8,24.0,3421.71,427.71
C001716,10,22.0,3421.69,342.17
C004150,5,22.0,3421.18,684.24
C010612,6,22.0,3420.68,570.11
C014203,6,18.0,3420.6,570.1
C018788,6,18.0,3419.72,569.95
C009517,5,20.0,3419.65,683.93
C004622,6,15.0,3419.54,569.92
C010171,8,20.0,3419.51,427.44
C008031,10,26.0,3419.34,341.93
C015356,5,21.0,3418.79,683.76
C006951,5,15.0,3418.78,683.76
C004274,4,15.0,3418.42,854.61
C016196,5,14.0,3418.32,683.66
C005792,6,13.0,3418.29,569.72
C017628,3,16.0,3417.39,1139.13
C002582,6,17.0,3416.94,569.49
C018711,4,14.0,3416.73,854.18
C016862,5,11.0,3416.39,683.28
C000067,5,18.0,3416.07,683.21
C014317,6,21.0,3415.68,569.28
C004344,4,17.0,3415.61,853.9
C013356,6,20.0,3414.93,569.16
C005822,7,22.0,3414.93,487.85
C017229,9,19.0,3414.58,379.4
C018428,5,14.0,3414.28,682.86
C014368,7,20.0,3413.61,487.66
C005576,4,20.0,3413.1,853.28
C002170,6,18.0,3413.05,568.84
C003772,4,14.0,3413.03,853.26
C004165,8,25.0,3413.0,426.63
C017545,5,16.0,3412.8,682.56
C005463,4,14.0,3412.64,853.16
C003971,4,18.0,3412.5,853.13
C002858,6,17.0,3412.36,568.73
C015012,5,14.0,3412.33,682.47
C006733,7,21.0,3412.26,487.47
C001979,5,13.0,3411.98,682.4
C008489,3,15.0,3411.88,1137.29
C017976,5,24.0,3411.63,682.33
C005979,3,13.0,3410.93,1136.98
C014267,6,18.0,3410.54,568.42
C001756,5,19.0,3410.27,682.05
C004105,5,13.0,3409.82,681.96
C011343,5,17.0,3409.42,681.88
C011022,5,15.0,3409.41,681.88
C007775,7,25.0,3409.4,487.06
C010926,6,22.0,3409.24,568.21
C013163,7,26.0,3408.88,486.98
C013588,3,10.0,3408.76,1136.25
C004770,6,14.0,3408.48,568.08
C007903,5,15.0,3408.28,681.66
C002769,7,22.0,3408.28,486.9
C009783,4,18.0,3407.29,851.82
C014151,6,21.0,3407.17,567.86
C004738,4,17.0,3407.08,851.77
C012342,5,17.0,3406.22,681.24
C006522,4,16.0,3406.01,851.5
C002762,7,21.0,3405.88,486.55
C002116,9,26.0,3405.52,378.39
C001227,4,20.0,3405.25,851.31
C012072,8,19.0,3405.11,425.64
C000174,10,16.0,3405.06,340.51
C002793,5,11.0,3404.73,680.95
C019322,9,25.0,3404.66,378.3
C010578,6,22.0,3404.65,567.44
C007710,5,19.0,3403.87,680.77
C007934,5,16.0,3403.85,680.77
C005726,6,19.0,3403.83,567.3
C013342,5,14.0,3403.78,680.76
C010230,5,17.0,3403.67,680.73
C019546,8,19.0,3403.2,425.4
C002714,6,18.0,3403.2,567.2
C008234,5,14.0,3402.47,680.49
C006017,3,12.0,3402.39,1134.13
C003535,6,15.0,3402.16,567.03
C002773,6,19.0,3402.06,567.01
C004516,4,13.0,3401.49,850.37
C009674,4,22.0,3401.37,850.34
C011457,7,18.0,3401.27,485.9
C011895,5,17.0,3401.18,680.24
C010523,5,22.0,3401.11,680.22
C006055,7,21.0,3400.85,485.84
C005604,8,17.0,3400.57,425.07
C007840,9,32.0,3400.46,377.83
C006521,4,14.0,3400.21,850.05
C019376,4,16.0,3400.14,850.04
C013658,6,23.0,3400.06,566.68
C016053,4,15.0,3399.93,849.98
C013548,4,14.0,3399.64,849.91
C009428,5,14.0,3399.35,679.87
C004071,5,18.0,3399.28,679.86
C006720,7,17.0,3399.28,485.61
C009799,5,17.0,3399.03,679.81
C016721,5,20.0,3398.84,679.77
C006000,4,13.0,3398.79,849.7
C009335,5,12.0,3398.77,679.75
C013468,5,18.0,3398.75,679.75
C003876,6,18.0,3398.65,566.44
C006527,6,16.0,3398.28,566.38
C011820,7,21.0,3397.53,485.36
C015306,6,25.0,3397.34,566.22
C016091,4,15.0,3397.03,849.26
C013055,4,13.0,3396.87,849.22
C010143,7,17.0,3396.79,485.26
C001499,10,26.0,3396.78,339.68
C010845,4,14.0,3396.63,849.16
C001722,6,15.0,3396.5,566.08
C017102,4,20.0,3395.85,848.96
C012621,7,24.0,3395.69,485.1
C005580,4,21.0,3395.41,848.85
C013815,4,15.0,3395.34,848.84
C014360,5,19.0,3395.07,679.01
C013569,4,16.0,3395.01,848.75
C008164,7,17.0,3393.98,484.85
C001096,5,15.0,3393.63,678.73
C010978,4,13.0,3393.07,848.27
C019084,8,24.0,3392.99,424.12
C019682,5,18.0,3392.29,678.46
C002463,6,24.0,3391.92,565.32
C009121,7,22.0,3391.79,484.54
C018054,6,19.0,3391.76,565.29
C011682,5,18.0,3391.72,678.34
C007824,7,19.0,3391.72,484.53
C004198,3,15.0,3391.12,1130.37
C009718,5,16.0,3391.06,678.21
C009272,6,19.0,3390.94,565.16
C014898,6,22.0,3390.56,565.09
C019775,6,16.0,3390.45,565.07
C007440,5,16.0,3390.43,678.09
C011013,5,16.0,3390.41,678.08
C007432,5,14.0,3390.04,678.01
C004178,6,18.0,3389.76,564.96
C007351,8,22.0,3389.27,423.66
C013044,8,29.0,3389.11,423.64
C003698,5,16.0,3389.02,677.8
C009257,5,15.0,3388.85,677.77
C012945,6,18.0,3388.66,564.78
C009161,4,16.0,3388.22,847.06
C005829,4,14.0,3388.04,847.01
C004634,6,15.0,3387.86,564.64
C004750,5,20.0,3387.76,677.55
C000322,8,26.0,3387.63,423.45
C018339,5,22.0,3387.47,677.49
C009066,7,17.0,3387.09,483.87
C003431,7,14.0,3386.49,483.78
C005230,5,16.0,3386.31,677.26
C008841,4,13.0,3385.89,846.47
C000688,8,30.0,3385.84,423.23
C009265,5,16.0,3385.68,677.14
C001707,4,15.0,3385.62,846.41
C009494,6,19.0,3385.19,564.2
C008066,7,20.0,3385.19,483.6
C008851,5,22.0,3384.69,676.94
C012824,3,15.0,3384.59,1128.2
C010512,8,21.0,3384.53,423.07
C001739,4,21.0,3384.27,846.07
C006431,8,21.0,3384.24,423.03
C006874,5,19.0,3383.91,676.78
C007893,9,24.0,3383.87,375.99
C016388,3,14.0,3383.79,1127.93
C018802,5,15.0,3383.74,676.75
C000309,11,26.0,3383.73,307.61
C007278,6,17.0,3383.51,563.92
C019161,6,19.0,3382.58,563.76
C002551,7,27.0,3382.5,483.21
C017438,6,19.0,3382.22,563.7
C004277,5,22.0,3382.17,676.43
C012201,4,24.0,3382.09,845.52
C002121,4,17.0,3381.83,845.46
C000616,6,17.0,3381.15,563.53
C009716,3,14.0,3381.15,1127.05
C019206,5,14.0,3381.14,676.23
C012520,3,16.0,3381.05,1127.02
C014211,6,18.0,3380.95,563.49
C011224,6,16.0,3380.86,563.48
C007224,6,14.0,3380.36,563.39
C008552,5,13.0,3380.28,676.06
C014825,6,20.0,3380.04,563.34
C008126,11,27.0,3379.78,307.25
C000450,4,13.0,3379.72,844.93
C003102,7,22.0,3379.44,482.78
C001374,3,12.0,3379.29,1126.43
C009041,6,17.0,3379.22,563.2
C007347,5,15.0,3379.11,675.82
C001905,6,30.0,3379.05,563.18
C003020,4,15.0,3378.91,844.73
C007122,6,17.0,3378.56,563.09
C006885,6,18.0,3378.34,563.06
C009639,5,15.0,3378.2,675.64
C019125,3,11.0,3378.03,1126.01
C016315,8,25.0,3377.92,422.24
C011137,5,16.0,3377.53,675.51
C018566,5,16.0,3377.3,675.46
C017791,2,18.0,3377.24,1688.62
C000100,8,22.0,3376.61,422.08
C013521,5,14.0,3376.58,675.32
C012811,7,16.0,3376.41,482.34
C011027,7,16.0,3376.11,482.3
C008723,5,15.0,3376.1,675.22
C008491,8,18.0,3375.77,421.97
C000354,4,15.0,3375.71,843.93
C014086,4,21.0,3375.18,843.8
C007674,6,16.0,3375.08,562.51
C009537,5,26.0,3375.06,675.01
C009872,5,15.0,3374.61,674.92
C004542,8,17.0,3374.55,421.82
C016571,5,14.0,3374.16,674.83
C012650,6,21.0,3373.61,562.27
C011276,4,16.0,3371.6,842.9
C014473,6,15.0,3371.21,561.87
C002672,6,17.0,3371.09,561.85
C007541,6,19.0,3371.02,561.84
C019979,5,17.0,3370.95,674.19
C007600,7,26.0,3370.19,481.46
C000845,5,17.0,3370.14,674.03
C012744,7,17.0,3370.01,481.43
C002766,3,14.0,3369.4,1123.13
C005813,6,23.0,3369.15,561.53
C016235,5,16.0,3368.44,673.69
C013072,6,18.0,3368.28,561.38
C019426,4,14.0,3368.05,842.01
C016589,2,13.0,3367.82,1683.91
C015722,5,18.0,3367.51,673.5
C003001,6,18.0,3367.23,561.21
C011180,6,14.0,3367.14,561.19
C010793,5,17.0,3366.71,673.34
C003594,5,15.0,3366.57,673.31
C013441,4,15.0,3366.4,841.6
C017808,4,13.0,3366.22,841.56
C004152,6,16.0,3366.13,561.02
C002834,8,22.0,3365.93,420.74
C004356,6,21.0,3365.82,560.97
C012276,5,16.0,3365.77,673.15
C017398,8,18.0,3365.6,420.7
C005987,7,22.0,3365.42,480.77
C018458,4,18.0,3365.32,841.33
C002843,5,20.0,3365.15,673.03
C014907,4,13.0,3364.1,841.03
C000603,4,17.0,3363.73,840.93
C004589,8,24.0,3363.68,420.46
C015894,3,13.0,3362.88,1120.96
C001874,4,17.0,3362.56,840.64
C016758,7,21.0,3362.47,480.35
C013704,6,21.0,3362.4,560.4
C018138,2,12.0,3362.14,1681.07
C012912,6,18.0,3362.12,560.35
C013276,3,15.0,3361.63,1120.54
C013395,6,15.0,3361.42,560.24
C015599,5,14.0,3361.23,672.25
C003369,4,14.0,3361.23,840.31
C012492,6,14.0,3360.99,560.17
C002200,8,16.0,3360.94,420.12
C004365,7,21.0,3360.86,480.12
C010339,4,14.0,3360.77,840.19
C014298,8,24.0,3360.48,420.06
C014871,6,20.0,3360.48,560.08
C019079,6,18.0,3360.45,560.07
C008118,6,16.0,3360.41,560.07
C004878,6,18.0,3360.02,560.0
C018370,5,15.0,3359.95,671.99
C000853,5,18.0,3359.93,671.99
C013818,3,14.0,3359.78,1119.93
C018810,4,21.0,3359.52,839.88
C013950,5,16.0,3358.86,671.77
C010713,4,18.0,3358.66,839.67
C017256,4,15.0,3358.43,839.61
C004374,4,14.0,3358.27,839.57
C004193,7,22.0,3357.29,479.61
C012973,5,27.0,3357.05,671.41
C018215,5,15.0,3356.97,671.39
C005070,7,19.0,3356.87,479.55
C007429,7,19.0,3356.85,479.55
C013856,5,21.0,3356.39,671.28
C016102,3,10.0,3355.86,1118.62
C016522,5,15.0,3355.83,671.17
C000077,5,19.0,3355.46,671.09
C013914,7,18.0,3355.12,479.3
C012674,5,21.0,3355.02,671.0
C017676,8,22.0,3354.9,419.36
C012670,5,13.0,3354.83,670.97
C003835,4,12.0,3354.73,838.68
C005220,4,15.0,3354.57,838.64
C017765,5,18.0,3353.94,670.79
C004068,6,18.0,3353.83,558.97
C016302,8,18.0,3353.71,419.21
C003205,5,15.0,3353.06,670.61
C003090,3,13.0,3353.0,1117.67
C019404,6,19.0,3353.0,558.83
C014501,9,20.0,3352.93,372.55
C009151,7,21.0,3352.86,478.98
C004005,6,13.0,3352.58,558.76
C008243,5,17.0,3352.33,670.47
C010536,3,19.0,3352.3,1117.43
C011042,3,19.0,3351.75,1117.25
C006558,6,22.0,3351.72,558.62
C005581,9,28.0,3351.33,372.37
C001537,7,23.0,3351.13,478.73
C013982,7,21.0,3351.12,478.73
C009023,5,14.0,3350.71,670.14
C018722,4,17.0,3350.65,837.66
C007434,4,19.0,3350.26,837.57
C012939,6,19.0,3350.23,558.37
C016709,6,11.0,3349.83,558.3
C002941,5,18.0,3349.49,669.9
C007620,8,19.0,3349.09,418.64
C019003,8,20.0,3349.09,418.64
C019945,5,13.0,3348.82,669.76
C009841,7,22.0,3348.57,478.37
C003749,4,21.0,3348.42,837.11
C017058,4,19.0,3347.96,836.99
C006978,5,20.0,3347.64,669.53
C000797,7,17.0,3347.6,478.23
C015149,3,16.0,3347.38,1115.79
C012283,4,18.0,3347.24,836.81
C016106,4,16.0,3346.39,836.6
C012232,5,24.0,3345.45,669.09
C014622,6,19.0,3344.6,557.43
C003751,4,14.0,3344.2,836.05
C011586,3,13.0,3344.01,1114.67
C003391,4,13.0,3343.26,835.82
C009224,5,16.0,3341.97,668.39
C016452,3,15.0,3341.74,1113.91
C008589,7,17.0,3341.45,477.35
C002598,8,26.0,3341.31,417.66
C015052,6,19.0,3341.13,556.86
C017021,9,25.0,3340.85,371.21
C012982,5,14.0,3340.65,668.13
C011844,9,21.0,3340.46,371.16
C018409,6,20.0,3339.88,556.65
C013743,7,21.0,3339.74,477.11
C001585,5,20.0,3339.73,667.95
C014763,8,24.0,3339.32,417.42
C004323,4,13.0,3339.2,834.8
C017421,3,15.0,3339.16,1113.05
C014760,7,21.0,3339.04,477.01
C014853,4,14.0,3338.74,834.69
C003233,6,21.0,3338.64,556.44
C011523,5,20.0,3338.18,667.64
C005966,3,17.0,3337.98,1112.66
C006587,5,17.0,3337.89,667.58
C010712,8,21.0,3337.89,417.24
C006146,5,20.0,3337.75,667.55
C019752,7,20.0,3337.55,476.79
C007677,6,18.0,3337.2,556.2
C007370,5,16.0,3337.02,667.4
C019834,4,13.0,3336.99,834.25
C004135,5,18.0,3336.95,667.39
C009243,3,21.0,3336.72,1112.24
C004441,7,22.0,3336.57,476.65
C010638,4,16.0,3336.33,834.08
C002099,6,19.0,3336.22,556.04
C000680,6,19.0,3335.78,555.96
C012030,5,25.0,3335.43,667.09
C013022,7,15.0,3335.4,476.49
C007626,7,22.0,3335.08,476.44
C006093,6,18.0,3334.91,555.82
C009220,3,16.0,3334.46,1111.49
C006754,4,16.0,3334.19,833.55
C016896,5,22.0,3334.13,666.83
C016453,7,23.0,3334.1,476.3
C006347,4,18.0,3334.08,833.52
C012009,5,18.0,3333.82,666.76
C015310,3,10.0,3333.81,1111.27
C014135,5,20.0,3333.67,666.73
C009020,5,17.0,3333.52,666.7
C016451,5,15.0,3333.39,666.68
C018488,5,17.0,3333.01,666.6
C008346,5,19.0,3332.93,666.59
C006692,6,15.0,3332.71,555.45
C006446,6,16.0,3332.29,555.38
C001406,4,19.0,3332.28,833.07
C001111,5,14.0,3332.03,666.41
C018232,6,19.0,3332.03,555.34
C012303,6,18.0,3331.89,555.31
C016189,8,23.0,3331.37,416.42
C000721,8,27.0,3331.08,416.39
C011015,4,18.0,3330.95,832.74
C019088,7,23.0,3330.88,475.84
C008083,4,15.0,3330.86,832.72
C015028,7,21.0,3330.79,475.83
C012434,7,24.0,3330.74,475.82
C011766,4,12.0,3330.55,832.64
C014370,4,14.0,3330.46,832.62
C002853,5,13.0,3330.29,666.06
C018865,7,25.0,3330.24,475.75
C014023,4,16.0,3330.21,832.55
C012188,7,20.0,3330.12,475.73
C007030,5,17.0,3330.0,666.0
C008796,4,16.0,3329.96,832.49
C009575,5,20.0,3329.74,665.95
C014486,6,17.0,3329.46,554.91
C002196,5,21.0,3329.39,665.88
C018784,4,16.0,3329.28,832.32
C016063,5,16.0,3329.25,665.85
C019739,7,27.0,3329.22,475.6
C013879,5,13.0,3329.07,665.81
C015861,5,17.0,3328.75,665.75
C013585,6,18.0,3328.19,554.7
C001899,5,13.0,3328.14,665.63
C011439,2,12.0,3327.89,1663.95
C015581,5,17.0,3327.66,665.53
C017184,6,20.0,3327.52,554.59
C003438,6,15.0,3327.31,554.55
C008620,7,22.0,3327.09,475.3
C017795,6,21.0,3327.09,554.52
C016318,6,18.0,3327.0,554.5
C016626,6,18.0,3326.42,554.4
C007493,4,13.0,3326.4,831.6
C011289,8,24.0,3326.02,415.75
C002640,5,15.0,3325.95,665.19
C014278,5,17.0,3325.62,665.12
C015865,4,19.0,3325.29,831.32
C007349,6,16.0,3325.23,554.21
C009143,4,18.0,3324.95,831.24
C001147,6,19.0,3324.93,554.16
C002367,5,17.0,3324.8,664.96
C017190,4,14.0,3324.55,831.14
C002653,8,21.0,3324.5,415.56
C001321,4,14.0,3324.31,831.08
C001290,8,26.0,3324.24,415.53
C003353,3,13.0,3323.99,1108.0
C014734,3,18.0,3323.91,1107.97
C001056,4,19.0,3323.78,830.95
C009990,4,14.0,3323.33,830.83
C003474,5,15.0,3323.3,664.66
C009985,6,22.0,3322.43,553.74
C018304,7,19.0,3322.32,474.62
C014074,8,21.0,3322.14,415.27
C007084,4,14.0,3321.85,830.46
C000108,7,23.0,3321.84,474.55
C004861,8,21.0,3321.18,415.15
C018644,5,20.0,3320.56,664.11
C019163,6,20.0,3320.49,553.42
C015130,4,13.0,3319.57,829.89
C003714,4,14.0,3319.27,829.82
C013894,5,18.0,3318.99,663.8
C012241,6,16.0,3318.91,553.15
C009739,7,23.0,3318.72,474.1
C006881,5,14.0,3318.07,663.61
C004444,6,21.0,3317.98,553.0
C001523,6,16.0,3317.66,552.94
C015227,7,22.0,3317.57,473.94
C016504,3,19.0,3317.51,1105.84
C009778,6,16.0,3317.42,552.9
C010038,6,29.0,3317.11,552.85
C018797,4,17.0,3316.75,829.19
C015658,5,21.0,3316.41,663.28
C011712,8,24.0,3316.21,414.53
C012943,6,19.0,3316.05,552.68
C014790,7,18.0,3315.67,473.67
C014782,4,12.0,3315.6,828.9
C017461,6,22.0,3315.36,552.56
C013566,7,16.0,3314.76,473.54
C013279,6,22.0,3313.97,552.33
C017347,5,15.0,3313.71,662.74
C014414,3,13.0,3313.68,1104.56
C014975,8,23.0,3313.66,414.21
C010370,4,16.0,3313.57,828.39
C016342,4,14.0,3313.2,828.3
C013375,4,17.0,3313.04,828.26
C006140,8,25.0,3313.04,414.13
C017930,5,17.0,3312.39,662.48
C004725,5,12.0,3312.31,662.46
C006534,5,14.0,3312.3,662.46
C014673,4,11.0,3311.8,827.95
C017246,7,17.0,3311.37,473.05
C016421,7,22.0,3310.39,472.91
C016926,3,17.0,3310.33,1103.44
C009429,4,16.0,3310.2,827.55
C001664,5,16.0,3309.25,661.85
C014025,6,21.0,3308.58,551.43
C007203,5,14.0,3307.93,661.59
C015441,3,15.0,3307.55,1102.52
C006501,7,18.0,3307.35,472.48
C015949,5,13.0,3307.32,661.46
C002491,9,20.0,3307.04,367.45
C004290,4,18.0,3306.89,826.72
C010276,6,15.0,3306.44,551.07
C011914,7,22.0,3305.9,472.27
C004903,6,21.0,3305.45,550.91
C000075,6,19.0,3305.41,550.9
C015888,7,25.0,3305.34,472.19
C019692,5,15.0,3304.99,661.0
C010187,4,15.0,3304.66,826.17
C009034,7,23.0,3304.42,472.06
C004997,6,18.0,3304.23,550.71
C003017,5,18.0,3304.12,660.82
C014350,5,18.0,3304.01,660.8
C010896,6,16.0,3303.98,550.66
C011777,7,15.0,3303.57,471.94
C010672,4,16.0,3303.51,825.88
C009315,8,24.0,3303.26,412.91
C007473,4,15.0,3302.95,825.74
C014595,9,25.0,3302.88,366.99
C009112,5,18.0,3302.78,660.56
C016188,3,15.0,3302.38,1100.79
C016265,4,18.0,3302.01,825.5
C013447,3,16.0,3301.69,1100.56
C005267,6,18.0,3301.57,550.26
C009826,7,15.0,3301.13,471.59
C000752,8,19.0,3301.05,412.63
C010394,4,13.0,3300.95,825.24
C018676,5,19.0,3300.61,660.12
C003215,5,18.0,3300.54,660.11
C003736,6,16.0,3300.31,550.05
C010591,6,16.0,3299.28,549.88
C002046,3,17.0,3299.04,1099.68
C002142,5,16.0,3298.87,659.77
C017716,4,13.0,3298.83,824.71
C012594,6,24.0,3298.7,549.78
C004481,6,21.0,3298.01,549.67
C012561,4,13.0,3297.67,824.42
C013214,7,19.0,3297.5,471.07
C017187,6,17.0,3296.75,549.46
C002703,5,16.0,3296.63,659.33
C008581,5,20.0,3296.49,659.3
C019745,5,18.0,3296.24,659.25
C009129,7,16.0,3295.8,470.83
C006067,6,16.0,3295.78,549.3
C002448,7,22.0,3295.59,470.8
C013858,7,20.0,3295.53,470.79
C001430,6,16.0,3295.47,549.25
C016765,5,15.0,3295.32,659.06
C015205,5,15.0,3295.21,659.04
C004307,7,16.0,3295.1,470.73
C007069,5,15.0,3294.88,658.98
C009926,3,12.0,3294.81,1098.27
C010282,4,16.0,3294.68,823.67
C017962,3,15.0,3294.48,1098.16
C004969,6,20.0,3293.96,548.99
C010586,7,19.0,3293.89,470.56
C010170,7,18.0,3293.37,470.48
C019117,4,19.0,3293.25,823.31
C007956,6,19.0,3292.93,548.82
C005028,6,15.0,3292.78,548.8
C007630,6,20.0,3292.74,548.79
C009054,7,23.0,3292.67,470.38
C005052,6,19.0,3292.07,548.68
C009606,6,19.0,3291.75,548.63
C009019,5,21.0,3291.74,658.35
C014258,3,12.0,3291.55,1097.18
C011173,4,12.0,3290.95,822.74
C017074,6,16.0,3290.36,548.39
C014895,4,15.0,3290.33,822.58
C001689,5,15.0,3290.2,658.04
C016281,3,20.0,3290.02,1096.67
C011792,7,20.0,3289.92,469.99
C003608,4,16.0,3289.77,822.44
C000453,7,20.0,3289.73,469.96
C010290,7,23.0,3289.65,469.95
C002584,6,15.0,3289.43,548.24
C010099,6,20.0,3288.96,548.16
C002532,7,24.0,3288.4,469.77
C008814,5,19.0,3288.16,657.63
C011904,6,15.0,3288.01,548.0
C005617,5,15.0,3287.71,657.54
C017944,5,17.0,3287.46,657.49
C019005,7,20.0,3287.43,469.63
C002086,4,14.0,3287.42,821.86
C014744,5,19.0,3287.15,657.43
C001658,3,11.0,3287.09,1095.7
C005049,7,23.0,3286.68,469.53
C017125,6,16.0,3286.38,547.73
C008213,7,24.0,3285.55,469.36
C010745,9,31.0,3285.36,365.04
C002392,7,20.0,3285.24,469.32
C003998,4,18.0,3285.24,821.31
C013178,6,16.0,3285.07,547.51
C000225,5,19.0,3285.0,657.0
C007884,5,18.0,3284.98,657.0
C002799,5,16.0,3284.69,656.94
C004097,6,19.0,3284.67,547.45
C001814,6,22.0,3284.31,547.39
C005540,7,15.0,3283.81,469.12
C014644,6,22.0,3283.71,547.29
C016394,3,13.0,3283.6,1094.53
C013177,5,22.0,3283.17,656.63
C003534,5,14.0,3283.12,656.62
C019570,6,22.0,3282.65,547.11
C009010,5,10.0,3282.35,656.47
C016008,7,29.0,3282.31,468.9
C004190,6,15.0,3281.88,546.98
C007256,7,23.0,3281.53,468.79
C007247,5,15.0,3281.32,656.26
C011755,6,19.0,3280.58,546.76
C004202,4,16.0,3280.23,820.06
C018685,6,19.0,3279.73,546.62
C014565,7,25.0,3279.72,468.53
C002798,5,18.0,3279.58,655.92
C015636,4,11.0,3279.52,819.88
C012498,3,17.0,3279.5,1093.17
C012253,6,18.0,3279.04,546.51
C003285,6,16.0,3278.87,546.48
C000170,4,13.0,3278.84,819.71
C004788,6,15.0,3278.62,546.44
C006605,4,13.0,3278.27,819.57
C019387,5,15.0,3278.07,655.61
C017769,3,12.0,3277.56,1092.52
C011167,5,14.0,3277.44,655.49
C017432,6,19.0,3277.32,546.22
C009484,6,18.0,3277.24,546.21
C018737,7,20.0,3277.1,468.16
C009275,5,17.0,3277.07,655.41
C008548,6,19.0,3276.9,546.15
C019152,6,18.0,3276.87,546.15
C012840,4,14.0,3276.51,819.13
C001260,5,15.0,3276.42,655.28
C019947,5,17.0,3276.41,655.28
C008296,7,14.0,3276.02,468.0
C007719,7,18.0,3275.71,467.96
C005851,6,18.0,3274.75,545.79
C000882,2,10.0,3274.64,1637.32
C012346,6,17.0,3274.32,545.72
C009991,7,24.0,3274.3,467.76
C007929,3,16.0,3274.23,1091.41
C017644,4,16.0,3273.88,818.47
C008274,6,19.0,3273.59,545.6
C017597,6,16.0,3273.37,545.56
C008708,4,24.0,3272.33,818.08
C005299,4,19.0,3272.28,818.07
C016515,3,13.0,3272.19,1090.73
C014251,6,15.0,3271.7,545.28
C002998,5,18.0,3271.68,654.34
C008406,6,15.0,3271.42,545.24
C008540,9,20.0,3271.35,363.48
C003871,9,19.0,3271.22,363.47
C000030,8,21.0,3271.04,408.88
C014197,6,19.0,3270.98,545.16
C018335,7,19.0,3270.55,467.22
C017463,5,22.0,3270.48,654.1
C000612,8,17.0,3270.37,408.8
C002883,5,14.0,3269.93,653.99
C000296,6,18.0,3269.9,544.98
C008761,4,15.0,3269.83,817.46
C009167,8,17.0,3269.76,408.72
C019213,6,17.0,3269.66,544.94
C001581,4,20.0,3269.49,817.37
C000952,6,15.0,3269.29,544.88
C013842,5,17.0,3269.15,653.83
C016953,4,10.0,3269.13,817.28
C018525,5,18.0,3268.48,653.7
C015874,4,20.0,3268.38,817.1
C004723,5,17.0,3268.25,653.65
C013555,8,22.0,3268.22,408.53
C004437,4,16.0,3267.96,816.99
C018010,5,15.0,3267.95,653.59
C000465,7,19.0,3267.39,466.77
C012382,4,19.0,3266.69,816.67
C017499,4,18.0,3266.55,816.64
C007886,9,20.0,3266.31,362.92
C016029,5,21.0,3266.05,653.21
C011751,8,26.0,3265.92,408.24
C016720,5,17.0,3265.23,653.05
C007090,5,20.0,3264.9,652.98
C015900,7,17.0,3264.73,466.39
C000198,4,16.0,3264.73,816.18
C017528,5,22.0,3264.19,652.84
C013465,7,23.0,3264.12,466.3
C013261,6,15.0,3263.97,544.0
C000495,6,21.0,3263.47,543.91
C013968,7,16.0,3262.49,466.07
C011763,3,17.0,3262.21,1087.4
C008662,7,23.0,3262.0,466.0
C006561,9,24.0,3261.95,362.44
C002485,6,16.0,3261.75,543.63
C003069,6,21.0,3261.56,543.59
C002983,6,20.0,3261.48,543.58
C017985,8,21.0,3261.25,407.66
C017835,6,16.0,3261.2,543.53
C019336,7,18.0,3260.66,465.81
C012872,6,17.0,3260.41,543.4
C019532,4,15.0,3260.07,815.02
C010291,6,21.0,3259.84,543.31
C017259,7,17.0,3259.25,465.61
C006235,6,26.0,3258.8,543.13
C017759,6,17.0,3258.76,543.13
C003131,8,17.0,3258.76,407.35
C013720,7,17.0,3257.98,465.43
C015055,4,19.0,3257.86,814.47
C016180,6,19.0,3257.65,542.94
C012500,3,16.0,3257.35,1085.78
C001394,5,15.0,3257.26,651.45
C008220,5,18.0,3257.06,651.41
C007044,5,13.0,3257.02,651.4
C005678,8,24.0,3256.65,407.08
C004599,7,23.0,3256.61,465.23
C000195,5,14.0,3255.83,651.17
C004022,6,17.0,3255.79,542.63
C009547,4,14.0,3255.64,813.91
C009542,5,22.0,3255.28,651.06
C019999,3,14.0,3254.81,1084.94
C005258,8,16.0,3254.8,406.85
C015254,6,18.0,3254.7,542.45
C002209,4,13.0,3254.31,813.58
C011096,6,14.0,3254.27,542.38
C016712,4,13.0,3253.84,813.46
C015131,5,14.0,3253.61,650.72
C019232,6,18.0,3253.59,542.27
C000372,5,19.0,3253.2,650.64
C002591,7,15.0,3253.14,464.73
C006396,7,16.0,3252.55,464.65
C019959,8,23.0,3252.43,406.55
C014592,4,19.0,3252.38,813.1
C005781,5,19.0,3252.35,650.47
C001009,8,25.0,3252.13,406.52
C000154,7,18.0,3251.62,464.52
C011029,6,15.0,3251.11,541.85
C011440,5,19.0,3250.62,650.12
C011348,4,11.0,3250.41,812.6
C008329,9,23.0,3250.28,361.14
C017739,4,14.0,3250.13,812.53
C000912,6,17.0,3250.01,541.67
C003126,3,11.0,3249.71,1083.24
C003336,6,22.0,3249.52,541.59
C012026,7,19.0,3249.43,464.2
C018052,4,12.0,3249.3,812.33
C007050,6,17.0,3248.81,541.47
C009226,4,18.0,3248.39,812.1
C012574,8,24.0,3248.37,406.05
C007722,5,21.0,3247.69,649.54
C012568,7,27.0,3247.62,463.95
C007546,7,21.0,3247.37,463.91
C004069,3,14.0,3247.14,1082.38
C004177,6,16.0,3246.75,541.13
C015378,4,14.0,3246.58,811.65
C004223,8,20.0,3246.47,405.81
C008939,2,12.0,3246.47,1623.24
C011964,3,12.0,3246.44,1082.15
C018325,6,14.0,3246.42,541.07
C014518,5,20.0,3246.1,649.22
C008300,6,19.0,3246.05,541.01
C003356,5,16.0,3245.96,649.19
C009954,4,16.0,3245.82,811.46
C012524,6,21.0,3245.51,540.92
C019299,4,15.0,3245.38,811.35
C000005,8,18.0,3245.15,405.64
C014469,4,17.0,3245.1,811.28
C012766,7,21.0,3245.1,463.59
C006652,6,24.0,3245.02,540.84
C012093,6,15.0,3244.88,540.81
C013227,6,17.0,3244.82,540.8
C011814,5,17.0,3244.81,648.96
C004040,5,20.0,3244.6,648.92
C013464,5,13.0,3244.48,648.9
C014608,4,17.0,3244.15,811.04
C014667,4,13.0,3244.09,811.02
C007507,3,10.0,3244.06,1081.35
C004821,6,17.0,3243.33,540.55
C016405,3,12.0,3243.11,1081.04
C004653,5,18.0,3243.1,648.62
C005135,6,17.0,3242.83,540.47
C007191,5,14.0,3242.7,648.54
C010208,5,17.0,3242.46,648.49
C016425,5,17.0,3242.39,648.48
C006532,9,21.0,3242.02,360.22
C001580,6,26.0,3241.93,540.32
C019040,6,18.0,3241.8,540.3
C013695,4,13.0,3241.76,810.44
C016068,6,19.0,3241.75,540.29
C004472,4,16.0,3241.63,810.41
C019041,4,13.0,3241.57,810.39
C007177,6,21.0,3241.03,540.17
C011335,5,17.0,3241.02,648.2
C002512,3,13.0,3240.94,1080.31
C019637,4,14.0,3240.76,810.19
C018996,6,17.0,3240.46,540.08
C002973,6,19.0,3240.46,540.08
C013198,3,13.0,3240.04,1080.01
C016450,6,18.0,3239.79,539.97
C018162,3,14.0,3239.75,1079.92
C003843,5,13.0,3239.74,647.95
C000436,5,16.0,3239.08,647.82
C014306,4,16.0,3238.8,809.7
C003124,3,15.0,3238.57,1079.52
C009574,5,19.0,3238.48,647.7
C000563,4,13.0,3237.98,809.5
C014694,5,19.0,3237.78,647.56
C001155,8,21.0,3237.44,404.68
C008448,8,22.0,3237.41,404.68
C000262,8,23.0,3237.32,404.67
C013353,5,18.0,3237.32,647.46
C011968,5,20.0,3236.72,647.34
C014187,6,22.0,3236.2,539.37
C005122,4,13.0,3236.16,809.04
C000803,7,20.0,3235.85,462.26
C005976,5,17.0,3235.78,647.16
C016287,7,18.0,3235.78,462.25
C001323,8,20.0,3235.31,404.41
C003907,9,25.0,3234.7,359.41
C013140,5,16.0,3234.64,646.93
C016859,3,11.0,3234.47,1078.16
C004756,5,19.0,3234.32,646.86
C001476,8,25.0,3233.57,404.2
C018507,4,16.0,3233.54,808.39
C014684,3,16.0,3233.21,1077.74
C012620,3,17.0,3233.13,1077.71
C012315,8,21.0,3232.76,404.1
C014050,8,20.0,3232.51,404.06
C008672,5,16.0,3232.45,646.49
C014947,7,19.0,3231.33,461.62
C005536,7,18.0,3230.84,461.55
C014778,4,14.0,3230.68,807.67
C010807,5,13.0,3230.65,646.13
C017287,3,15.0,3230.11,1076.7
C002621,4,15.0,3230.11,807.53
C006294,6,19.0,3229.95,538.32
C003554,5,21.0,3229.94,645.99
C017167,3,15.0,3229.73,1076.58
C016754,3,19.0,3229.46,1076.49
C008515,6,23.0,3229.11,538.19
C004830,4,14.0,3229.07,807.27
C016761,5,23.0,3229.04,645.81
C012614,6,15.0,3228.72,538.12
C019776,9,26.0,3227.57,358.62
C006213,5,21.0,3227.45,645.49
C001588,6,21.0,3227.22,537.87
C008538,6,15.0,3227.09,537.85
C011192,7,27.0,3226.98,461.0
C001211,7,20.0,3226.79,460.97
C012328,7,16.0,3226.56,460.94
C014731,6,21.0,3226.42,537.74
C010270,3,20.0,3226.18,1075.39
C015550,4,19.0,3225.91,806.48
C006623,6,15.0,3225.72,537.62
C006894,5,15.0,3225.7,645.14
C003450,5,17.0,3225.67,645.13
C014629,5,14.0,3225.44,645.09
C012911,3,9.0,3224.88,1074.96
C000282,7,17.0,3224.66,460.67
C001942,5,15.0,3224.63,644.93
C011259,4,19.0,3224.25,806.06
C015670,5,17.0,3224.24,644.85
C000793,5,16.0,3223.72,644.74
C009042,4,15.0,3223.69,805.92
C003522,2,12.0,3223.31,1611.66
C016635,6,20.0,3223.23,537.21
C005387,9,30.0,3222.99,358.11
C015789,6,14.0,3222.41,537.07
C013782,4,13.0,3222.07,805.52
C006639,6,16.0,3221.66,536.94
C010322,4,12.0,3221.24,805.31
C005136,5,19.0,3221.23,644.25
C004219,5,23.0,3221.21,644.24
C016025,5,16.0,3221.18,644.24
C005928,6,16.0,3221.11,536.85
C019469,4,15.0,3220.89,805.22
C003132,7,21.0,3220.55,460.08
C006155,7,18.0,3220.5,460.07
C013306,4,14.0,3220.37,805.09
C008499,5,22.0,3220.09,644.02
C008893,7,25.0,3219.97,460.0
C012869,4,13.0,3219.32,804.83
C014250,5,15.0,3219.21,643.84
C015816,5,18.0,3218.73,643.75
C005560,5,17.0,3218.68,643.74
C009833,6,23.0,3218.63,536.44
C014411,5,18.0,3217.97,643.59
C004933,6,19.0,3217.37,536.23
C001271,4,12.0,3217.02,804.26
C010731,6,16.0,3216.85,536.14
C001148,7,16.0,3216.81,459.54
C006572,5,18.0,3216.69,643.34
C012437,3,15.0,3215.9,1071.97
C015183,3,12.0,3215.6,1071.87
C014262,4,14.0,3215.55,803.89
C000405,4,15.0,3215.47,803.87
C017032,4,16.0,3215.44,803.86
C016607,6,22.0,3215.22,535.87
C006771,4,18.0,3214.72,803.68
C006180,5,18.0,3213.95,642.79
C009693,6,16.0,3213.78,535.63
C017474,6,19.0,3213.77,535.63
C004118,3,16.0,3212.47,1070.82
C016935,6,18.0,3212.45,535.41
C009079,4,21.0,3212.0,803.0
C014917,4,21.0,3211.81,802.95
C002984,5,18.0,3211.24,642.25
C017741,7,16.0,3211.01,458.72
C016622,6,16.0,3210.98,535.16
C013824,4,21.0,3210.94,802.74
C001044,5,13.0,3210.17,642.03
C005936,4,13.0,3210.14,802.54
C017908,4,17.0,3209.91,802.48
C016816,5,14.0,3209.83,641.97
C005594,5,23.0,3209.83,641.97
C007306,4,15.0,3209.79,802.45
C013448,3,12.0,3209.55,1069.85
C017629,5,21.0,3209.53,641.91
C016443,4,12.0,3209.32,802.33
C003704,5,18.0,3208.89,641.78
C015515,5,15.0,3208.4,641.68
C012488,4,15.0,3208.4,802.1
C004693,5,18.0,3208.09,641.62
C018647,4,15.0,3208.02,802.01
C004909,9,24.0,3207.21,356.36
C011986,6,23.0,3207.04,534.51
C012108,6,14.0,3206.83,534.47
C008737,4,14.0,3206.62,801.66
C003834,5,15.0,3206.61,641.32
C014400,4,15.0,3206.47,801.62
C005956,6,23.0,3206.2,534.37
C016768,6,19.0,3205.92,534.32
C017836,6,25.0,3205.87,534.31
C015992,4,11.0,3205.63,801.41
C008883,6,15.0,3205.28,534.21
C016092,3,11.0,3205.17,1068.39
C004766,6,22.0,3205.15,534.19
C002429,5,17.0,3204.83,640.97
C019677,7,15.0,3204.39,457.77
C001582,5,19.0,3204.34,640.87
C007777,5,20.0,3204.24,640.85
C006249,6,29.0,3204.19,534.03
C000647,6,19.0,3204.13,534.02
C009583,5,23.0,3203.9,640.78
C013197,5,15.0,3203.87,640.77
C003462,8,35.0,3203.47,400.43
C003785,5,15.0,3203.21,640.64
C007837,7,15.0,3203.2,457.6
C005313,7,15.0,3203.03,457.58
C009832,6,18.0,3202.82,533.8
C014519,6,19.0,3202.82,533.8
C008112,4,14.0,3202.76,800.69
C010831,4,14.0,3202.71,800.68
C002928,5,18.0,3202.58,640.52
C002682,3,14.0,3202.51,1067.5
C003342,5,17.0,3202.14,640.43
C019805,8,18.0,3201.97,400.25
C007309,6,18.0,3201.95,533.66
C002492,5,13.0,3201.61,640.32
C019297,4,10.0,3201.24,800.31
C004051,4,18.0,3201.19,800.3
C005700,3,15.0,3201.0,1067.0
C008455,4,15.0,3200.8,800.2
C001665,8,25.0,3200.73,400.09
C006701,5,14.0,3200.55,640.11
C004171,6,20.0,3200.17,533.36
C012356,3,15.0,3199.61,1066.54
C013518,9,24.0,3199.6,355.51
C018292,2,9.0,3199.39,1599.7
C005104,6,16.0,3199.35,533.23
C016356,4,15.0,3199.32,799.83
C007779,5,14.0,3199.09,639.82
C019666,5,19.0,3198.89,639.78
C001365,7,20.0,3198.89,456.98
C013247,8,20.0,3198.47,399.81
C013599,5,14.0,3198.44,639.69
C013619,4,16.0,3197.26,799.32
C006811,6,25.0,3197.26,532.88
C002122,5,16.0,3196.36,639.27
C015729,8,30.0,3196.34,399.54
C016699,4,15.0,3195.49,798.87
C001182,6,17.0,3195.23,532.54
C010850,5,14.0,3195.13,639.03
C000202,6,26.0,3194.67,532.45
C016979,3,14.0,3194.51,1064.84
C007443,3,10.0,3193.68,1064.56
C001156,6,15.0,3192.77,532.13
C006950,4,12.0,3192.39,798.1
C010949,6,19.0,3192.36,532.06
C005657,5,13.0,3191.67,638.33
C004405,4,15.0,3191.45,797.86
C018201,6,22.0,3191.29,531.88
C014637,5,13.0,3191.1,638.22
C004248,9,28.0,3191.05,354.56
C014705,6,18.0,3190.58,531.76
C006566,5,19.0,3190.52,638.1
C014198,8,23.0,3190.44,398.81
C001998,6,15.0,3190.16,531.69
C003490,4,13.0,3189.92,797.48
C013451,4,21.0,3189.59,797.4
C016269,7,18.0,3189.39,455.63
C003366,4,18.0,3189.34,797.34
C004244,5,15.0,3189.29,637.86
C008579,6,14.0,3189.27,531.54
C007054,4,14.0,3189.21,797.3
C019253,6,17.0,3189.18,531.53
C012707,3,14.0,3188.6,1062.87
C014575,4,12.0,3188.42,797.11
C010547,4,13.0,3188.01,797.0
C013933,7,16.0,3187.72,455.39
C014351,3,18.0,3187.3,1062.43
C014443,6,16.0,3186.94,531.16
C010755,6,17.0,3186.89,531.15
C008383,6,14.0,3186.81,531.14
C000756,6,14.0,3186.66,531.11
C015817,7,20.0,3186.34,455.19
C011094,5,14.0,3186.1,637.22
C007328,9,39.0,3186.02,354.0
C016167,7,23.0,3185.6,455.09
C006873,4,13.0,3185.46,796.37
C003053,4,12.0,3185.43,796.36
C009707,6,18.0,3185.39,530.9
C007890,3,12.0,3185.18,1061.73
C000126,5,16.0,3184.85,636.97
C010284,3,12.0,3184.67,1061.56
C017754,4,18.0,3184.43,796.11
C001667,4,17.0,3183.52,795.88
C017838,3,9.0,3182.85,1060.95
C011933,6,17.0,3182.79,530.47
C010977,4,13.0,3182.79,795.7
C013565,4,17.0,3182.67,795.67
C014747,6,19.0,3182.59,530.43
C001967,4,13.0,3182.58,795.65
C005347,7,20.0,3182.26,454.61
C004682,3,18.0,3182.16,1060.72
C018824,3,13.0,3182.16,1060.72
C014506,4,13.0,3181.98,795.5
C015388,5,26.0,3181.52,636.3
C017697,6,22.0,3181.47,530.25
C008666,8,14.0,3180.88,397.61
C007411,6,16.0,3180.81,530.14
C012886,5,14.0,3180.74,636.15
C017257,6,22.0,3180.38,530.06
C016552,5,15.0,3180.31,636.06
C006025,6,18.0,3180.29,530.05
C018750,3,12.0,3180.25,1060.08
C000633,4,14.0,3179.84,794.96
C008185,4,15.0,3179.71,794.93
C002642,6,20.0,3179.59,529.93
C017680,6,23.0,3179.35,529.89
C002133,5,16.0,3178.67,635.73
C000764,5,16.0,3178.57,635.71
C016119,4,16.0,3178.52,794.63
C018447,3,11.0,3178.24,1059.41
C018063,5,19.0,3177.73,635.55
C007438,4,12.0,3177.0,794.25
C015316,7,16.0,3176.87,453.84
C009555,6,23.0,3176.82,529.47
C003882,6,14.0,3176.8,529.47
C011446,5,17.0,3176.55,635.31
C007192,4,13.0,3176.49,794.12
C009308,6,18.0,3176.37,529.4
C001205,5,15.0,3176.14,635.23
C002870,6,20.0,3175.83,529.3
C013657,5,14.0,3175.75,635.15
C008667,5,18.0,3175.36,635.07
C006500,8,23.0,3175.07,396.88
C008695,5,15.0,3175.01,635.0
C016100,4,15.0,3175.0,793.75
C004468,4,14.0,3174.86,793.72
C018946,8,21.0,3174.5,396.81
C018709,4,14.0,3174.4,793.6
C015336,5,13.0,3174.25,634.85
C017146,4,11.0,3174.24,793.56
C005378,8,14.0,3174.08,396.76
C005809,4,14.0,3174.0,793.5
C002466,5,12.0,3173.85,634.77
C008069,7,25.0,3173.56,453.37
C012655,5,16.0,3173.45,634.69
C001250,8,16.0,3173.3,396.66
C019226,5,19.0,3172.31,634.46
C009914,5,15.0,3172.25,634.45
C018203,5,18.0,3172.18,634.44
C007255,5,20.0,3172.14,634.43
C018645,7,22.0,3171.8,453.11
C013988,6,17.0,3171.5,528.58
C017192,3,10.0,3171.42,1057.14
C002924,5,19.0,3171.4,634.28
C004880,8,23.0,3170.56,396.32
C016888,4,16.0,3169.84,792.46
C014179,4,17.0,3169.83,792.46
C008598,4,13.0,3169.73,792.43
C010574,5,14.0,3169.59,633.92
C019047,6,23.0,3169.34,528.22
C013043,4,11.0,3168.84,792.21
C004350,6,12.0,3168.81,528.14
C001195,5,18.0,3168.48,633.7
C012419,4,19.0,3168.21,792.05
C011345,6,17.0,3168.12,528.02
C003379,6,18.0,3167.98,528.0
C004798,5,14.0,3167.67,633.53
C008941,5,23.0,3167.64,633.53
C003677,7,23.0,3166.8,452.4
C005477,9,26.0,3166.32,351.81
C011393,6,22.0,3166.01,527.67
C019290,5,18.0,3165.78,633.16
C002922,5,26.0,3165.68,633.14
C017327,5,13.0,3165.63,633.13
C007217,5,19.0,3165.3,633.06
C007076,6,16.0,3165.25,527.54
C008669,6,18.0,3164.9,527.48
C010461,5,12.0,3164.76,632.95
C001472,7,18.0,3164.61,452.09
C010285,6,19.0,3164.48,527.41
C013793,5,14.0,3163.52,632.7
C016961,7,20.0,3163.51,451.93
C012702,10,22.0,3163.35,316.33
C012534,5,18.0,3163.34,632.67
C017402,3,15.0,3163.28,1054.43
C006531,4,21.0,3163.21,790.8
C001008,5,14.0,3163.19,632.64
C003577,5,21.0,3162.56,632.51
C007993,3,13.0,3162.53,1054.18
C017291,5,21.0,3162.47,632.49
C012930,4,19.0,3161.68,790.42
C010900,2,13.0,3161.14,1580.57
C009591,5,16.0,3160.74,632.15
C003111,3,11.0,3160.52,1053.51
C001199,7,16.0,3160.43,451.49
C018277,4,21.0,3160.15,790.04
C003662,7,18.0,3160.12,451.45
C001755,5,15.0,3159.82,631.96
C018028,3,16.0,3159.81,1053.27
C009703,5,16.0,3159.59,631.92
C009059,4,13.0,3159.49,789.87
C003378,6,32.0,3159.08,526.51
C001539,5,15.0,3158.57,631.71
C016554,5,14.0,3158.22,631.64
C004089,7,21.0,3158.06,451.15
C006335,4,16.0,3157.71,789.43
C012350,6,20.0,3157.05,526.18
C001626,6,17.0,3156.95,526.16
C010307,4,16.0,3156.73,789.18
C015029,5,21.0,3156.51,631.3
C006523,6,20.0,3156.02,526.0
C011245,5,23.0,3155.69,631.14
C008264,4,19.0,3155.02,788.76
C002956,4,12.0,3154.85,788.71
C010794,4,18.0,3154.6,788.65
C016928,7,16.0,3154.27,450.61
C002875,5,13.0,3154.21,630.84
C009868,7,19.0,3154.1,450.59
C006606,8,17.0,3153.83,394.23
C010721,3,13.0,3153.65,1051.22
C012292,5,20.0,3153.21,630.64
C017810,4,11.0,3152.82,788.21
C012537,5,18.0,3152.05,630.41
C008012,8,19.0,3151.88,393.99
C010640,6,15.0,3151.7,525.28
C018451,7,28.0,3151.63,450.23
C010462,4,14.0,3151.52,787.88
C008375,4,15.0,3151.5,787.88
C006913,7,24.0,3151.35,450.19
C009145,5,16.0,3151.19,630.24
C009853,6,15.0,3151.17,525.2
C004598,6,22.0,3150.83,525.14
C010224,2,11.0,3150.82,1575.41
C006688,4,15.0,3150.07,787.52
C015373,5,20.0,3149.9,629.98
C009183,3,11.0,3149.63,1049.88
C016345,4,15.0,3149.6,787.4
C014588,5,10.0,3149.59,629.92
C009857,6,19.0,3149.44,524.91
C019784,4,16.0,3149.28,787.32
C010116,3,16.0,3149.11,1049.7
C014051,6,25.0,3148.84,524.81
C007055,6,17.0,3148.8,524.8
C010199,9,20.0,3148.62,349.85
C009898,7,18.0,3148.15,449.74
C013549,7,19.0,3147.9,449.7
C000921,8,21.0,3147.65,393.46
C016944,5,18.0,3147.6,629.52
C009842,6,21.0,3147.51,524.59
C014894,5,17.0,3147.24,629.45
C014635,3,11.0,3146.24,1048.75
C019592,5,13.0,3145.79,629.16
C005897,6,18.0,3145.72,524.29
C014233,5,17.0,3145.69,629.14
C016437,4,20.0,3145.39,786.35
C003227,6,21.0,3145.38,524.23
C002842,8,17.0,3145.21,393.15
C018359,6,17.0,3145.2,524.2
C015523,4,13.0,3145.01,786.25
C018879,4,11.0,3144.95,786.24
C005272,7,15.0,3144.59,449.23
C007544,5,24.0,3144.5,628.9
C016220,2,13.0,3144.44,1572.22
C014829,7,21.0,3143.88,449.13
C016354,7,22.0,3143.72,449.1
C012140,5,31.0,3143.59,628.72
C016901,4,19.0,3143.46,785.87
C004736,8,15.0,3143.26,392.91
C007139,5,13.0,3143.26,628.65
C014147,5,18.0,3142.72,628.54
C013838,6,19.0,3142.25,523.71
C002767,7,17.0,3142.22,448.89
C012316,6,18.0,3141.79,523.63
C012741,6,16.0,3141.7,523.62
C002832,8,18.0,3141.15,392.64
C016134,5,22.0,3141.1,628.22
C010703,4,15.0,3141.02,785.26
C009115,4,16.0,3140.93,785.23
C013433,5,15.0,3140.74,628.15
C005375,6,21.0,3140.69,523.45
C018823,7,19.0,3140.24,448.61
C013488,8,19.0,3139.94,392.49
C017064,5,16.0,3139.78,627.96
C010067,6,21.0,3139.35,523.23
C008782,6,16.0,3139.31,523.22
C014991,4,24.0,3139.23,784.81
C001551,4,20.0,3139.0,784.75
C004600,6,20.0,3138.95,523.16
C002572,8,28.0,3138.84,392.36
C014874,7,15.0,3138.84,448.41
C002568,4,14.0,3138.76,784.69
C011154,5,17.0,3138.73,627.75
C017266,4,11.0,3138.0,784.5
C008062,5,13.0,3137.81,627.56
C014777,5,16.0,3137.29,627.46
C019485,4,12.0,3137.18,784.3
C018890,5,16.0,3136.83,627.37
C001687,3,16.0,3136.68,1045.56
C019311,6,17.0,3136.42,522.74
C019901,8,16.0,3136.41,392.05
C014846,4,14.0,3136.28,784.07
C006389,7,22.0,3136.2,448.03
C001964,6,19.0,3135.82,522.64
C013537,6,18.0,3135.77,522.63
C007732,4,13.0,3135.32,783.83
C012747,7,18.0,3135.12,447.87
C010267,5,14.0,3134.73,626.95
C014136,2,12.0,3134.37,1567.19
C000841,7,22.0,3134.23,447.75
C002005,6,16.0,3133.99,522.33
C016205,4,20.0,3133.75,783.44
C006296,4,13.0,3133.14,783.29
C011355,7,18.0,3132.81,447.54
C008268,8,23.0,3132.68,391.59
C018519,6,12.0,3132.01,522.0
C015698,5,15.0,3131.85,626.37
C008088,6,17.0,3131.63,521.94
C005554,5,17.0,3131.27,626.25
C001486,5,16.0,3131.26,626.25
C003832,6,14.0,3131.17,521.86
C016098,5,15.0,3131.11,626.22
C013097,8,18.0,3130.9,391.36
C000782,9,20.0,3129.91,347.77
C007150,5,14.0,3129.78,625.96
C006760,6,20.0,3129.34,521.56
C015714,5,15.0,3129.32,625.86
C003553,7,19.0,3128.52,446.93
C017987,6,17.0,3128.41,521.4
C004572,5,17.0,3127.87,625.57
C014320,5,18.0,3127.85,625.57
C005676,5,16.0,3127.72,625.54
C019025,6,25.0,3127.67,521.28
C005545,7,18.0,3127.36,446.77
C009202,5,19.0,3127.13,625.43
C002581,7,20.0,3127.0,446.71
C016879,4,19.0,3126.98,781.75
C008608,7,22.0,3126.94,446.71
C016756,4,11.0,3126.73,781.68
C012662,2,11.0,3126.63,1563.32
C007113,4,20.0,3126.61,781.65
C003045,9,29.0,3126.5,347.39
C001676,7,16.0,3125.78,446.54
C009999,6,14.0,3125.51,520.92
C008829,7,21.0,3125.2,446.46
C010507,5,19.0,3124.68,624.94
C017100,3,12.0,3124.62,1041.54
C001889,6,20.0,3124.38,520.73
C014845,5,18.0,3124.09,624.82
C011661,5,17.0,3123.23,624.65
C002140,4,17.0,3122.98,780.75
C006002,4,17.0,3122.63,780.66
C012849,8,23.0,3122.51,390.31
C001073,6,19.0,3122.44,520.41
C010124,4,12.0,3122.35,780.59
C004503,7,15.0,3121.95,445.99
C000169,6,32.0,3121.75,520.29
C001174,6,13.0,3121.52,520.25
C015136,6,13.0,3121.35,520.23
C004497,5,15.0,3121.24,624.25
C007684,8,21.0,3121.17,390.15
C008128,7,25.0,3121.03,445.86
C015288,7,17.0,3120.78,445.83
C009934,5,16.0,3120.75,624.15
C016022,5,14.0,3120.71,624.14
C010909,6,20.0,3120.7,520.12
C010190,3,13.0,3120.54,1040.18
C017604,5,19.0,3120.53,624.11
C009388,4,14.0,3120.24,780.06
C007102,5,19.0,3120.12,624.02
C009626,9,26.0,3119.83,346.65
C018931,6,15.0,3119.64,519.94
C003198,6,16.0,3119.59,519.93
C008114,4,16.0,3119.36,779.84
C002641,7,21.0,3119.15,445.59
C018342,4,19.0,3119.12,779.78
C018163,10,33.0,3119.08,311.91
C011304,7,19.0,3119.02,445.57
C016520,5,11.0,3118.14,623.63
C011395,7,23.0,3117.76,445.39
C018667,6,19.0,3117.65,519.61
C001906,4,12.0,3117.2,779.3
C005342,7,23.0,3117.01,445.29
C009232,6,22.0,3116.88,519.48
C004638,6,20.0,3116.67,519.45
C000014,5,20.0,3116.6,623.32
C004561,4,21.0,3115.61,778.9
C002710,5,14.0,3115.51,623.1
C016502,4,18.0,3115.48,778.87
C011536,5,17.0,3115.08,623.02
C012641,9,21.0,3114.56,346.06
C008791,5,19.0,3114.47,622.89
C012022,7,25.0,3113.91,444.84
C014089,4,15.0,3113.75,778.44
C012807,2,13.0,3113.49,1556.75
C009925,3,17.0,3113.01,1037.67
C007294,4,15.0,3112.84,778.21
C017714,5,22.0,3112.67,622.53
C008508,5,15.0,3112.26,622.45
C006930,3,14.0,3112.19,1037.4
C004812,5,17.0,3112.18,622.44
C005748,6,19.0,3112.15,518.69
C000896,7,19.0,3112.01,444.57
C016126,6,19.0,3111.96,518.66
C002986,5,15.0,3111.86,622.37
C011693,6,20.0,3111.85,518.64
C018248,5,18.0,3110.79,622.16
C000093,6,20.0,3110.68,518.45
C013865,7,24.0,3110.53,444.36
C015110,5,17.0,3110.0,622.0
C004530,6,22.0,3110.0,518.33
C010049,8,18.0,3109.74,388.72
C013625,3,16.0,3109.69,1036.56
C016174,3,14.0,3109.67,1036.56
C009233,6,16.0,3109.36,518.23
C012329,4,18.0,3108.73,777.18
C000443,7,17.0,3108.71,444.1
C005707,6,19.0,3108.65,518.11
C013893,5,20.0,3108.54,621.71
C001076,3,12.0,3107.96,1035.99
C018297,4,13.0,3107.74,776.94
C016459,5,18.0,3107.7,621.54
C015643,6,15.0,3107.42,517.9
C017834,4,16.0,3107.3,776.83
C013508,5,12.0,3107.09,621.42
C013486,7,22.0,3106.9,443.84
C002324,4,14.0,3106.72,776.68
C011422,5,18.0,3106.18,621.24
C006361,9,21.0,3105.77,345.09
C014654,5,21.0,3105.1,621.02
C019165,4,17.0,3104.98,776.25
C007271,3,15.0,3104.96,1034.99
C009332,4,17.0,3104.74,776.19
C008959,7,16.0,3104.54,443.51
C007823,5,20.0,3104.32,620.86
C010090,4,23.0,3104.05,776.01
C005681,5,13.0,3103.92,620.78
C006147,5,18.0,3103.74,620.75
C009988,4,16.0,3103.69,775.92
C012109,4,14.0,3103.64,775.91
C013794,3,16.0,3103.46,1034.49
C013819,7,15.0,3103.22,443.32
C011198,7,17.0,3103.1,443.3
C006700,5,17.0,3103.03,620.61
C008668,5,21.0,3103.03,620.61
C010460,5,20.0,3102.89,620.58
C000346,9,27.0,3102.7,344.74
C013906,6,15.0,3102.69,517.12
C001781,5,14.0,3102.39,620.48
C007791,6,17.0,3102.24,517.04
C016762,5,22.0,3101.86,620.37
C016236,3,18.0,3101.63,1033.88
C012174,6,20.0,3101.46,516.91
C014943,10,30.0,3101.44,310.14
C008437,5,14.0,3101.34,620.27
C017055,6,18.0,3101.29,516.88
C019941,5,17.0,3101.29,620.26
C010438,4,18.0,3101.23,775.31
C019008,3,14.0,3101.11,1033.7
C007866,6,18.0,3100.85,516.81
C006215,7,21.0,3100.73,442.96
C019537,5,12.0,3100.69,620.14
C002156,4,13.0,3100.62,775.16
C006261,7,17.0,3100.09,442.87
C011758,6,19.0,3099.76,516.63
C017003,4,15.0,3099.55,774.89
C000348,4,12.0,3099.54,774.89
C000224,7,19.0,3099.54,442.79
C016725,4,14.0,3099.03,774.76
C016934,7,14.0,3098.9,442.7
C018536,7,21.0,3098.67,442.67
C007909,4,11.0,3098.67,774.67
C016507,6,19.0,3098.45,516.41
C018058,3,14.0,3098.07,1032.69
C015857,4,16.0,3097.39,774.35
C011249,5,17.0,3097.21,619.44
C011922,4,15.0,3096.96,774.24
C008694,5,16.0,3096.89,619.38
C009217,6,16.0,3096.69,516.12
C011333,5,21.0,3096.68,619.34
C008194,4,14.0,3096.59,774.15
C005733,5,22.0,3096.42,619.28
C012975,5,15.0,3096.11,619.22
C019575,8,20.0,3096.03,387.0
C019915,6,22.0,3095.99,516.0
C010205,5,14.0,3095.63,619.13
C006386,5,20.0,3094.96,618.99
C013471,5,18.0,3094.9,618.98
C004543,7,20.0,3094.72,442.1
C012075,9,24.0,3094.68,343.85
C017867,3,15.0,3093.98,1031.33
C013741,7,16.0,3093.74,441.96
C018134,5,14.0,3093.7,618.74
C004093,4,16.0,3093.64,773.41
C005511,3,15.0,3093.32,1031.11
C002910,8,30.0,3093.27,386.66
C008163,3,9.0,3093.14,1031.05
C018633,2,15.0,3092.77,1546.39
C007252,6,21.0,3091.83,515.3
C014720,7,18.0,3091.31,441.62
C015511,5,18.0,3090.49,618.1
C013935,7,18.0,3089.98,441.43
C018390,5,15.0,3089.92,617.98
C001862,4,14.0,3089.9,772.48
C012020,6,19.0,3089.76,514.96
C012381,5,13.0,3089.55,617.91
C016563,5,15.0,3089.31,617.86
C009913,6,18.0,3089.21,514.87
C009228,7,21.0,3089.17,441.31
C017843,9,22.0,3088.76,343.2
C014331,5,19.0,3088.4,617.68
C018910,6,20.0,3088.35,514.73
C002340,6,19.0,3087.87,514.65
C018263,5,16.0,3087.77,617.55
C003372,3,15.0,3087.52,1029.17
C009406,5,15.0,3087.04,617.41
C014121,7,20.0,3087.04,441.01
C009592,7,19.0,3086.5,440.93
C004360,5,23.0,3086.48,617.3
C006795,6,13.0,3086.25,514.38
C012607,6,18.0,3086.0,514.33
C011073,6,19.0,3085.97,514.33
C000446,7,23.0,3085.89,440.84
C001109,6,17.0,3085.47,514.25
C005509,7,25.0,3085.43,440.78
C010136,5,17.0,3085.42,617.08
C008124,4,11.0,3085.13,771.28
C005131,5,15.0,3084.9,616.98
C000750,6,19.0,3084.9,514.15
C012375,4,15.0,3084.68,771.17
C014338,2,13.0,3084.56,1542.28
C000662,5,12.0,3084.49,616.9
C014188,7,18.0,3084.42,440.63
C006179,5,16.0,3083.32,616.66
C016496,7,23.0,3083.25,440.46
C013754,5,11.0,3083.01,616.6
C014156,4,14.0,3082.54,770.64
C018068,9,23.0,3082.48,342.5
C008929,7,17.0,3082.42,440.35
C002278,4,16.0,3082.03,770.51
C018260,6,15.0,3081.85,513.64
C019427,4,16.0,3081.8,770.45
C015024,7,24.0,3081.78,440.25
C018933,5,13.0,3081.75,616.35
C010906,3,15.0,3080.4,1026.8
C009601,6,20.0,3080.29,513.38
C005768,4,19.0,3080.26,770.07
C003983,3,13.0,3080.23,1026.74
C013479,6,23.0,3079.88,513.31
C002553,9,27.0,3079.66,342.18
C012799,6,16.0,3079.38,513.23
C010660,6,17.0,3079.17,513.2
C015718,7,17.0,3078.82,439.83
C010844,6,19.0,3078.82,513.14
C019996,8,24.0,3078.76,384.85
C006567,7,18.0,3078.34,439.76
C000084,6,18.0,3077.91,512.99
C010685,5,19.0,3077.73,615.55
C012347,6,20.0,3077.6,512.93
C011526,5,11.0,3077.17,615.43
C006452,4,15.0,3076.99,769.25
C018734,5,30.0,3076.78,615.36
C014137,4,18.0,3076.64,769.16
C008081,6,16.0,3076.58,512.76
C011784,6,16.0,3076.32,512.72
C017531,5,21.0,3075.98,615.2
C019649,4,15.0,3075.76,768.94
C012626,5,16.0,3075.6,615.12
C001708,6,24.0,3075.53,512.59
C010837,8,19.0,3075.25,384.41
C008394,4,14.0,3075.23,768.81
C010053,6,18.0,3075.23,512.54
C017712,6,19.0,3075.11,512.52
C012731,4,16.0,3075.0,768.75
C010641,5,17.0,3074.9,614.98
C006853,4,13.0,3074.88,768.72
C002093,4,17.0,3074.74,768.69
C005085,5,15.0,3074.64,614.93
C018878,4,13.0,3074.46,768.62
C002599,5,14.0,3074.43,614.89
C000718,7,22.0,3073.85,439.12
C004749,5,17.0,3073.52,614.7
C009044,5,14.0,3073.48,614.7
C003457,7,20.0,3073.42,439.06
C015577,5,20.0,3072.53,614.51
C017925,5,14.0,3072.48,614.5
C003320,6,15.0,3072.28,512.05
C012005,3,14.0,3072.15,1024.05
C007412,4,14.0,3072.04,768.01
C010367,3,12.0,3071.79,1023.93
C016344,3,12.0,3071.47,1023.82
C012220,6,18.0,3071.34,511.89
C009453,5,14.0,3071.28,614.26
C018417,7,19.0,3071.24,438.75
C007767,3,17.0,3070.87,1023.62
C013880,7,28.0,3070.7,438.67
C011056,6,21.0,3070.64,511.77
C006108,6,22.0,3070.51,511.75
C001225,6,18.0,3069.92,511.65
C012699,2,11.0,3069.79,1534.9
C009445,4,17.0,3069.64,767.41
C017568,4,16.0,3069.38,767.35
C013206,5,14.0,3069.02,613.8
C013596,3,13.0,3069.0,1023.0
C008136,6,12.0,3068.67,511.45
C003236,4,15.0,3068.08,767.02
C006960,5,14.0,3067.94,613.59
C015444,3,16.0,3067.74,1022.58
C012904,5,19.0,3067.24,613.45
C011798,5,21.0,3067.21,613.44
C005266,5,15.0,3066.46,613.29
C003264,4,18.0,3066.3,766.58
C013147,7,22.0,3066.3,438.04
C010989,4,18.0,3066.27,766.57
C003358,4,15.0,3066.24,766.56
C017157,7,15.0,3065.96,437.99
C003883,8,20.0,3065.7,383.21
C011185,5,19.0,3065.61,613.12
C000509,4,16.0,3065.58,766.4
C009499,2,8.0,3065.45,1532.73
C000180,4,13.0,3065.34,766.34
C007338,4,16.0,3064.96,766.24
C002143,6,19.0,3064.87,510.81
C011634,8,20.0,3064.49,383.06
C001809,6,20.0,3064.1,510.68
C019435,3,14.0,3064.05,1021.35
C005669,5,19.0,3062.92,612.58
C002664,6,22.0,3062.58,510.43
C006600,6,12.0,3062.56,510.43
C011111,7,18.0,3062.37,437.48
C007481,4,12.0,3062.26,765.57
C011330,6,17.0,3062.1,510.35
C013664,6,32.0,3061.81,510.3
C012408,7,19.0,3061.69,437.38
C018033,6,18.0,3061.27,510.21
C007035,5,13.0,3061.17,612.23
C007092,4,10.0,3061.15,765.29
C019895,4,15.0,3061.12,765.28
C001291,7,20.0,3060.9,437.27
C013613,4,17.0,3060.84,765.21
C004470,6,17.0,3060.77,510.13
C014610,6,23.0,3060.67,510.11
C014335,6,12.0,3060.05,510.01
C015032,4,15.0,3059.8,764.95
C017497,5,16.0,3059.66,611.93
C008618,5,14.0,3059.3,611.86
C010472,6,20.0,3059.29,509.88
C006907,3,14.0,3058.92,1019.64
C016749,4,14.0,3058.86,764.72
C006290,6,16.0,3058.59,509.77
C007919,6,22.0,3057.47,509.58
C012305,8,21.0,3057.34,382.17
C002280,7,17.0,3057.33,436.76
C009861,4,20.0,3057.2,764.3
C008410,6,12.0,3056.96,509.49
C007667,4,13.0,3056.87,764.22
C019981,4,14.0,3056.56,764.14
C007522,6,18.0,3056.46,509.41
C006889,3,9.0,3056.41,1018.8
C010587,6,20.0,3056.01,509.34
C002705,5,14.0,3055.75,611.15
C002470,4,19.0,3055.57,763.89
C017932,4,14.0,3055.2,763.8
C014657,2,10.0,3055.0,1527.5
C015609,6,17.0,3054.83,509.14
C017875,3,15.0,3054.76,1018.25
C017440,5,19.0,3054.56,610.91
C004280,4,18.0,3054.41,763.6
C001189,4,16.0,3053.58,763.4
C000275,7,28.0,3053.33,436.19
C002494,8,18.0,3053.01,381.63
C008046,6,19.0,3052.98,508.83
C003548,8,18.0,3052.76,381.6
C003256,4,13.0,3052.74,763.19
C011973,5,19.0,3052.3,610.46
C011089,3,17.0,3051.82,1017.27
C003607,5,15.0,3051.54,610.31
C004771,6,19.0,3050.98,508.5
C008238,6,19.0,3050.79,508.47
C003503,4,17.0,3050.57,762.64
C003566,6,18.0,3050.49,508.42
C005620,4,16.0,3050.34,762.59
C016792,5,16.0,3050.06,610.01
C015126,5,18.0,3049.54,609.91
C017742,4,17.0,3049.52,762.38
C013527,7,23.0,3049.18,435.6
C015937,4,12.0,3049.07,762.27
C004581,8,16.0,3048.76,381.1
C008456,6,15.0,3048.46,508.08
C016521,3,15.0,3047.94,1015.98
C002365,3,14.0,3047.68,1015.89
C010258,5,14.0,3047.5,609.5
C001466,5,13.0,3047.12,609.42
C019402,5,13.0,3046.71,609.34
C006826,2,12.0,3046.69,1523.35
C009138,6,15.0,3046.54,507.76
C017029,7,19.0,3046.52,435.22
C004965,5,19.0,3046.1,609.22
C002835,3,11.0,3045.77,1015.26
C014099,8,20.0,3045.66,380.71
C006175,4,13.0,3045.44,761.36
C000987,5,14.0,3045.42,609.08
C008516,9,20.0,3045.21,338.36
C007012,3,13.0,3045.13,1015.04
C000834,3,11.0,3044.46,1014.82
C005714,5,17.0,3044.37,608.87
C002937,5,11.0,3044.11,608.82
C003476,3,12.0,3043.82,1014.61
C015360,4,14.0,3043.63,760.91
C003824,3,14.0,3043.41,1014.47
C007452,4,21.0,3043.29,760.82
C017957,5,19.0,3043.04,608.61
C012411,6,17.0,3042.98,507.16
C008179,5,19.0,3042.96,608.59
C016512,5,14.0,3042.24,608.45
C008983,6,18.0,3041.89,506.98
C018889,4,16.0,3041.69,760.42
C005178,5,15.0,3041.54,608.31
C018604,4,13.0,3041.47,760.37
C007731,6,14.0,3041.38,506.9
C018575,4,11.0,3041.18,760.3
C003340,5,20.0,3041.17,608.23
C018286,3,12.0,3041.12,1013.71
C010374,3,11.0,3040.93,1013.64
C017170,3,16.0,3039.88,1013.29
C008000,9,21.0,3039.34,337.7
C018846,5,16.0,3039.15,607.83
C002659,8,18.0,3039.0,379.88
C016401,7,17.0,3038.7,434.1
C005311,6,18.0,3038.53,506.42
C008674,5,19.0,3038.15,607.63
C019072,4,15.0,3038.09,759.52
C009858,4,11.0,3038.01,759.5
C000386,8,19.0,3037.67,379.71
C004131,6,23.0,3037.62,506.27
C015432,7,16.0,3037.54,433.93
C006356,5,14.0,3037.49,607.5
C011765,5,16.0,3037.38,607.48
C004574,6,19.0,3037.29,506.22
C015157,7,21.0,3037.29,433.9
C017186,7,19.0,3037.08,433.87
C012007,6,15.0,3036.87,506.15
C009877,7,15.0,3035.97,433.71
C005988,7,18.0,3035.79,433.68
C006503,4,14.0,3034.98,758.75
C004639,5,15.0,3034.91,606.98
C006332,5,18.0,3034.77,606.95
C016757,3,11.0,3034.55,1011.52
C005690,3,16.0,3034.38,1011.46
C018913,6,19.0,3034.04,505.67
C010925,6,17.0,3033.97,505.66
C014698,7,18.0,3033.6,433.37
C007832,5,21.0,3033.34,606.67
C006711,8,30.0,3033.31,379.16
C017620,7,17.0,3033.19,433.31
C007683,4,14.0,3033.14,758.29
C009003,7,23.0,3032.44,433.21
C007398,6,21.0,3032.44,505.41
C002282,5,17.0,3032.41,606.48
C017563,4,12.0,3032.35,758.09
C007615,5,19.0,3031.66,606.33
C002589,7,17.0,3030.97,433.0
C003350,3,18.0,3030.84,1010.28
C013916,4,15.0,3030.8,757.7
C006937,5,13.0,3030.53,606.11
C016511,8,20.0,3030.49,378.81
C013998,4,17.0,3030.39,757.6
C000432,8,16.0,3030.21,378.78
C005318,6,21.0,3029.99,505.0
C004415,4,17.0,3029.96,757.49
C018520,5,15.0,3029.58,605.92
C002074,6,20.0,3029.54,504.92
C006189,3,16.0,3029.53,1009.84
C016633,8,18.0,3029.37,378.67
C000394,6,14.0,3029.33,504.89
C011206,6,16.0,3029.32,504.89
C016534,6,18.0,3029.02,504.84
C014989,5,15.0,3028.92,605.78
C013594,6,21.0,3028.58,504.76
C001439,5,22.0,3028.25,605.65
C007783,8,22.0,3028.21,378.53
C013315,6,16.0,3027.88,504.65
C014885,5,14.0,3027.67,605.53
C014208,8,12.0,3027.51,378.44
C012906,6,16.0,3026.99,504.5
C009556,6,15.0,3026.75,504.46
C003500,7,24.0,3026.71,432.39
C013510,4,19.0,3026.68,756.67
C011211,6,17.0,3026.38,504.4
C003779,8,24.0,3025.94,378.24
C010648,5,13.0,3025.89,605.18
C003499,6,21.0,3025.7,504.28
C003942,6,15.0,3025.44,504.24
C014329,3,11.0,3025.38,1008.46
C004956,5,16.0,3025.16,605.03
C015270,5,13.0,3025.0,605.0
C016121,4,14.0,3024.95,756.24
C001552,4,23.0,3024.5,756.13
C014897,2,12.0,3024.47,1512.24
C005721,6,18.0,3023.85,503.98
C002391,4,15.0,3023.54,755.89
C014234,6,22.0,3023.48,503.91
C014716,6,21.0,3023.35,503.89
C013242,4,20.0,3022.63,755.66
C011667,5,14.0,3022.61,604.52
C010447,5,17.0,3022.57,604.51
C018911,4,13.0,3022.53,755.63
C008301,5,14.0,3022.52,604.5
C005967,3,12.0,3022.14,1007.38
C017984,5,18.0,3021.86,604.37
C005012,4,14.0,3021.53,755.38
C015640,5,12.0,3021.38,604.28
C001276,7,20.0,3021.25,431.61
C010261,6,23.0,3020.88,503.48
C013942,6,20.0,3020.84,503.47
C013654,5,15.0,3020.58,604.12
C003040,6,16.0,3020.4,503.4
C008705,7,17.0,3020.21,431.46
C013709,4,16.0,3020.17,755.04
C010233,4,19.0,3020.07,755.02
C003681,5,17.0,3020.01,604.0
C018395,3,13.0,3019.64,1006.55
C012063,5,16.0,3019.39,603.88
C010698,6,14.0,3019.38,503.23
C005193,7,17.0,3019.19,431.31
C005504,6,20.0,3019.0,503.17
C003007,7,27.0,3018.75,431.25
C003098,6,20.0,3018.68,503.11
C009245,6,22.0,3018.11,503.02
C003183,7,23.0,3017.63,431.09
C001019,4,14.0,3017.56,754.39
C010677,6,17.0,3017.54,502.92
C009135,4,11.0,3017.05,754.26
C018262,4,14.0,3016.93,754.23
C007250,6,22.0,3016.73,502.79
C010664,5,15.0,3016.42,603.28
C001894,4,13.0,3015.79,753.95
C015464,2,15.0,3015.5,1507.75
C012934,4,16.0,3015.29,753.82
C011742,4,13.0,3015.25,753.81
C000307,6,21.0,3015.16,502.53
C015901,8,24.0,3014.66,376.83
C007992,4,15.0,3014.42,753.61
C017642,3,15.0,3014.13,1004.71
C011229,5,18.0,3014.1,602.82
C016206,3,14.0,3014.0,1004.67
C009996,4,13.0,3013.9,753.48
C009887,5,13.0,3013.63,602.73
C000830,8,21.0,3013.45,376.68
C001220,4,15.0,3013.44,753.36
C014877,4,11.0,3013.05,753.26
C010884,5,17.0,3013.04,602.61
C008645,8,26.0,3013.01,376.63
C009051,6,23.0,3012.93,502.16
C018938,6,19.0,3012.8,502.13
C007127,7,22.0,3012.75,430.39
C003060,6,17.0,3012.51,502.09
C016906,2,11.0,3012.22,1506.11
C011558,6,14.0,3012.18,502.03
C005612,8,16.0,3012.1,376.51
C000015,8,25.0,3011.89,376.49
C000807,3,11.0,3011.84,1003.95
C013845,5,15.0,3011.75,602.35
C019372,8,20.0,3011.61,376.45
C003684,6,15.0,3011.59,501.93
C002316,5,22.0,3011.53,602.31
C015440,4,18.0,3011.25,752.81
C019140,9,26.0,3011.21,334.58
C012793,4,15.0,3011.04,752.76
C017606,4,16.0,3011.03,752.76
C003667,4,15.0,3010.25,752.56
C017904,3,14.0,3009.72,1003.24
C011720,4,13.0,3009.54,752.39
C004082,4,13.0,3009.44,752.36
C011717,6,26.0,3009.33,501.56
C003119,9,15.0,3008.89,334.32
C007688,4,14.0,3007.94,751.99
C000331,7,21.0,3007.76,429.68
C001069,6,21.0,3007.66,501.28
C014093,6,16.0,3007.28,501.21
C003599,4,14.0,3006.72,751.68
C012392,3,15.0,3006.45,1002.15
C007455,4,15.0,3006.35,751.59
C005270,7,22.0,3006.34,429.48
C015146,5,15.0,3006.16,601.23
C016742,5,18.0,3005.77,601.15
C014611,9,24.0,3005.48,333.94
C017864,6,18.0,3005.42,500.9
C015411,4,15.0,3005.32,751.33
C000022,6,15.0,3005.22,500.87
C016914,6,23.0,3005.18,500.86
C011030,6,13.0,3004.79,500.8
C010082,8,22.0,3004.68,375.59
C018893,4,12.0,3004.62,751.16
C002292,3,10.0,3003.93,1001.31
C017728,3,11.0,3003.85,1001.28
C018778,5,14.0,3003.82,600.76
C013430,5,16.0,3003.42,600.68
C005984,4,16.0,3003.22,750.81
C014402,5,15.0,3003.08,600.62
C017971,5,17.0,3003.0,600.6
C019866,5,21.0,3002.97,600.59
C000639,3,13.0,3002.9,1000.97
C018970,5,14.0,3002.66,600.53
C001391,6,13.0,3002.6,500.43
C008996,6,23.0,3002.55,500.43
C010652,7,20.0,3002.26,428.89
C005224,6,22.0,3001.84,500.31
C015743,5,15.0,3001.1,600.22
C007804,5,16.0,3000.77,600.15
C016535,4,12.0,3000.71,750.18
C018034,4,18.0,3000.19,750.05
C019325,5,12.0,2999.94,599.99
C003296,7,21.0,2999.58,428.51
C003778,3,11.0,2999.28,999.76
C011128,3,14.0,2998.82,999.61
C000500,5,19.0,2998.62,599.72
C001206,7,18.0,2998.23,428.32
C002629,3,13.0,2998.17,999.39
C017639,4,20.0,2997.35,749.34
C018652,8,22.0,2997.26,374.66
C019348,4,12.0,2996.81,749.2
C008986,5,16.0,2996.59,599.32
C015417,3,12.0,2995.59,998.53
C006612,5,15.0,2995.24,599.05
C005105,5,14.0,2995.23,599.05
C000959,5,13.0,2994.77,598.95
C003313,5,17.0,2994.68,598.94
C019256,3,14.0,2994.6,998.2
C001349,5,14.0,2994.33,598.87
C008248,6,19.0,2994.32,499.05
C013233,4,17.0,2993.93,748.48
C008786,5,15.0,2993.86,598.77
C003635,5,21.0,2993.44,598.69
C005086,4,12.0,2993.41,748.35
C000904,5,14.0,2993.39,598.68
C002451,5,13.0,2992.49,598.5
C004579,5,15.0,2992.48,598.5
C004406,5,16.0,2991.87,598.37
C014109,3,11.0,2991.86,997.29
C003478,4,17.0,2991.82,747.96
C008717,7,22.0,2991.41,427.34
C003641,4,18.0,2991.4,747.85
C013889,7,26.0,2991.29,427.33
C000481,6,17.0,2991.0,498.5
C014830,4,22.0,2990.9,747.73
C019244,6,15.0,2990.8,498.47
C006470,4,10.0,2990.4,747.6
C009636,4,16.0,2990.36,747.59
C019447,4,13.0,2990.13,747.53
C002117,6,19.0,2989.73,498.29
C019138,5,17.0,2989.59,597.92
C019559,6,29.0,2989.05,498.18
C013241,4,21.0,2988.97,747.24
C016769,6,17.0,2988.85,498.14
C002988,5,11.0,2988.78,597.76
C017441,5,14.0,2988.38,597.68
C006504,4,12.0,2988.37,747.09
C004000,4,19.0,2987.85,746.96
C012851,5,16.0,2987.81,597.56
C000600,8,29.0,2987.63,373.45
C017214,6,19.0,2987.35,497.89
C008510,4,16.0,2987.34,746.84
C000949,4,16.0,2987.17,746.79
C003542,4,15.0,2986.91,746.73
C010542,6,20.0,2986.86,497.81
C017846,4,12.0,2986.81,746.7
C003293,4,16.0,2986.65,746.66
C002104,5,16.0,2985.9,597.18
C006667,6,23.0,2985.41,497.57
C015415,6,19.0,2985.29,497.55
C015919,6,17.0,2985.26,497.54
C018841,3,17.0,2985.18,995.06
C013624,7,13.0,2985.15,426.45
C018377,3,14.0,2984.89,994.96
C004066,4,14.0,2984.81,746.2
C011085,6,20.0,2984.59,497.43
C015186,6,12.0,2984.44,497.41
C000659,3,15.0,2984.28,994.76
C001946,4,13.0,2983.92,745.98
C005310,5,15.0,2983.89,596.78
C000699,11,26.0,2983.61,271.24
C017408,4,16.0,2983.11,745.78
C018700,5,17.0,2982.89,596.58
C005765,7,16.0,2982.66,426.09
C011772,4,18.0,2982.04,745.51
C007976,5,22.0,2981.82,596.36
C015528,8,22.0,2981.61,372.7
C016114,5,18.0,2981.55,596.31
C001285,4,15.0,2981.12,745.28
C012441,6,18.0,2981.07,496.85
C019867,5,23.0,2981.0,596.2
C011861,6,14.0,2980.78,496.8
C016828,5,17.0,2980.75,596.15
C001542,6,22.0,2980.06,496.68
C002036,6,16.0,2980.06,496.68
C002849,5,21.0,2979.74,595.95
C005386,7,18.0,2979.64,425.66
C011827,5,17.0,2979.1,595.82
C019488,6,17.0,2979.06,496.51
C017992,3,12.0,2978.99,993.0
C012171,6,19.0,2978.96,496.49
C005370,5,16.0,2978.93,595.79
C008463,6,12.0,2978.89,496.48
C014206,6,16.0,2978.7,496.45
C004124,4,16.0,2978.34,744.59
C013745,5,19.0,2977.89,595.58
C005972,3,14.0,2977.86,992.62
C002103,6,18.0,2977.67,496.28
C012048,6,20.0,2977.41,496.23
C002455,5,14.0,2977.36,595.47
C015025,6,16.0,2977.29,496.22
C011007,3,16.0,2977.27,992.42
C003901,2,13.0,2976.91,1488.46
C016202,4,11.0,2976.65,744.16
C011142,3,17.0,2976.54,992.18
C006111,5,14.0,2976.25,595.25
C000035,5,22.0,2976.16,595.23
C001679,7,20.0,2975.87,425.12
C008551,5,16.0,2975.44,595.09
C000025,6,15.0,2975.03,495.84
C007769,6,18.0,2974.87,495.81
C007266,6,13.0,2974.53,495.76
C019190,7,23.0,2974.53,424.93
C003617,4,17.0,2974.24,743.56
C015755,6,16.0,2974.0,495.67
C010781,4,16.0,2973.8,743.45
C006391,4,20.0,2973.29,743.32
C015053,4,13.0,2972.85,743.21
C017208,3,12.0,2972.64,990.88
C011165,6,18.0,2972.46,495.41
C001450,7,18.0,2971.72,424.53
C003329,6,27.0,2971.66,495.28
C003005,7,26.0,2971.22,424.46
C016676,3,11.0,2971.12,990.37
C003286,7,22.0,2970.94,424.42
C010963,3,13.0,2970.71,990.24
C006726,3,12.0,2970.57,990.19
C001453,6,13.0,2970.34,495.06
C004191,9,25.0,2970.1,330.01
C004357,5,21.0,2969.96,593.99
C011159,6,18.0,2969.87,494.98
C002596,5,17.0,2969.77,593.95
C010025,7,26.0,2969.71,424.24
C019366,6,16.0,2968.98,494.83
C000536,5,12.0,2968.93,593.79
C015109,5,16.0,2968.56,593.71
C017885,3,13.0,2968.33,989.44
C007937,7,15.0,2968.24,424.03
C018207,4,12.0,2968.21,742.05
C009464,7,18.0,2968.15,424.02
C018026,8,26.0,2968.11,371.01
C002730,4,13.0,2967.85,741.96
C006469,5,19.0,2967.76,593.55
C007399,6,24.0,2967.35,494.56
C007310,6,16.0,2967.02,494.5
C004772,5,15.0,2966.67,593.33
C013671,4,13.0,2966.59,741.65
C018108,7,15.0,2966.49,423.78
C017637,6,19.0,2966.47,494.41
C006192,4,16.0,2966.31,741.58
C018706,4,17.0,2966.24,741.56
C009572,5,15.0,2965.69,593.14
C011168,8,18.0,2965.49,370.69
C019653,5,12.0,2965.39,593.08
C002126,6,13.0,2965.19,494.2
C016028,4,13.0,2965.13,741.28
C014150,6,14.0,2965.03,494.17
C016684,5,19.0,2965.01,593.0
C019069,7,20.0,2964.98,423.57
C017085,6,18.0,2964.7,494.12
C014503,7,23.0,2964.59,423.51
C018321,4,13.0,2964.39,741.1
C009633,6,18.0,2963.57,493.93
C010762,5,19.0,2963.42,592.68
C009072,4,11.0,2963.35,740.84
C003573,10,27.0,2962.98,296.3
C002740,5,14.0,2962.83,592.57
C005844,3,14.0,2962.41,987.47
C017811,5,25.0,2962.26,592.45
C017749,5,18.0,2961.47,592.29
C018726,4,15.0,2961.46,740.37
C005602,5,16.0,2960.8,592.16
C015420,6,15.0,2960.79,493.47
C009451,5,17.0,2960.66,592.13
C010476,5,19.0,2960.61,592.12
C007057,5,19.0,2960.41,592.08
C015457,6,18.0,2960.06,493.34
C015176,7,26.0,2960.03,422.86
C002032,7,23.0,2959.57,422.8
C011962,5,15.0,2959.3,591.86
C004070,4,14.0,2959.25,739.81
C007083,5,16.0,2958.99,591.8
C012126,7,21.0,2958.85,422.69
C015419,7,20.0,2958.82,422.69
C004327,7,20.0,2958.16,422.59
C013207,7,20.0,2957.7,422.53
C007609,3,16.0,2957.46,985.82
C008680,2,9.0,2957.38,1478.69
C002071,3,12.0,2957.21,985.74
C009576,4,14.0,2957.17,739.29
C000086,4,14.0,2956.54,739.14
C011551,2,8.0,2956.49,1478.25
C011537,9,27.0,2956.38,328.49
C004759,7,21.0,2956.15,422.31
C003249,4,17.0,2954.9,738.73
C001281,6,16.0,2954.75,492.46
C014601,4,22.0,2953.97,738.49
C003951,4,15.0,2953.96,738.49
C017870,5,13.0,2953.93,590.79
C003581,3,11.0,2953.72,984.57
C000705,6,17.0,2953.53,492.26
C011869,5,18.0,2953.36,590.67
C006719,6,17.0,2953.35,492.23
C010452,5,15.0,2952.94,590.59
C014738,5,14.0,2952.63,590.53
C003297,5,13.0,2952.6,590.52
C012178,6,20.0,2952.33,492.06
C018478,4,17.0,2952.24,738.06
C016834,4,10.0,2952.2,738.05
C002695,6,16.0,2951.97,491.99
C005141,4,16.0,2951.94,737.99
C005138,5,16.0,2951.92,590.38
C006591,6,21.0,2951.88,491.98
C002774,3,10.0,2951.28,983.76
C000518,3,13.0,2951.19,983.73
C012528,5,17.0,2950.76,590.15
C001370,6,17.0,2950.32,491.72
C001494,4,14.0,2949.76,737.44
C005472,7,16.0,2949.68,421.38
C001775,7,22.0,2949.47,421.35
C012097,6,17.0,2948.66,491.44
C016874,5,18.0,2948.21,589.64
C001305,3,12.0,2948.18,982.73
C016131,4,16.0,2947.89,736.97
C005384,4,17.0,2947.8,736.95
C003399,5,16.0,2947.75,589.55
C019908,4,11.0,2947.33,736.83
C007406,6,21.0,2947.11,491.19
C004932,4,17.0,2947.07,736.77
C001783,6,19.0,2946.62,491.1
C008938,6,16.0,2945.48,490.91
C012307,6,20.0,2945.17,490.86
C002518,7,17.0,2945.17,420.74
C019695,5,16.0,2945.03,589.01
C010656,5,17.0,2944.85,588.97
C016104,4,15.0,2944.59,736.15
C001093,5,13.0,2944.32,588.86
C015199,4,13.0,2944.02,736.01
C001060,7,20.0,2943.93,420.56
C004224,7,17.0,2943.5,420.5
C009047,4,16.0,2943.24,735.81
C002360,3,13.0,2943.2,981.07
C015362,5,16.0,2943.2,588.64
C000279,4,12.0,2943.1,735.78
C017034,6,16.0,2942.68,490.45
C007898,6,21.0,2942.67,490.45
C012990,5,14.0,2942.24,588.45
C018612,5,15.0,2942.17,588.43
C016940,4,12.0,2941.93,735.48
C017958,6,18.0,2941.91,490.32
C003299,5,17.0,2941.68,588.34
C011611,5,15.0,2941.67,588.33
C013129,6,15.0,2941.42,490.24
C007551,5,17.0,2940.89,588.18
C016856,6,18.0,2940.71,490.12
C013117,5,13.0,2940.69,588.14
C005958,7,23.0,2939.97,420.0
C000052,5,13.0,2939.81,587.96
C017391,4,12.0,2939.65,734.91
C005232,6,18.0,2939.34,489.89
C003889,9,24.0,2938.84,326.54
C016435,4,19.0,2938.68,734.67
C015252,4,11.0,2938.33,734.58
C012124,4,15.0,2937.91,734.48
C006362,4,11.0,2937.69,734.42
C014797,5,15.0,2937.51,587.5
C004478,4,13.0,2937.39,734.35
C010330,2,9.0,2937.11,1468.56
C004748,6,19.0,2936.59,489.43
C011222,6,14.0,2936.53,489.42
C011608,7,19.0,2936.47,419.5
C011486,4,13.0,2936.46,734.12
C008661,7,26.0,2935.8,419.4
C003781,4,14.0,2935.25,733.81
C006216,6,17.0,2935.24,489.21
C005132,2,10.0,2934.88,1467.44
C006184,5,11.0,2934.55,586.91
C013652,3,16.0,2934.25,978.08
C016818,5,12.0,2933.94,586.79
C016273,4,14.0,2933.93,733.48
C007549,6,15.0,2933.71,488.95
C007845,5,18.0,2933.38,586.68
C012078,5,18.0,2933.26,586.65
C006015,4,12.0,2933.18,733.3
C018270,4,9.0,2933.09,733.27
C003241,4,14.0,2933.05,733.26
C003231,6,19.0,2932.97,488.83
C018498,4,14.0,2932.91,733.23
C004914,3,12.0,2932.5,977.5
C016012,2,11.0,2932.32,1466.16
C014143,6,17.0,2932.11,488.69
C008753,7,22.0,2931.65,418.81
C006865,4,17.0,2931.54,732.89
C011372,5,15.0,2931.24,586.25
C008744,2,11.0,2930.93,1465.47
C007945,5,19.0,2930.78,586.16
C010196,5,18.0,2930.55,586.11
C002461,5,20.0,2930.52,586.1
C011045,4,24.0,2930.31,732.58
C019614,6,21.0,2930.27,488.38
C013852,6,14.0,2930.11,488.35
C007808,4,16.0,2929.35,732.34
C004373,6,17.0,2928.94,488.16
C000072,5,14.0,2928.57,585.71
C012980,6,22.0,2928.39,488.07
C015567,5,11.0,2928.23,585.65
C007697,6,18.0,2928.08,488.01
C010036,8,18.0,2927.8,365.98
C013277,3,12.0,2927.54,975.85
C007275,5,18.0,2927.51,585.5
C003775,2,9.0,2927.5,1463.75
C014483,5,13.0,2927.21,585.44
C016000,6,18.0,2927.19,487.87
C009629,6,15.0,2926.94,487.82
C019794,6,12.0,2926.62,487.77
C005807,5,15.0,2926.61,585.32
C016531,2,11.0,2926.37,1463.19
C011488,6,13.0,2926.28,487.71
C001246,7,18.0,2926.25,418.04
C017736,7,25.0,2925.99,418.0
C011057,6,21.0,2925.9,487.65
C001761,6,22.0,2925.87,487.65
C010436,5,14.0,2925.49,585.1
C009516,5,18.0,2925.3,585.06
C015676,5,16.0,2924.88,584.98
C011086,4,14.0,2924.46,731.12
C006779,5,16.0,2924.06,584.81
C005634,5,19.0,2923.96,584.79
C018208,4,12.0,2922.97,730.74
C018547,3,12.0,2922.92,974.31
C002267,3,19.0,2922.75,974.25
C002155,8,20.0,2922.68,365.34
C013139,5,12.0,2922.58,584.52
C001501,5,16.0,2922.42,584.48
C001706,5,17.0,2922.31,584.46
C006434,7,17.0,2921.94,417.42
C007285,6,17.0,2921.9,486.98
C012777,5,23.0,2921.78,584.36
C018330,6,13.0,2921.69,486.95
C006801,7,20.0,2921.53,417.36
C005008,3,15.0,2921.19,973.73
C019625,5,13.0,2921.14,584.23
C015808,4,20.0,2921.07,730.27
C008206,4,14.0,2920.85,730.21
C004635,5,18.0,2920.53,584.11
C015382,5,18.0,2920.37,584.07
C007317,4,17.0,2920.25,730.06
C001212,6,23.0,2919.83,486.64
C011637,7,23.0,2919.77,417.11
C015129,6,18.0,2919.74,486.62
C000019,6,17.0,2919.38,486.56
C019134,4,15.0,2919.32,729.83
C012081,5,14.0,2919.28,583.86
C011794,6,19.0,2919.09,486.52
C013245,4,16.0,2919.01,729.75
C013045,6,17.0,2918.61,486.44
C000595,5,11.0,2918.41,583.68
C019969,5,20.0,2918.13,583.63
C001609,4,17.0,2917.93,729.48
C003204,6,17.0,2917.32,486.22
C008842,4,13.0,2917.28,729.32
C013873,4,14.0,2917.25,729.31
C007386,7,12.0,2917.09,416.73
C002936,6,14.0,2917.05,486.18
C010521,6,16.0,2917.02,486.17
C004518,5,15.0,2916.9,583.38
C009551,7,20.0,2916.57,416.65
C010957,6,16.0,2916.56,486.09
C005356,5,17.0,2916.28,583.26
C004601,7,20.0,2916.11,416.59
C012539,5,15.0,2915.94,583.19
C006917,6,18.0,2915.45,485.91
C018227,4,12.0,2915.16,728.79
C004524,3,9.0,2914.89,971.63
C013153,3,14.0,2914.49,971.5
C008245,3,12.0,2914.45,971.48
C019787,3,8.0,2914.17,971.39
C009994,4,12.0,2913.7,728.43
C011405,7,17.0,2913.69,416.24
C005858,6,18.0,2913.58,485.6
C002409,3,9.0,2913.5,971.17
C018560,6,23.0,2913.25,485.54
C009400,5,16.0,2912.84,582.57
C019869,6,19.0,2912.75,485.46
C016623,8,23.0,2912.35,364.04
C005496,4,18.0,2912.24,728.06
C002911,5,18.0,2912.24,582.45
C001620,5,12.0,2912.01,582.4
C005800,3,13.0,2911.95,970.65
C010455,6,17.0,2911.92,485.32
C003463,4,17.0,2911.9,727.98
C017404,8,20.0,2911.82,363.98
C018206,4,25.0,2911.72,727.93
C003021,5,19.0,2911.62,582.32
C004078,5,12.0,2911.36,582.27
C002271,5,12.0,2911.29,582.26
C019802,4,18.0,2911.15,727.79
C011011,5,16.0,2910.68,582.14
C004217,5,26.0,2910.58,582.12
C002804,5,14.0,2909.88,581.98
C011510,5,14.0,2909.77,581.95
C011544,6,16.0,2909.77,484.96
C013748,3,10.0,2909.29,969.76
C016278,7,19.0,2909.11,415.59
C013730,5,18.0,2909.06,581.81
C007868,7,22.0,2908.7,415.53
C015839,3,12.0,2908.6,969.53
C006472,7,20.0,2908.51,415.5
C000625,6,16.0,2908.47,484.74
C015921,7,17.0,2908.37,415.48
C010140,7,18.0,2907.93,415.42
C000333,5,18.0,2907.58,581.52
C007569,3,17.0,2907.49,969.16
C018225,3,11.0,2907.39,969.13
C014420,8,23.0,2907.19,363.4
C006991,5,17.0,2906.83,581.37
C005938,6,25.0,2906.73,484.46
C007712,7,16.0,2906.53,415.22
C001040,3,16.0,2906.48,968.83
C011906,3,13.0,2906.23,968.74
C010440,5,18.0,2906.13,581.23
C009851,5,12.0,2906.07,581.21
C005815,5,15.0,2905.96,581.19
C012527,5,16.0,2905.79,581.16
C014717,7,17.0,2905.59,415.08
C013957,5,13.0,2905.54,581.11
C000050,5,13.0,2905.53,581.11
C015532,8,30.0,2904.94,363.12
C000206,3,13.0,2904.92,968.31
C007158,5,14.0,2904.55,580.91
C014243,7,17.0,2904.49,414.93
C007459,5,17.0,2904.37,580.87
C010950,3,13.0,2904.27,968.09
C015593,5,24.0,2903.94,580.79
C008099,7,22.0,2903.26,414.75
C007850,7,17.0,2903.21,414.74
C009836,5,18.0,2903.12,580.62
C010050,4,11.0,2903.1,725.78
C000373,5,25.0,2902.91,580.58
C013042,5,18.0,2902.88,580.58
C007023,8,16.0,2902.37,362.8
C009810,8,20.0,2902.16,362.77
C015097,5,15.0,2902.08,580.42
C004584,4,11.0,2901.97,725.49
C013143,5,11.0,2901.72,580.34
C000011,3,13.0,2901.55,967.18
C002459,3,11.0,2901.49,967.16
C018158,3,12.0,2901.26,967.09
C017045,4,16.0,2901.22,725.31
C007738,8,24.0,2901.07,362.63
C008670,6,17.0,2900.88,483.48
C019472,4,13.0,2900.15,725.04
C011113,7,22.0,2899.15,414.16
C019473,5,15.0,2898.9,579.78
C000862,3,15.0,2898.75,966.25
C008153,5,13.0,2898.53,579.71
C002191,4,11.0,2898.29,724.57
C004116,4,15.0,2898.18,724.55
C016286,4,18.0,2897.76,724.44
C019457,6,13.0,2897.72,482.95
C015496,3,13.0,2897.69,965.9
C005396,5,12.0,2897.53,579.51
C004400,8,16.0,2897.13,362.14
C008337,8,27.0,2896.65,362.08
C002825,6,16.0,2896.61,482.77
C017645,5,19.0,2896.29,579.26
C018714,3,13.0,2896.15,965.38
C002694,5,17.0,2895.75,579.15
C018826,5,17.0,2895.64,579.13
C018684,5,17.0,2895.63,579.13
C005533,3,13.0,2895.49,965.16
C007607,3,14.0,2895.39,965.13
C014282,3,13.0,2895.32,965.11
C016383,6,20.0,2895.15,482.53
C019885,4,14.0,2894.92,723.73
C013723,3,12.0,2894.91,964.97
C004112,4,13.0,2894.84,723.71
C007288,6,16.0,2894.64,482.44
C004338,4,15.0,2894.6,723.65
C002926,6,18.0,2894.52,482.42
C017158,4,15.0,2894.02,723.51
C015669,4,16.0,2893.94,723.49
C009305,5,16.0,2893.83,578.77
C017598,7,17.0,2893.83,413.4
C006920,3,12.0,2893.51,964.5
C003555,4,14.0,2893.41,723.35
C003897,6,21.0,2893.13,482.19
C003411,4,16.0,2892.97,723.24
C010917,4,15.0,2892.89,723.22
C002951,6,23.0,2892.7,482.12
C016170,4,13.0,2892.63,723.16
C006673,4,17.0,2892.52,723.13
C015974,9,23.0,2892.22,321.36
C003280,7,18.0,2891.77,413.11
C001566,6,17.0,2891.71,481.95
C010251,5,19.0,2891.06,578.21
C000149,6,12.0,2890.89,481.82
C004817,3,17.0,2890.79,963.6
C015283,4,14.0,2890.66,722.67
C011785,6,21.0,2889.83,481.64
C006712,4,18.0,2889.45,722.36
C006856,6,17.0,2889.31,481.55
C003385,5,14.0,2889.17,577.83
C013420,2,11.0,2889.13,1444.57
C008838,3,10.0,2889.07,963.02
C011468,5,17.0,2889.0,577.8
C011010,6,17.0,2888.85,481.48
C019418,4,16.0,2888.75,722.19
C014607,4,15.0,2888.7,722.18
C015016,5,17.0,2888.62,577.72
C012388,6,16.0,2888.61,481.44
C000178,6,14.0,2888.57,481.43
C009617,8,27.0,2888.19,361.02
C001768,3,17.0,2888.18,962.73
C013885,6,19.0,2888.0,481.33
C017922,4,16.0,2887.93,721.98
C019133,5,16.0,2887.88,577.58
C000632,4,14.0,2887.65,721.91
C009874,6,12.0,2887.31,481.22
C011521,5,25.0,2887.25,577.45
C007895,4,16.0,2886.98,721.75
C002293,8,16.0,2886.8,360.85
C018374,5,15.0,2886.35,577.27
C006405,5,17.0,2886.12,577.22
C019635,4,13.0,2886.0,721.5
C005416,5,16.0,2885.67,577.13
C003885,4,14.0,2885.64,721.41
C019449,4,13.0,2885.52,721.38
C004449,5,25.0,2884.96,576.99
C019279,6,22.0,2884.83,480.81
C005539,5,11.0,2884.65,576.93
C013089,8,17.0,2884.38,360.55
C003072,3,14.0,2884.37,961.46
C019257,5,15.0,2884.06,576.81
C011946,5,16.0,2884.05,576.81
C018906,7,24.0,2883.94,411.99
C006090,3,11.0,2883.56,961.19
C003097,6,20.0,2883.22,480.54
C016233,7,20.0,2883.19,411.88
C014462,5,15.0,2882.94,576.59
C011731,5,18.0,2882.81,576.56
C003292,5,20.0,2882.73,576.55
C005032,5,27.0,2882.42,576.48
C003872,7,18.0,2882.33,411.76
C005775,4,12.0,2882.1,720.53
C011893,4,11.0,2882.04,720.51
C012052,3,11.0,2881.73,960.58
C008468,7,16.0,2881.61,411.66
C006465,7,20.0,2881.08,411.58
C017621,6,16.0,2880.95,480.16
C010789,6,17.0,2880.63,480.11
C004908,6,17.0,2880.55,480.09
C008413,3,14.0,2880.48,960.16
C008806,7,22.0,2880.44,411.49
C007611,6,13.0,2880.29,480.05
C014548,5,14.0,2879.95,575.99
C014751,6,14.0,2879.63,479.94
C004372,5,12.0,2879.45,575.89
C004938,3,12.0,2879.35,959.78
C007451,5,17.0,2879.26,575.85
C018501,6,19.0,2879.1,479.85
C006169,4,13.0,2878.96,719.74
C015719,7,14.0,2878.8,411.26
C004514,7,22.0,2878.75,411.25
C006066,3,12.0,2877.66,959.22
C017817,5,16.0,2876.39,575.28
C015463,3,14.0,2875.66,958.55
C012273,4,17.0,2875.52,718.88
C016161,5,15.0,2875.32,575.06
C003439,4,14.0,2875.12,718.78
C013812,5,13.0,2874.89,574.98
C018152,5,23.0,2874.65,574.93
C015885,3,8.0,2874.0,958.0
C010787,9,23.0,2873.58,319.29
C007318,6,20.0,2873.53,478.92
C018165,2,10.0,2873.27,1436.64
C003481,5,16.0,2873.21,574.64
C009724,4,18.0,2873.11,718.28
C006388,7,18.0,2872.77,410.4
C013502,3,15.0,2872.61,957.54
C018705,6,19.0,2872.42,478.74
C006193,5,15.0,2872.07,574.41
C002130,4,12.0,2871.41,717.85
C015930,4,14.0,2871.24,717.81
C016892,8,28.0,2871.19,358.9
C018691,5,20.0,2869.58,573.92
C001978,5,17.0,2869.44,573.89
C002465,6,12.0,2869.31,478.22
C018853,5,15.0,2869.31,573.86
C010186,5,15.0,2869.26,573.85
C019158,3,13.0,2868.63,956.21
C019955,7,20.0,2868.14,409.73
C011097,4,14.0,2867.9,716.98
C012141,5,13.0,2867.72,573.54
C013445,6,17.0,2867.15,477.86
C014484,4,16.0,2867.09,716.77
C007359,5,24.0,2867.05,573.41
C011396,5,16.0,2866.85,573.37
C003724,6,16.0,2866.47,477.74
C017336,3,11.0,2866.31,955.44
C007601,5,20.0,2866.2,573.24
C005571,2,7.0,2865.97,1432.99
C011929,5,16.0,2865.95,573.19
C018732,5,16.0,2865.46,573.09
C009662,6,15.0,2865.45,477.58
C012502,7,13.0,2865.45,409.35
C006187,6,26.0,2865.32,477.55
C015082,6,15.0,2865.29,477.55
C001778,8,24.0,2865.15,358.14
C002053,5,14.0,2865.13,573.03
C017665,5,16.0,2864.57,572.91
C018332,6,15.0,2864.37,477.4
C011999,7,18.0,2864.18,409.17
C007435,3,12.0,2864.13,954.71
C001081,4,14.0,2863.92,715.98
C010892,5,17.0,2863.78,572.76
C010139,5,13.0,2863.44,572.69
C019343,4,12.0,2862.9,715.73
C016932,5,17.0,2862.75,572.55
C018725,4,12.0,2862.34,715.59
C010939,3,12.0,2862.32,954.11
C011697,5,13.0,2861.6,572.32
C001191,6,26.0,2861.59,476.93
C002445,6,14.0,2861.45,476.91
C016239,2,8.0,2861.17,1430.59
C004698,4,13.0,2860.88,715.22
C001797,7,17.0,2860.71,408.67
C017757,7,15.0,2860.22,408.6
C016381,3,10.0,2860.04,953.35
C009719,3,12.0,2859.93,953.31
C009321,4,19.0,2859.55,714.89
C000351,5,16.0,2859.49,571.9
C019051,5,13.0,2859.15,571.83
C007707,6,17.0,2858.95,476.49
C009729,5,16.0,2858.93,571.79
C008474,8,35.0,2858.83,357.35
C017366,4,13.0,2858.29,714.57
C004203,3,9.0,2858.04,952.68
C008183,5,16.0,2858.0,571.6
C019890,4,19.0,2858.0,714.5
C013359,4,14.0,2857.79,714.45
C001329,5,19.0,2857.67,571.53
C006471,3,14.0,2857.4,952.47
C005643,5,14.0,2857.29,571.46
C002151,8,15.0,2857.0,357.13
C010410,5,18.0,2856.29,571.26
C019081,5,16.0,2856.08,571.22
C001749,7,18.0,2856.04,408.01
C007760,5,20.0,2855.75,571.15
C007484,4,11.0,2855.42,713.86
C005273,7,16.0,2855.3,407.9
C008318,7,16.0,2855.11,407.87
C018253,6,17.0,2854.92,475.82
C007304,5,15.0,2854.6,570.92
C001908,7,19.0,2854.49,407.78
C010819,4,14.0,2854.27,713.57
C004687,4,16.0,2854.07,713.52
C012223,3,12.0,2853.97,951.32
C005056,7,17.0,2853.48,407.64
C006304,6,17.0,2853.39,475.57
C003911,5,13.0,2852.97,570.59
C004207,6,15.0,2852.42,475.4
C005421,7,15.0,2852.17,407.45
C017541,6,16.0,2851.93,475.32
C011497,6,19.0,2851.73,475.29
C011740,5,16.0,2851.64,570.33
C008574,8,20.0,2851.28,356.41
C016250,5,13.0,2851.0,570.2
C017007,6,15.0,2850.86,475.14
C012251,6,18.0,2850.51,475.09
C008568,6,14.0,2850.49,475.08
C007199,3,12.0,2850.33,950.11
C012054,4,17.0,2850.05,712.51
C000969,7,19.0,2849.12,407.02
C015430,5,16.0,2848.99,569.8
C008562,2,12.0,2848.58,1424.29
C002905,6,13.0,2848.58,474.76
C018976,5,12.0,2848.57,569.71
C002838,4,14.0,2848.47,712.12
C015514,4,15.0,2848.34,712.09
C003493,4,16.0,2848.09,712.02
C004892,4,14.0,2847.93,711.98
C012857,4,17.0,2847.93,711.98
C005145,5,13.0,2847.92,569.58
C005904,3,13.0,2847.57,949.19
C006805,6,13.0,2847.45,474.58
C005144,5,16.0,2847.43,569.49
C004342,5,14.0,2847.21,569.44
C005403,6,16.0,2846.38,474.4
C012732,6,18.0,2846.32,474.39
C011923,5,16.0,2846.06,569.21
C010806,4,12.0,2846.05,711.51
C007261,6,18.0,2845.87,474.31
C006825,5,13.0,2845.75,569.15
C019896,5,13.0,2845.71,569.14
C004582,4,11.0,2845.68,711.42
C003523,6,22.0,2845.49,474.25
C011736,5,14.0,2845.35,569.07
C000076,7,19.0,2845.35,406.48
C004001,5,17.0,2845.3,569.06
C005457,3,12.0,2845.07,948.36
C019356,5,25.0,2844.33,568.87
C004402,5,14.0,2843.63,568.73
C006829,6,16.0,2843.53,473.92
C014933,5,16.0,2843.17,568.63
C016122,7,17.0,2842.34,406.05
C002628,6,15.0,2842.32,473.72
C017226,5,19.0,2842.32,568.46
C008169,5,19.0,2841.83,568.37
C003774,5,15.0,2841.75,568.35
C018459,7,19.0,2841.52,405.93
C010391,4,12.0,2841.0,710.25
C016681,4,22.0,2841.0,710.25
C004564,5,17.0,2840.86,568.17
C019712,6,17.0,2840.82,473.47
C013437,6,17.0,2840.68,473.45
C013771,4,14.0,2840.64,710.16
C013616,4,15.0,2840.34,710.09
C003058,8,21.0,2840.28,355.04
C017788,5,16.0,2840.17,568.03
C001226,4,19.0,2840.17,710.04
C016330,8,21.0,2839.93,354.99
C003008,4,17.0,2839.92,709.98
C011743,4,13.0,2839.54,709.89
C019467,3,13.0,2839.32,946.44
C007990,7,17.0,2839.07,405.58
C015392,6,16.0,2839.01,473.17
C009482,6,18.0,2838.73,473.12
C006409,5,14.0,2838.57,567.71
C006862,5,18.0,2838.12,567.62
C013847,4,13.0,2837.76,709.44
C007834,5,17.0,2837.63,567.53
C016993,7,16.0,2837.35,405.34
C010764,4,16.0,2837.24,709.31
C001325,8,25.0,2837.12,354.64
C003430,4,13.0,2836.75,709.19
C017936,3,15.0,2836.69,945.56
C018526,7,27.0,2836.65,405.24
C007486,4,15.0,2836.59,709.15
C001730,5,23.0,2836.22,567.24
C014202,6,14.0,2836.17,472.7
C017947,4,13.0,2835.92,708.98
C014678,7,20.0,2835.56,405.08
C004726,5,17.0,2835.48,567.1
C017841,4,12.0,2835.44,708.86
C018097,5,14.0,2835.33,567.07
C016780,4,12.0,2834.63,708.66
C002236,5,15.0,2834.45,566.89
C008271,5,13.0,2834.42,566.88
C018585,3,12.0,2834.4,944.8
C018532,3,10.0,2834.34,944.78
C003117,5,20.0,2834.07,566.81
C015329,6,22.0,2834.07,472.35
C010886,6,17.0,2833.34,472.22
C007233,5,14.0,2833.29,566.66
C013073,4,13.0,2833.14,708.29
C019436,2,13.0,2833.12,1416.56
C000106,6,16.0,2832.95,472.16
C013477,5,17.0,2832.89,566.58
C002281,4,15.0,2832.85,708.21
C017270,5,13.0,2832.85,566.57
C009921,6,19.0,2832.7,472.12
C005606,6,22.0,2832.63,472.11
C017218,2,15.0,2832.52,1416.26
C016422,6,14.0,2832.44,472.07
C017607,6,15.0,2832.41,472.07
C001855,5,15.0,2832.4,566.48
C015535,6,13.0,2831.76,471.96
C004347,4,12.0,2831.69,707.92
C001549,4,11.0,2830.61,707.65
C002376,5,14.0,2830.36,566.07
C010783,5,18.0,2830.03,566.01
C005823,3,9.0,2829.98,943.33
C011312,3,15.0,2829.88,943.29
C016619,3,12.0,2829.76,943.25
C017868,4,12.0,2829.39,707.35
C006821,5,14.0,2829.35,565.87
C014033,4,17.0,2829.33,707.33
C002217,5,16.0,2828.94,565.79
C016120,5,16.0,2828.32,565.66
C013984,6,17.0,2828.25,471.38
C006658,4,13.0,2828.17,707.04
C017809,6,16.0,2828.15,471.36
C010621,5,17.0,2828.09,565.62
C009126,6,14.0,2827.77,471.3
C018934,8,17.0,2827.5,353.44
C008419,2,10.0,2827.31,1413.66
C004220,6,18.0,2827.27,471.21
C016912,4,19.0,2826.76,706.69
C017354,6,12.0,2826.45,471.08
C015222,3,18.0,2826.42,942.14
C005614,5,12.0,2826.19,565.24
C018130,5,16.0,2825.78,565.16
C001764,6,23.0,2825.7,470.95
C009407,3,14.0,2825.58,941.86
C007329,7,23.0,2825.12,403.59
C014583,5,17.0,2825.03,565.01
C005866,3,11.0,2824.95,941.65
C009193,9,19.0,2824.74,313.86
C014155,4,17.0,2824.17,706.04
C019519,4,17.0,2824.16,706.04
C004100,8,17.0,2823.97,353.0
C009916,6,17.0,2823.9,470.65
C015395,5,16.0,2823.65,564.73
C013608,7,18.0,2823.4,403.34
C016169,8,22.0,2823.14,352.89
C018486,5,16.0,2823.08,564.62
C010991,7,18.0,2823.04,403.29
C016795,5,18.0,2823.02,564.6
C012727,3,12.0,2822.96,940.99
C019026,4,13.0,2822.96,705.74
C006530,3,12.0,2822.74,940.91
C008147,5,14.0,2821.85,564.37
C017406,5,17.0,2821.73,564.35
C011416,5,14.0,2821.37,564.27
C001041,2,11.0,2821.26,1410.63
C010200,6,14.0,2820.9,470.15
C002302,2,11.0,2820.78,1410.39
C004907,4,15.0,2820.12,705.03
C017451,4,14.0,2820.07,705.02
C018643,5,15.0,2819.87,563.97
C011444,6,18.0,2819.8,469.97
C002065,7,19.0,2819.76,402.82
C001746,5,15.0,2819.24,563.85
C002663,4,11.0,2819.21,704.8
C013552,6,13.0,2819.13,469.86
C000873,7,22.0,2818.96,402.71
C005281,4,15.0,2818.34,704.59
C000205,7,13.0,2818.24,402.61
C018188,6,26.0,2817.86,469.64
C005566,5,15.0,2817.82,563.56
C015556,5,13.0,2817.58,563.52
C001075,6,13.0,2817.42,469.57
C011423,5,13.0,2817.4,563.48
C007545,7,19.0,2816.98,402.43
C013668,9,21.0,2816.89,312.99
C008726,5,16.0,2816.85,563.37
C008077,5,17.0,2816.81,563.36
C001167,5,23.0,2816.74,563.35
C010564,7,15.0,2816.34,402.33
C011288,5,20.0,2816.09,563.22
C001955,4,16.0,2815.82,703.96
C001980,3,9.0,2815.66,938.55
C008240,5,17.0,2814.78,562.96
C012854,6,23.0,2814.77,469.13
C005691,7,17.0,2814.52,402.07
C008336,3,11.0,2814.43,938.14
C019604,4,10.0,2814.4,703.6
C014792,4,14.0,2814.32,703.58
C007377,7,32.0,2814.31,402.04
C012162,7,18.0,2814.26,402.04
C017517,8,26.0,2813.48,351.69
C009333,4,13.0,2813.42,703.36
C016656,4,12.0,2813.39,703.35
C018070,2,10.0,2812.8,1406.4
C013936,4,19.0,2812.75,703.19
C018828,4,12.0,2812.45,703.11
C009700,5,17.0,2812.44,562.49
C018053,5,13.0,2811.86,562.37
C006029,6,16.0,2811.62,468.6
C004059,7,21.0,2811.5,401.64
C008985,3,13.0,2811.36,937.12
C011336,4,14.0,2810.88,702.72
C009838,2,11.0,2810.74,1405.37
C014354,5,14.0,2810.35,562.07
C007394,5,16.0,2809.92,561.98
C004047,6,20.0,2809.71,468.29
C001536,5,18.0,2808.84,561.77
C010413,7,16.0,2808.54,401.22
C007971,5,23.0,2808.49,561.7
C019554,5,12.0,2808.31,561.66
C008567,5,12.0,2808.15,561.63
C015870,4,16.0,2807.82,701.96
C011633,5,19.0,2807.5,561.5
C005645,3,18.0,2807.5,935.83
C011991,5,13.0,2807.46,561.49
C010519,9,20.0,2807.41,311.93
C003917,4,11.0,2807.37,701.84
C014981,3,13.0,2807.26,935.75
C010482,5,14.0,2806.6,561.32
C019932,6,18.0,2806.49,467.75
C016191,6,18.0,2806.41,467.73
C008144,6,13.0,2806.2,467.7
C006018,3,12.0,2806.18,935.39
C013108,4,11.0,2806.1,701.53
C003154,3,14.0,2805.73,935.24
C009153,5,15.0,2805.72,561.14
C010299,3,12.0,2805.22,935.07
C004459,5,16.0,2805.16,561.03
C003311,8,21.0,2804.9,350.61
C000736,6,18.0,2804.84,467.47
C007940,5,15.0,2804.81,560.96
C012816,4,14.0,2804.27,701.07
C012094,4,19.0,2804.09,701.02
C018657,7,12.0,2803.7,400.53
C016132,7,20.0,2803.44,400.49
C010192,5,16.0,2803.36,560.67
C019818,5,13.0,2803.19,560.64
C004413,6,16.0,2802.89,467.15
C013928,6,22.0,2802.86,467.14
C018982,5,15.0,2802.84,560.57
C001987,4,11.0,2802.65,700.66
C014359,7,13.0,2802.53,400.36
C013068,4,20.0,2802.05,700.51
C016090,4,14.0,2801.8,700.45
C015589,7,18.0,2800.95,400.14
C006828,5,16.0,2800.94,560.19
C013891,5,22.0,2800.87,560.17
C018191,4,12.0,2800.84,700.21
C014062,3,15.0,2800.73,933.58
C004425,3,14.0,2800.32,933.44
C010095,6,20.0,2800.02,466.67
C019388,5,15.0,2799.88,559.98
C010162,6,13.0,2799.66,466.61
C002724,4,10.0,2799.62,699.91
C014818,3,12.0,2799.57,933.19
C015173,5,14.0,2799.56,559.91
C012550,5,12.0,2799.53,559.91
C013418,4,15.0,2799.52,699.88
C013751,5,17.0,2799.22,559.84
C012475,6,17.0,2799.03,466.51
C001861,8,28.0,2798.94,349.87
C011478,5,13.0,2798.39,559.68
C001784,6,25.0,2798.28,466.38
C018569,5,16.0,2798.05,559.61
C004646,4,13.0,2797.66,699.42
C013926,3,14.0,2796.96,932.32
C016989,6,12.0,2796.8,466.13
C004979,6,16.0,2796.59,466.1
C014854,7,14.0,2796.55,399.51
C003623,6,18.0,2796.35,466.06
C002114,5,14.0,2796.24,559.25
C003649,5,12.0,2796.09,559.22
C009646,5,17.0,2795.89,559.18
C017807,5,14.0,2795.18,559.04
C009026,2,11.0,2795.11,1397.56
C014236,6,14.0,2794.95,465.83
C012715,8,22.0,2794.94,349.37
C001312,8,21.0,2794.53,349.32
C017091,6,21.0,2794.36,465.73
C011277,4,12.0,2793.67,698.42
C001079,4,14.0,2793.67,698.42
C014666,6,26.0,2793.44,465.57
C019573,5,17.0,2793.3,558.66
C002696,5,12.0,2792.93,558.59
C007743,4,17.0,2792.76,698.19
C012266,4,16.0,2792.75,698.19
C001218,6,14.0,2792.61,465.44
C001924,5,13.0,2792.45,558.49
C019544,3,12.0,2792.26,930.75
C012095,4,16.0,2792.17,698.04
C013338,5,18.0,2792.16,558.43
C003465,5,16.0,2792.13,558.43
C015334,6,15.0,2792.0,465.33
C002574,4,15.0,2791.28,697.82
C004930,6,18.0,2791.19,465.2
C005325,6,18.0,2790.68,465.11
C000978,5,18.0,2790.61,558.12
C001166,7,20.0,2790.6,398.66
C008903,3,11.0,2790.58,930.19
C014598,7,25.0,2790.44,398.63
C001743,4,11.0,2790.38,697.6
C011059,2,14.0,2790.29,1395.15
C014553,5,16.0,2790.07,558.01
C018522,4,10.0,2789.95,697.49
C005334,4,12.0,2789.95,697.49
C011507,4,13.0,2789.92,697.48
C004077,5,16.0,2789.86,557.97
C005684,5,15.0,2789.31,557.86
C010814,5,16.0,2789.12,557.82
C012627,5,12.0,2789.03,557.81
C003633,7,19.0,2788.39,398.34
C004948,4,14.0,2788.36,697.09
C000166,6,15.0,2788.3,464.72
C015672,8,21.0,2788.13,348.52
C011860,4,10.0,2787.68,696.92
C015213,2,12.0,2787.38,1393.69
C014285,4,13.0,2787.2,696.8
C013978,6,20.0,2786.72,464.45
C015202,6,16.0,2786.66,464.44
C013835,4,13.0,2786.65,696.66
C000548,5,16.0,2786.59,557.32
C009017,5,15.0,2786.54,557.31
C007524,8,23.0,2786.29,348.29
C017529,4,18.0,2786.23,696.56
C012451,5,14.0,2786.12,557.22
C017774,6,11.0,2785.56,464.26
C002666,8,20.0,2785.12,348.14
C012019,6,19.0,2784.89,464.15
C003811,4,11.0,2784.63,696.16
C019454,7,18.0,2784.23,397.75
C005197,7,16.0,2784.01,397.72
C011274,4,13.0,2783.37,695.84
C005227,7,16.0,2783.33,397.62
C004920,4,14.0,2783.3,695.83
C008326,7,12.0,2782.97,397.57
C018156,5,20.0,2782.84,556.57
C002971,4,14.0,2782.84,695.71
C012131,4,12.0,2782.74,695.69
C009463,4,19.0,2782.7,695.68
C009208,2,12.0,2782.28,1391.14
C015182,5,24.0,2782.07,556.41
C004188,6,15.0,2782.07,463.68
C019543,6,19.0,2781.96,463.66
C018160,5,18.0,2781.91,556.38
C018177,5,15.0,2781.89,556.38
C011329,6,25.0,2781.5,463.58
C007416,5,14.0,2781.47,556.29
C007566,3,14.0,2781.33,927.11
C003169,4,13.0,2780.97,695.24
C007427,6,23.0,2780.68,463.45
C010397,4,14.0,2780.44,695.11
C015641,6,16.0,2780.21,463.37
C017919,5,10.0,2780.14,556.03
C008003,4,14.0,2780.08,695.02
C007024,5,18.0,2779.4,555.88
C011472,4,14.0,2779.2,694.8
C005159,6,18.0,2779.19,463.2
C001170,6,22.0,2779.11,463.19
C003330,7,23.0,2779.08,397.01
C003501,8,23.0,2779.05,347.38
C008857,4,19.0,2778.95,694.74
C006313,6,18.0,2778.52,463.09
C006768,5,15.0,2778.35,555.67
C017560,6,17.0,2778.28,463.05
C013329,4,11.0,2778.03,694.51
C017900,5,20.0,2777.97,555.59
C015764,4,13.0,2777.55,694.39
C004890,6,16.0,2777.27,462.88
C011522,3,13.0,2777.26,925.75
C012564,5,15.0,2777.02,555.4
C018449,5,16.0,2776.89,555.38
C008804,2,10.0,2776.87,1388.44
C007003,4,16.0,2776.76,694.19
C001800,6,15.0,2775.48,462.58
C017242,2,10.0,2775.43,1387.72
C008059,8,21.0,2775.16,346.9
C019764,4,13.0,2774.29,693.57
C007673,7,17.0,2773.96,396.28
C015977,5,13.0,2773.92,554.78
C010216,4,15.0,2773.84,693.46
C016984,6,13.0,2773.29,462.22
C016778,5,12.0,2773.27,554.65
C008696,5,16.0,2773.16,554.63
C003041,6,17.0,2772.47,462.08
C009527,5,16.0,2771.66,554.33
C013653,5,16.0,2771.65,554.33
C000392,4,14.0,2771.5,692.88
C018977,3,12.0,2771.44,923.81
C001353,6,15.0,2771.31,461.89
C015860,6,18.0,2771.23,461.87
C018745,4,12.0,2771.12,692.78
C014497,8,17.0,2771.05,346.38
C003728,3,14.0,2770.84,923.61
C013644,5,13.0,2770.82,554.16
C006638,8,18.0,2770.62,346.33
C017261,5,15.0,2769.57,553.91
C017472,5,15.0,2769.31,553.86
C017370,5,14.0,2769.21,553.84
C014024,6,18.0,2769.1,461.52
C010449,6,20.0,2768.74,461.46
C014589,5,16.0,2768.15,553.63
C012992,3,12.0,2767.9,922.63
C018245,6,16.0,2767.81,461.3
C003932,5,15.0,2767.63,553.53
C019587,4,11.0,2767.49,691.87
C008424,9,16.0,2766.99,307.44
C005398,6,19.0,2766.69,461.12
C012494,6,17.0,2766.41,461.07
C016055,6,19.0,2766.22,461.04
C019239,3,10.0,2766.03,922.01
C016705,6,14.0,2765.86,460.98
C001672,6,18.0,2765.83,460.97
C003078,8,17.0,2765.05,345.63
C006047,2,8.0,2764.66,1382.33
C008155,6,23.0,2764.56,460.76
C005734,3,19.0,2763.91,921.3
C018049,5,16.0,2763.69,552.74
C005312,5,16.0,2763.63,552.73
C017881,6,16.0,2762.91,460.48
C009341,4,13.0,2762.71,690.68
C003994,5,15.0,2762.39,552.48
C003939,7,14.0,2762.37,394.62
C004842,5,15.0,2762.14,552.43
C019697,4,15.0,2761.96,690.49
C007639,5,15.0,2761.25,552.25
C012046,5,17.0,2761.18,552.24
C014527,2,13.0,2761.11,1380.56
C007047,4,19.0,2761.0,690.25
C002252,4,13.0,2760.93,690.23
C010659,4,15.0,2760.79,690.2
C010357,4,13.0,2760.79,690.2
C010706,6,15.0,2760.48,460.08
C007618,5,14.0,2760.15,552.03
C005065,2,12.0,2760.06,1380.03
C000538,4,15.0,2759.94,689.99
C013503,9,24.0,2759.93,306.66
C004495,5,16.0,2759.76,551.95
C008205,4,14.0,2759.17,689.79
C005150,8,14.0,2758.85,344.86
C018678,7,18.0,2758.73,394.1
C012936,7,24.0,2758.41,394.06
C011656,4,13.0,2758.29,689.57
C015830,6,17.0,2758.12,459.69
C002230,7,17.0,2758.06,394.01
C015811,2,9.0,2757.78,1378.89
C016860,4,15.0,2757.6,689.4
C017661,5,18.0,2757.52,551.5
C017328,7,14.0,2757.27,393.9
C004076,5,13.0,2756.7,551.34
C017723,3,12.0,2756.66,918.89
C008860,4,12.0,2756.61,689.15
C016948,3,12.0,2756.25,918.75
C016203,7,16.0,2755.96,393.71
C000228,4,12.0,2755.7,688.93
C014875,6,15.0,2755.5,459.25
C010024,6,17.0,2755.3,459.22
C013638,4,14.0,2755.25,688.81
C000516,5,14.0,2754.73,550.95
C015342,4,14.0,2754.57,688.64
C006277,9,24.0,2754.47,306.05
C016021,2,9.0,2754.08,1377.04
C004848,3,13.0,2753.89,917.96
C006666,5,19.0,2753.75,550.75
C019078,4,13.0,2753.49,688.37
C001164,6,16.0,2753.44,458.91
C016731,4,16.0,2753.3,688.33
C008880,5,13.0,2752.87,550.57
C003864,6,14.0,2752.54,458.76
C005213,4,17.0,2752.47,688.12
C002181,5,12.0,2752.23,550.45
C015236,3,12.0,2752.22,917.41
C009262,3,15.0,2752.21,917.4
C016489,5,21.0,2751.81,550.36
C001547,5,18.0,2751.81,550.36
C004752,4,10.0,2751.14,687.79
C012239,6,15.0,2751.06,458.51
C017387,4,16.0,2750.94,687.74
C017234,4,13.0,2750.94,687.74
C015238,7,20.0,2750.84,392.98
C014110,5,15.0,2750.19,550.04
C002432,6,17.0,2750.18,458.36
C000256,5,17.0,2750.12,550.02
C015779,5,17.0,2749.82,549.96
C004251,4,15.0,2749.08,687.27
C009655,5,16.0,2748.88,549.78
C009979,6,17.0,2748.77,458.13
C003371,6,12.0,2748.58,458.1
C010209,4,14.0,2748.26,687.07
C010493,6,16.0,2748.09,458.02
C004125,3,10.0,2747.97,915.99
C002737,5,20.0,2747.96,549.59
C017824,5,15.0,2747.89,549.58
C003695,4,10.0,2747.89,686.97
C002393,6,11.0,2747.52,457.92
C002846,7,17.0,2747.5,392.5
C013033,3,10.0,2747.13,915.71
C015043,5,16.0,2747.12,549.42
C010144,4,12.0,2746.54,686.64
C013374,8,14.0,2746.43,343.3
C012804,4,13.0,2746.25,686.56
C015551,5,13.0,2746.18,549.24
C009276,4,15.0,2745.81,686.45
C009317,4,16.0,2745.44,686.36
C017654,7,16.0,2745.15,392.16
C016486,5,19.0,2745.1,549.02
C015244,3,12.0,2744.93,914.98
C002781,3,10.0,2744.9,914.97
C011505,7,16.0,2744.65,392.09
C006162,6,15.0,2744.3,457.38
C013397,5,19.0,2744.25,548.85
C009140,3,13.0,2744.2,914.73
C018023,2,9.0,2743.75,1371.88
C015856,4,18.0,2743.71,685.93
C012874,5,15.0,2743.53,548.71
C003177,5,20.0,2743.45,548.69
C019703,5,19.0,2742.37,548.47
C017652,7,23.0,2742.25,391.75
C017627,5,16.0,2742.21,548.44
C011974,4,15.0,2742.12,685.53
C002583,6,17.0,2742.1,457.02
C012942,7,18.0,2741.77,391.68
C011268,8,23.0,2741.62,342.7
C000130,5,20.0,2741.14,548.23
C006972,6,17.0,2740.7,456.78
C009074,6,19.0,2740.52,456.75
C017260,3,12.0,2740.01,913.34
C001350,8,25.0,2739.99,342.5
C015737,2,8.0,2739.78,1369.89
C016640,5,17.0,2739.27,547.85
C005977,4,14.0,2739.19,684.8
C004845,5,12.0,2738.95,547.79
C013146,3,13.0,2738.85,912.95
C008152,9,24.0,2738.78,304.31
C014269,6,16.0,2738.73,456.46
C011745,6,14.0,2738.61,456.44
C009197,6,15.0,2738.19,456.37
C006429,5,16.0,2737.62,547.52
C011625,3,10.0,2737.45,912.48
C011614,5,16.0,2737.24,547.45
C018556,6,14.0,2737.23,456.21
C007335,4,13.0,2737.1,684.28
C001893,5,14.0,2736.91,547.38
C010902,6,20.0,2736.32,456.05
C017662,3,14.0,2736.3,912.1
C009399,6,22.0,2736.19,456.03
C012197,6,15.0,2736.01,456.0
C015321,5,18.0,2735.92,547.18
C013398,7,22.0,2735.74,390.82
C011566,3,14.0,2735.64,911.88
C004377,3,14.0,2735.3,911.77
C004689,6,23.0,2735.14,455.86
C004690,4,14.0,2735.1,683.78
C017215,7,13.0,2734.92,390.7
C018918,5,13.0,2734.7,546.94
C016084,4,11.0,2734.42,683.61
C009137,5,18.0,2734.25,546.85
C006916,3,13.0,2734.24,911.41
C011669,4,12.0,2733.95,683.49
C009068,5,13.0,2733.88,546.78
C013115,5,12.0,2733.75,546.75
C000336,4,12.0,2733.71,683.43
C019672,3,13.0,2733.47,911.16
C005095,6,13.0,2733.2,455.53
C014363,5,12.0,2733.11,546.62
C010887,6,16.0,2733.03,455.51
C015833,5,24.0,2732.97,546.59
C009625,3,14.0,2732.93,910.98
C019600,5,14.0,2732.8,546.56
C014948,4,13.0,2732.76,683.19
C012118,3,14.0,2732.65,910.88
C005393,3,8.0,2732.48,910.83
C014775,5,14.0,2732.46,546.49
C001911,6,11.0,2732.34,455.39
C013409,5,17.0,2732.04,546.41
C005994,5,12.0,2731.82,546.36
C003896,4,18.0,2731.82,682.96
C001632,4,13.0,2731.53,682.88
C005814,4,13.0,2731.44,682.86
C016722,3,12.0,2731.14,910.38
C016851,7,16.0,2731.08,390.15
C017038,3,12.0,2730.84,910.28
C009258,3,17.0,2730.63,910.21
C016637,4,12.0,2730.23,682.56
C017761,6,18.0,2730.0,455.0
C003741,4,13.0,2729.86,682.47
C013213,4,15.0,2729.78,682.45
C010501,3,11.0,2729.38,909.79
C018075,2,13.0,2729.16,1364.58
C011896,3,15.0,2728.62,909.54
C010740,5,16.0,2728.57,545.71
C010520,6,19.0,2728.23,454.71
C000002,10,25.0,2728.14,272.81
C011292,6,23.0,2727.74,454.62
C014124,6,15.0,2727.74,454.62
C018830,3,13.0,2727.34,909.11
C007094,2,9.0,2727.25,1363.63
C019255,4,19.0,2727.24,681.81
C007195,4,13.0,2727.04,681.76
C004673,5,15.0,2727.02,545.4
C019741,4,14.0,2726.85,681.71
C011725,4,11.0,2726.83,681.71
C011078,6,15.0,2726.6,454.43
C005192,3,11.0,2725.97,908.66
C012606,3,14.0,2725.96,908.65
C016347,5,12.0,2725.7,545.14
C011141,7,18.0,2725.65,389.38
C015604,5,13.0,2725.62,545.12
C008848,8,25.0,2725.58,340.7
C015909,4,16.0,2725.08,681.27
C017557,6,21.0,2724.98,454.16
C001881,6,19.0,2724.92,454.15
C010129,10,22.0,2724.72,272.47
C003887,5,17.0,2724.54,544.91
C010870,2,10.0,2724.53,1362.27
C014820,4,13.0,2724.36,681.09
C015294,5,15.0,2724.31,544.86
C001919,4,12.0,2723.9,680.98
C011266,3,13.0,2723.89,907.96
C016440,4,18.0,2723.6,680.9
C015805,3,14.0,2723.24,907.75
C004517,6,16.0,2723.23,453.87
C013255,6,14.0,2722.81,453.8
C004411,5,21.0,2722.77,544.55
C010944,3,15.0,2722.67,907.56
C007530,5,17.0,2722.57,544.51
C010000,4,15.0,2722.36,680.59
C016143,4,12.0,2722.31,680.58
C003133,7,17.0,2722.24,388.89
C014978,4,12.0,2722.23,680.56
C006263,6,19.0,2721.72,453.62
C002759,4,16.0,2721.5,680.38
C018256,6,14.0,2721.37,453.56
C017188,4,11.0,2721.29,680.32
C002144,4,17.0,2721.03,680.26
C006601,5,16.0,2720.46,544.09
C009340,5,17.0,2720.41,544.08
C018348,3,8.0,2720.07,906.69
C000542,5,18.0,2720.0,544.0
C001970,4,14.0,2719.14,679.79
C003638,6,17.0,2719.13,453.19
C016588,8,16.0,2719.11,339.89
C019294,5,15.0,2718.95,543.79
C012298,5,14.0,2718.95,543.79
C006245,5,13.0,2718.94,543.79
C017599,7,15.0,2718.94,388.42
C009091,4,13.0,2718.78,679.7
C007647,7,16.0,2718.71,388.39
C009860,5,13.0,2718.36,543.67
C001631,6,21.0,2717.97,452.99
C008041,4,16.0,2717.89,679.47
C013687,3,14.0,2717.66,905.89
C014028,3,9.0,2717.54,905.85
C002320,5,15.0,2717.3,543.46
C006188,5,20.0,2716.83,543.37
C004258,5,17.0,2716.64,543.33
C006944,6,21.0,2716.6,452.77
C010108,6,14.0,2716.59,452.77
C017768,4,14.0,2716.39,679.1
C009622,5,15.0,2716.32,543.26
C005055,4,14.0,2716.14,679.04
C003884,4,17.0,2716.08,679.02
C006477,5,14.0,2715.79,543.16
C015715,6,18.0,2715.41,452.57
C010549,7,17.0,2715.37,387.91
C001420,6,19.0,2715.01,452.5
C011033,4,17.0,2714.75,678.69
C018752,3,11.0,2714.64,904.88
C011360,5,13.0,2714.37,542.87
C010303,6,14.0,2714.22,452.37
C008417,4,14.0,2714.08,678.52
C003314,5,14.0,2713.68,542.74
C019738,4,19.0,2713.39,678.35
C011613,4,14.0,2713.1,678.28
C002542,7,23.0,2713.05,387.58
C002403,5,17.0,2712.85,542.57
C010546,3,14.0,2712.29,904.1
C011350,7,20.0,2711.91,387.42
C015096,4,13.0,2710.79,677.7
C009247,8,25.0,2710.51,338.81
C016777,4,14.0,2710.41,677.6
C005242,7,20.0,2710.35,387.19
C015988,6,21.0,2710.16,451.69
C005693,7,21.0,2710.08,387.15
C000692,7,16.0,2709.99,387.14
C009790,6,17.0,2709.72,451.62
C010073,5,13.0,2708.9,541.78
C014064,4,12.0,2708.89,677.22
C011570,7,18.0,2708.78,386.97
C007375,5,16.0,2708.7,541.74
C006440,6,16.0,2708.52,451.42
C001473,6,16.0,2708.42,451.4
C018588,4,15.0,2708.36,677.09
C010087,7,22.0,2708.3,386.9
C003712,5,11.0,2707.72,541.54
C015273,4,12.0,2707.65,676.91
C010272,4,11.0,2707.55,676.89
C006683,5,12.0,2707.53,541.51
C013523,5,14.0,2707.49,541.5
C004492,4,13.0,2707.42,676.86
C003833,3,18.0,2706.56,902.19
C008550,5,19.0,2706.2,541.24
C002868,3,10.0,2705.95,901.98
C008570,5,12.0,2705.63,541.13
C017735,6,17.0,2705.07,450.85
C015232,3,12.0,2705.04,901.68
C003400,3,11.0,2704.98,901.66
C006715,4,17.0,2704.92,676.23
C012372,4,18.0,2704.88,676.22
C013348,6,16.0,2704.8,450.8
C018950,5,17.0,2704.31,540.86
C012893,4,14.0,2704.05,676.01
C005758,4,10.0,2703.98,676.0
C014347,5,12.0,2703.82,540.76
C012433,3,10.0,2703.78,901.26
C018975,7,13.0,2703.61,386.23
C013267,2,8.0,2703.48,1351.74
C003925,4,9.0,2703.3,675.83
C010714,6,15.0,2703.02,450.5
C007889,5,21.0,2702.72,540.54
C009164,7,23.0,2702.71,386.1
C013237,5,14.0,2702.61,540.52
C002925,4,12.0,2702.6,675.65
C000283,3,10.0,2702.58,900.86
C018001,6,16.0,2702.37,450.4
C002509,6,16.0,2702.3,450.38
C013562,4,17.0,2702.0,675.5
C004847,7,16.0,2701.85,385.98
C000162,4,14.0,2701.76,675.44
C016328,3,13.0,2701.62,900.54
C013210,5,12.0,2701.52,540.3
C017649,4,13.0,2701.48,675.37
C006406,5,12.0,2701.47,540.29
C005885,7,21.0,2701.46,385.92
C001412,5,15.0,2701.42,540.28
C015106,5,17.0,2701.18,540.24
C004916,5,13.0,2700.92,540.18
C000078,5,19.0,2700.66,540.13
C008119,9,17.0,2700.66,300.07
C003773,6,13.0,2700.6,450.1
C001973,8,24.0,2700.5,337.56
C013082,4,13.0,2700.41,675.1
C001917,4,15.0,2700.35,675.09
C003121,4,14.0,2700.14,675.04
C008376,4,14.0,2699.88,674.97
C007441,6,15.0,2699.72,449.95
C011848,6,17.0,2699.32,449.89
C000813,6,15.0,2698.85,449.81
C007453,3,13.0,2698.85,899.62
C012068,4,14.0,2698.64,674.66
C017288,5,13.0,2698.43,539.69
C005615,6,14.0,2698.41,449.73
C011371,4,14.0,2697.99,674.5
C012905,4,12.0,2697.83,674.46
C001390,4,11.0,2697.55,674.39
C008565,4,12.0,2696.9,674.23
C008367,4,17.0,2696.54,674.14
C005626,9,23.0,2696.26,299.58
C010022,4,14.0,2694.43,673.61
C000670,6,17.0,2694.16,449.03
C013283,4,11.0,2693.35,673.34
C008913,3,11.0,2693.05,897.68
C002989,11,26.0,2692.13,244.74
C006122,3,12.0,2692.1,897.37
C000185,7,27.0,2691.91,384.56
C006495,3,9.0,2691.65,897.22
C006525,5,18.0,2690.98,538.2
C011313,4,16.0,2690.74,672.69
C014783,3,14.0,2690.04,896.68
C015154,6,14.0,2689.64,448.27
C007331,6,18.0,2689.56,448.26
C017018,3,11.0,2689.39,896.46
C007108,5,11.0,2689.3,537.86
C007218,5,21.0,2689.26,537.85
C004179,4,13.0,2689.25,672.31
C006872,6,18.0,2688.93,448.16
C008160,6,21.0,2688.91,448.15
C006797,4,15.0,2688.88,672.22
C003086,4,18.0,2688.36,672.09
C019073,3,14.0,2687.72,895.91
C017583,4,12.0,2687.44,671.86
C011657,3,11.0,2687.39,895.8
C007085,5,18.0,2687.11,537.42
C017417,3,13.0,2687.01,895.67
C009092,4,11.0,2686.77,671.69
C010292,5,18.0,2686.28,537.26
C017506,4,13.0,2686.23,671.56
C008343,5,12.0,2686.11,537.22
C005072,6,15.0,2686.06,447.68
C007881,6,21.0,2685.93,447.66
C010341,3,10.0,2685.89,895.3
C000787,4,14.0,2685.78,671.45
C007901,5,17.0,2685.46,537.09
C018699,6,16.0,2685.42,447.57
C013373,7,17.0,2685.38,383.63
C015483,7,16.0,2684.93,383.56
C002270,5,14.0,2684.76,536.95
C001404,5,20.0,2684.73,536.95
C018680,4,15.0,2684.67,671.17
C008945,6,11.0,2684.6,447.43
C017426,5,20.0,2684.36,536.87
C008347,4,15.0,2684.25,671.06
C015798,5,13.0,2684.13,536.83
C006450,7,25.0,2683.94,383.42
C012805,7,21.0,2683.93,383.42
C019306,4,15.0,2683.91,670.98
C006308,4,12.0,2683.23,670.81
C001397,5,11.0,2683.22,536.64
C014626,5,15.0,2683.17,536.63
C017943,5,13.0,2682.85,536.57
C006061,6,16.0,2682.74,447.12
C002472,7,23.0,2682.58,383.23
C000766,5,16.0,2682.34,536.47
C013991,5,16.0,2682.31,536.46
C015473,5,15.0,2681.99,536.4
C010750,5,14.0,2681.75,536.35
C008349,8,23.0,2681.61,335.2
C009800,4,12.0,2681.6,670.4
C004063,3,13.0,2681.52,893.84
C014660,7,15.0,2680.39,382.91
C005760,5,15.0,2680.38,536.08
C000496,10,27.0,2680.32,268.03
C010904,7,16.0,2679.19,382.74
C010921,3,13.0,2678.8,892.93
C004469,6,12.0,2678.7,446.45
C007419,5,12.0,2678.6,535.72
C008490,4,11.0,2678.56,669.64
C014893,2,11.0,2678.48,1339.24
C001545,5,16.0,2678.35,535.67
C003419,6,17.0,2678.16,446.36
C014047,5,13.0,2678.05,535.61
C012785,4,15.0,2677.42,669.36
C012800,3,11.0,2677.26,892.42
C000103,6,24.0,2677.22,446.2
C010385,6,21.0,2677.11,446.19
C006351,5,15.0,2677.07,535.41
C007521,3,10.0,2676.78,892.26
C003012,4,12.0,2676.76,669.19
C008610,8,20.0,2676.11,334.51
C014730,4,14.0,2675.89,668.97
C002075,5,16.0,2675.61,535.12
C007478,4,15.0,2675.38,668.85
C000999,5,23.0,2674.88,534.98
C000891,6,16.0,2674.61,445.77
C015610,6,15.0,2673.38,445.56
C010244,7,20.0,2673.06,381.87
C002205,2,11.0,2673.01,1336.51
C014386,4,15.0,2672.98,668.25
C011574,5,19.0,2672.82,534.56
C005002,6,21.0,2672.76,445.46
C007181,5,20.0,2672.53,534.51
C015105,4,15.0,2672.37,668.09
C011454,8,19.0,2672.32,334.04
C005677,5,13.0,2672.1,534.42
C017558,4,16.0,2671.96,667.99
C009737,7,21.0,2671.68,381.67
C007160,6,16.0,2671.48,445.25
C000679,6,16.0,2671.15,445.19
C017952,4,12.0,2670.36,667.59
C017059,6,18.0,2670.14,445.02
C012556,3,9.0,2669.84,889.95
C014405,3,15.0,2669.66,889.89
C001562,3,12.0,2669.36,889.79
C008293,4,9.0,2669.24,667.31
C007725,8,20.0,2669.2,333.65
C012758,4,11.0,2669.09,667.27
C009477,5,17.0,2668.83,533.77
C015113,4,17.0,2668.79,667.2
C005528,6,16.0,2668.68,444.78
C012937,7,21.0,2668.33,381.19
C001192,6,18.0,2668.33,444.72
C016466,4,10.0,2667.77,666.94
C006507,4,13.0,2667.72,666.93
C019851,6,17.0,2667.68,444.61
C004486,6,18.0,2667.49,444.58
C000567,5,16.0,2667.39,533.48
C013814,4,20.0,2667.2,666.8
C017566,3,11.0,2666.86,888.95
C014941,4,16.0,2666.77,666.69
C012752,4,14.0,2666.65,666.66
C007987,3,12.0,2666.25,888.75
C006281,4,17.0,2665.81,666.45
C016183,5,14.0,2665.42,533.08
C013898,8,30.0,2665.32,333.17
C001971,5,12.0,2665.28,533.06
C006956,6,21.0,2665.1,444.18
C011994,7,15.0,2664.98,380.71
C019471,4,12.0,2664.75,666.19
C014996,2,6.0,2664.5,1332.25
C011924,3,14.0,2664.41,888.14
C010840,3,15.0,2664.31,888.1
C005218,5,23.0,2664.31,532.86
C002120,4,14.0,2664.15,666.04
C014037,6,23.0,2664.05,444.01
C006299,7,19.0,2664.0,380.57
C006695,4,11.0,2663.74,665.94
C014615,4,11.0,2663.23,665.81
C019428,4,11.0,2663.13,665.78
C004554,3,11.0,2662.98,887.66
C014640,5,17.0,2662.35,532.47
C003228,8,20.0,2662.16,332.77
C012635,3,11.0,2662.08,887.36
C006684,3,12.0,2661.99,887.33
C007841,7,20.0,2661.56,380.22
C011595,2,10.0,2661.25,1330.63
C018324,4,17.0,2661.18,665.3
C019609,2,11.0,2661.17,1330.59
C004094,7,25.0,2661.05,380.15
C002108,5,18.0,2660.78,532.16
C002736,3,11.0,2660.44,886.81
C010506,4,10.0,2660.43,665.11
C007186,5,19.0,2659.39,531.88
C019318,5,13.0,2659.37,531.87
C000767,6,11.0,2659.02,443.17
C003395,7,16.0,2658.93,379.85
C004578,4,17.0,2658.87,664.72
C002620,6,16.0,2658.85,443.14
C015889,5,13.0,2658.74,531.75
C001367,6,19.0,2658.73,443.12
C014946,4,14.0,2658.07,664.52
C011638,4,13.0,2658.07,664.52
C015108,3,12.0,2657.88,885.96
C004452,7,14.0,2657.72,379.67
C016887,4,19.0,2657.24,664.31
C007637,4,11.0,2657.2,664.3
C016430,5,20.0,2657.1,531.42
C008542,2,11.0,2656.92,1328.46
C005821,8,22.0,2656.63,332.08
C017894,5,17.0,2656.53,531.31
C014558,6,18.0,2656.53,442.76
C007656,4,12.0,2656.39,664.1
C016322,3,11.0,2656.23,885.41
C015215,6,17.0,2656.21,442.7
C018813,5,19.0,2656.15,531.23
C018758,3,12.0,2656.03,885.34
C000217,5,11.0,2655.56,531.11
C004896,5,18.0,2655.06,531.01
C016801,7,17.0,2654.96,379.28
C009803,4,16.0,2654.96,663.74
C011195,5,16.0,2654.94,530.99
C000935,6,17.0,2654.76,442.46
C009892,4,14.0,2654.51,663.63
C006286,5,13.0,2654.37,530.87
C007129,6,16.0,2654.36,442.39
C010959,3,17.0,2654.08,884.69
C018860,3,13.0,2653.98,884.66
C004058,7,19.0,2653.84,379.12
C008209,6,27.0,2653.7,442.28
C018403,5,18.0,2653.7,530.74
C002158,6,16.0,2653.27,442.21
C001854,5,11.0,2653.18,530.64
C002885,4,11.0,2652.78,663.2
C013400,6,16.0,2652.73,442.12
C018981,6,15.0,2652.71,442.12
C014460,6,15.0,2652.38,442.06
C001733,5,19.0,2652.31,530.46
C003603,5,16.0,2651.43,530.29
C004854,5,14.0,2651.11,530.22
C007096,5,12.0,2650.49,530.1
C007920,5,15.0,2649.98,530.0
C010590,6,20.0,2649.69,441.62
C011207,4,18.0,2649.57,662.39
C012888,3,15.0,2649.53,883.18
C002345,7,24.0,2649.24,378.46
C008972,3,14.0,2649.23,883.08
C017981,6,14.0,2649.12,441.52
C016770,4,10.0,2649.09,662.27
C016825,3,12.0,2648.12,882.71
C004260,4,15.0,2648.11,662.03
C008853,4,12.0,2647.93,661.98
C005139,4,12.0,2647.91,661.98
C017262,4,16.0,2646.96,661.74
C003413,5,11.0,2646.79,529.36
C013125,4,10.0,2646.17,661.54
C017159,7,16.0,2646.07,378.01
C002748,5,16.0,2645.96,529.19
C006670,3,9.0,2645.91,881.97
C011577,6,17.0,2645.9,440.98
C001498,6,16.0,2645.48,440.91
C006750,4,13.0,2645.4,661.35
C014305,5,19.0,2645.34,529.07
C002619,4,14.0,2645.33,661.33
C017272,3,12.0,2645.32,881.77
C009827,5,14.0,2645.26,529.05
C003847,5,14.0,2644.66,528.93
C019919,5,14.0,2644.41,528.88
C002171,6,11.0,2644.3,440.72
C011996,5,13.0,2644.13,528.83
C007613,4,16.0,2643.85,660.96
C001792,6,20.0,2643.83,440.64
C012575,6,14.0,2643.73,440.62
C015704,5,16.0,2643.71,528.74
C003906,6,17.0,2643.07,440.51
C013170,4,15.0,2642.49,660.62
C007442,3,13.0,2642.17,880.72
C011005,4,13.0,2642.13,660.53
C005701,6,18.0,2641.68,440.28
C004604,2,9.0,2641.2,1320.6
C017449,3,10.0,2641.19,880.4
C016814,6,14.0,2640.99,440.17
C008981,3,11.0,2640.96,880.32
C006579,7,19.0,2640.86,377.27
C010803,6,20.0,2640.65,440.11
C007282,7,18.0,2640.63,377.23
C002726,3,10.0,2640.59,880.2
C016094,5,12.0,2640.56,528.11
C010469,6,16.0,2640.41,440.07
C007305,5,14.0,2640.34,528.07
C008993,4,14.0,2639.98,660.0
C018431,3,11.0,2639.94,879.98
C011223,6,16.0,2639.94,439.99
C010148,4,15.0,2639.88,659.97
C014749,4,13.0,2639.7,659.93
C015858,6,21.0,2639.59,439.93
C006716,4,18.0,2639.56,659.89
C000911,6,21.0,2638.91,439.82
C017815,2,13.0,2638.79,1319.4
C014912,7,13.0,2638.67,376.95
C006097,4,15.0,2637.99,659.5
C010566,5,18.0,2637.92,527.58
C017772,2,10.0,2637.72,1318.86
C005886,3,15.0,2637.0,879.0
C002064,4,16.0,2636.73,659.18
C003265,4,16.0,2636.54,659.14
C008575,2,10.0,2636.31,1318.16
C006315,5,18.0,2636.15,527.23
C014027,4,12.0,2636.01,659.0
C014392,7,21.0,2635.95,376.56
C001621,4,15.0,2635.92,658.98
C011597,2,12.0,2635.63,1317.82
C007721,6,13.0,2635.45,439.24
C018980,3,15.0,2635.08,878.36
C013750,5,18.0,2634.93,526.99
C009111,5,16.0,2634.84,526.97
C002648,4,16.0,2634.54,658.64
C003129,5,21.0,2634.15,526.83
C000791,5,19.0,2634.11,526.82
C002386,8,28.0,2633.94,329.24
C000858,6,17.0,2633.9,438.98
C005331,5,13.0,2633.63,526.73
C001099,4,13.0,2633.57,658.39
C007193,6,16.0,2633.46,438.91
C009823,1,6.0,2633.45,2633.45
C018179,5,15.0,2632.98,526.6
C013670,3,10.0,2632.96,877.65
C003739,4,12.0,2632.2,658.05
C012746,4,13.0,2631.71,657.93
C017419,7,20.0,2630.63,375.8
C004715,3,13.0,2630.47,876.82
C003528,6,15.0,2629.8,438.3
C015353,5,18.0,2629.47,525.89
C019403,4,15.0,2629.31,657.33
C009770,5,13.0,2628.76,525.75
C009223,3,10.0,2628.72,876.24
C012839,5,15.0,2628.69,525.74
C014119,2,9.0,2628.66,1314.33
C002105,5,22.0,2628.44,525.69
C014780,3,16.0,2628.17,876.06
C017411,4,11.0,2628.02,657.01
C010613,2,8.0,2627.73,1313.87
C009009,6,18.0,2627.72,437.95
C008815,7,22.0,2627.54,375.36
C015694,4,11.0,2627.42,656.86
C011773,4,16.0,2627.31,656.83
C019530,5,14.0,2627.07,525.41
C007201,4,15.0,2626.92,656.73
C009290,5,14.0,2626.8,525.36
C011076,4,14.0,2626.49,656.62
C008910,6,18.0,2626.46,437.74
C004319,4,12.0,2626.44,656.61
C005100,5,18.0,2626.38,525.28
C009593,5,18.0,2626.21,525.24
C015066,5,11.0,2626.13,525.23
C002186,4,13.0,2626.02,656.51
C004836,4,11.0,2626.0,656.5
C004160,2,9.0,2625.8,1312.9
C010269,5,11.0,2625.47,525.09
C007380,5,15.0,2625.37,525.07
C003521,5,15.0,2625.27,525.05
C019815,6,14.0,2625.22,437.54
C019230,5,13.0,2624.98,525.0
C011071,4,13.0,2623.52,655.88
C005079,6,25.0,2623.07,437.18
C019763,3,12.0,2622.86,874.29
C003737,10,24.0,2622.73,262.27
C008178,3,11.0,2622.66,874.22
C003561,4,17.0,2622.25,655.56
C005770,3,7.0,2622.14,874.05
C006871,7,21.0,2622.01,374.57
C004641,5,14.0,2621.92,524.38
C009172,5,15.0,2621.46,524.29
C004995,4,14.0,2621.32,655.33
C000208,3,16.0,2621.21,873.74
C014762,4,16.0,2621.16,655.29
C004119,5,16.0,2621.13,524.23
C014465,5,14.0,2620.7,524.14
C007371,6,20.0,2620.55,436.76
C003977,3,13.0,2620.3,873.43
C017433,5,13.0,2619.74,523.95
C015304,4,16.0,2619.59,654.9
C002261,6,16.0,2619.25,436.54
C005569,5,18.0,2619.06,523.81
C008870,3,12.0,2619.04,873.01
C013677,3,11.0,2619.01,873.0
C019437,5,9.0,2618.93,523.79
C018468,3,13.0,2618.9,872.97
C002317,4,11.0,2618.75,654.69
C002678,5,12.0,2618.7,523.74
C008381,3,14.0,2618.63,872.88
C004289,6,22.0,2618.5,436.42
C011072,3,15.0,2618.05,872.68
C005944,7,17.0,2617.9,373.99
C010351,5,16.0,2617.86,523.57
C011685,3,9.0,2617.77,872.59
C007246,5,17.0,2617.66,523.53
C017887,7,22.0,2617.6,373.94
C003591,6,18.0,2617.47,436.24
C001235,4,16.0,2617.15,654.29
C010890,6,17.0,2617.1,436.18
C012190,7,18.0,2617.09,373.87
C019650,5,13.0,2616.76,523.35
C017572,3,11.0,2616.13,872.04
C008743,5,11.0,2616.02,523.2
C007571,5,18.0,2615.87,523.17
C000207,3,16.0,2615.42,871.81
C003927,3,14.0,2615.25,871.75
C012608,4,16.0,2615.19,653.8
C012979,4,14.0,2614.88,653.72
C010686,6,16.0,2614.67,435.78
C019522,5,15.0,2614.43,522.89
C003643,5,17.0,2614.19,522.84
C011524,6,16.0,2614.14,435.69
C015155,6,22.0,2614.13,435.69
C004168,5,15.0,2614.13,522.83
C009589,5,12.0,2614.09,522.82
C006040,5,12.0,2613.85,522.77
C003723,4,11.0,2613.7,653.42
C007080,6,14.0,2613.3,435.55
C001572,5,16.0,2612.96,522.59
C017307,5,16.0,2612.1,522.42
C016483,5,14.0,2612.08,522.42
C014383,4,11.0,2611.96,652.99
C012999,4,14.0,2611.61,652.9
C005833,6,14.0,2611.39,435.23
C000287,4,13.0,2611.35,652.84
C006393,5,16.0,2611.06,522.21
C017709,4,11.0,2610.69,652.67
C012117,5,10.0,2610.29,522.06
C018720,5,14.0,2609.55,521.91
C019197,5,15.0,2609.34,521.87
C001110,6,15.0,2609.06,434.84
C008453,5,15.0,2608.81,521.76
C014631,2,10.0,2608.52,1304.26
C014123,5,15.0,2608.47,521.69
C003962,5,12.0,2608.46,521.69
C008132,6,17.0,2608.3,434.72
C012625,4,11.0,2608.29,652.07
C006116,4,18.0,2607.94,651.99
C005327,3,10.0,2607.81,869.27
C002364,2,8.0,2607.18,1303.59
C011650,4,14.0,2607.0,651.75
C010636,3,10.0,2606.96,868.99
C018002,4,12.0,2606.61,651.65
C002605,4,13.0,2606.42,651.61
C018887,5,13.0,2606.41,521.28
C017361,4,15.0,2606.28,651.57
C011492,4,14.0,2606.17,651.54
C014299,6,18.0,2606.02,434.34
C003382,5,12.0,2605.86,521.17
C008479,3,14.0,2605.62,868.54
C004149,10,23.0,2605.04,260.5
C016013,4,16.0,2605.03,651.26
C007994,2,15.0,2604.98,1302.49
C017550,5,15.0,2604.93,520.99
C017573,3,14.0,2604.49,868.16
C005999,4,13.0,2604.35,651.09
C012105,3,14.0,2604.17,868.06
C006458,5,18.0,2603.9,520.78
C015915,4,13.0,2603.89,650.97
C000913,5,15.0,2603.68,520.74
C016849,6,17.0,2603.51,433.92
C000241,3,15.0,2603.4,867.8
C002819,5,16.0,2603.11,520.62
C016845,3,14.0,2602.93,867.64
C008008,4,17.0,2602.92,650.73
C016797,5,14.0,2601.97,520.39
C009393,4,13.0,2601.81,650.45
C003454,8,15.0,2601.56,325.2
C008710,4,13.0,2601.32,650.33
C019758,3,12.0,2601.32,867.11
C001538,4,15.0,2600.89,650.22
C008989,6,18.0,2600.88,433.48
C012796,5,16.0,2600.52,520.1
C000880,7,15.0,2600.37,371.48
C000437,5,17.0,2600.28,520.06
C018386,2,11.0,2600.23,1300.12
C011148,5,11.0,2600.18,520.04
C005165,4,13.0,2600.06,650.02
C014039,6,18.0,2599.77,433.3
C015723,4,13.0,2599.42,649.86
C008561,7,27.0,2598.74,371.25
C014570,4,13.0,2598.4,649.6
C017910,5,15.0,2598.34,519.67
C002058,6,17.0,2597.63,432.94
C013251,6,15.0,2597.25,432.88
C007031,2,11.0,2596.96,1298.48
C016601,4,14.0,2596.72,649.18
C007002,5,14.0,2596.24,519.25
C000074,5,11.0,2596.17,519.23
C006400,3,10.0,2595.95,865.32
C019504,5,13.0,2595.71,519.14
C018379,6,14.0,2595.62,432.6
C011324,5,11.0,2595.43,519.09
C019281,6,13.0,2595.24,432.54
C005474,4,14.0,2595.01,648.75
C007039,6,13.0,2594.94,432.49
C011715,4,10.0,2594.79,648.7
C012471,6,19.0,2594.65,432.44
C016181,4,12.0,2594.61,648.65
C012846,5,18.0,2594.47,518.89
C001171,3,17.0,2593.62,864.54
C019778,4,15.0,2593.3,648.33
C001478,4,12.0,2593.19,648.3
C018664,3,11.0,2593.18,864.39
C019360,4,10.0,2593.1,648.28
C005837,8,19.0,2592.9,324.11
C015960,4,17.0,2592.87,648.22
C015877,6,13.0,2592.56,432.09
C005696,4,16.0,2592.48,648.12
C012325,5,21.0,2592.46,518.49
C005880,5,13.0,2592.28,518.46
C000473,4,12.0,2592.19,648.05
C002667,7,23.0,2592.05,370.29
C001526,5,16.0,2591.96,518.39
C009951,3,14.0,2591.91,863.97
C007765,4,15.0,2591.77,647.94
C011414,5,16.0,2591.46,518.29
C011176,6,13.0,2591.36,431.89
C012633,3,12.0,2591.17,863.72
C000430,4,9.0,2590.58,647.65
C013621,3,10.0,2590.57,863.52
C012398,3,11.0,2590.39,863.46
C001352,6,12.0,2590.37,431.73
C015912,3,13.0,2590.1,863.37
C014522,7,19.0,2590.03,370.0
C019442,6,12.0,2589.89,431.65
C003189,4,13.0,2589.8,647.45
C012233,6,14.0,2589.47,431.58
C018007,5,15.0,2589.4,517.88
C010464,6,13.0,2589.16,431.53
C004060,5,12.0,2589.14,517.83
C004535,6,16.0,2589.05,431.51
C005500,4,14.0,2588.8,647.2
C006110,5,12.0,2588.43,517.69
C018178,2,10.0,2588.42,1294.21
C011356,5,17.0,2588.25,517.65
C008189,4,10.0,2588.18,647.04
C000940,5,15.0,2588.12,517.62
C009822,6,15.0,2588.0,431.33
C016415,4,11.0,2587.99,647.0
C010029,3,11.0,2587.8,862.6
C002285,6,15.0,2587.79,431.3
C003807,5,15.0,2587.7,517.54
C013047,5,16.0,2587.3,517.46
C017758,4,16.0,2587.16,646.79
C004837,4,15.0,2587.08,646.77
C003902,3,11.0,2586.96,862.32
C008586,8,21.0,2586.96,323.37
C006288,4,12.0,2586.77,646.69
C005499,4,15.0,2586.69,646.67
C010571,4,16.0,2586.28,646.57
C019540,3,14.0,2586.22,862.07
C018242,7,14.0,2586.13,369.45
C013330,4,17.0,2585.96,646.49
C000188,5,15.0,2585.65,517.13
C012554,4,10.0,2585.38,646.35
C020000,4,16.0,2585.12,646.28
C009614,4,13.0,2584.69,646.17
C013028,5,14.0,2584.51,516.9
C002997,4,14.0,2584.49,646.12
C009412,6,14.0,2584.31,430.72
C013934,5,11.0,2583.88,516.78
C003339,5,13.0,2583.75,516.75
C018327,3,11.0,2583.73,861.24
C003506,4,8.0,2583.3,645.83
C013171,7,24.0,2583.21,369.03
C004859,6,22.0,2583.08,430.51
C007574,5,15.0,2583.02,516.6
C010895,4,11.0,2582.89,645.72
C010228,4,13.0,2582.78,645.7
C017278,6,15.0,2582.53,430.42
C015984,5,14.0,2582.43,516.49
C015379,6,16.0,2582.23,430.37
C007132,6,16.0,2582.0,430.33
C011601,4,17.0,2581.61,645.4
C019551,4,10.0,2581.54,645.39
C015027,4,12.0,2580.97,645.24
C008476,5,13.0,2580.69,516.14
C004155,4,15.0,2580.37,645.09
C009831,3,9.0,2580.32,860.11
C011490,3,13.0,2580.18,860.06
C006906,5,10.0,2580.08,516.02
C016981,3,11.0,2579.77,859.92
C012774,4,13.0,2579.65,644.91
C005667,5,14.0,2579.63,515.93
C011735,5,17.0,2579.34,515.87
C006718,4,12.0,2579.1,644.78
C012778,6,11.0,2578.81,429.8
C000395,5,18.0,2578.62,515.72
C002554,4,14.0,2578.36,644.59
C016647,6,23.0,2577.92,429.65
C004555,6,13.0,2577.72,429.62
C014974,5,10.0,2577.5,515.5
C007726,6,16.0,2577.43,429.57
C002516,7,16.0,2577.12,368.16
C018397,5,18.0,2577.04,515.41
C013401,6,15.0,2577.04,429.51
C018743,6,19.0,2576.87,429.48
C017222,5,12.0,2576.87,515.37
C011361,2,15.0,2576.52,1288.26
C012573,5,17.0,2575.71,515.14
C006822,5,19.0,2575.63,515.13
C016958,5,19.0,2575.52,515.1
C008905,6,18.0,2575.38,429.23
C006713,6,22.0,2575.2,429.2
C005166,5,20.0,2574.7,514.94
C005802,5,13.0,2574.57,514.91
C010589,4,13.0,2574.43,643.61
C004879,3,13.0,2574.26,858.09
C001693,6,19.0,2574.21,429.04
C017562,3,9.0,2574.13,858.04
C007140,5,16.0,2573.42,514.68
C014945,6,17.0,2572.9,428.82
C002163,2,11.0,2572.88,1286.44
C010681,3,13.0,2572.35,857.45
C016300,5,13.0,2572.3,514.46
C000870,7,15.0,2572.26,367.47
C017877,7,23.0,2572.08,367.44
C017036,5,14.0,2572.05,514.41
C003498,5,13.0,2571.93,514.39
C011437,5,12.0,2571.74,514.35
C001584,7,23.0,2571.64,367.38
C019516,4,14.0,2571.63,642.91
C014702,2,12.0,2571.58,1285.79
C014035,4,17.0,2570.98,642.75
C001772,5,18.0,2570.84,514.17
C006973,3,11.0,2570.67,856.89
C003484,4,14.0,2570.42,642.61
C007395,7,15.0,2570.25,367.18
C010358,4,13.0,2570.18,642.54
C000792,4,12.0,2570.16,642.54
C005782,8,23.0,2569.99,321.25
C002604,4,16.0,2569.99,642.5
C015210,3,13.0,2569.9,856.63
C019750,4,11.0,2569.56,642.39
C016927,4,18.0,2569.55,642.39
C016820,4,12.0,2569.46,642.37
C010804,6,18.0,2569.11,428.19
C018613,4,11.0,2568.56,642.14
C017619,6,24.0,2568.48,428.08
C010321,6,12.0,2568.34,428.06
C003194,6,14.0,2568.32,428.05
C018392,5,14.0,2568.29,513.66
C013712,7,21.0,2568.05,366.86
C001481,6,9.0,2567.9,427.98
C007253,8,23.0,2567.5,320.94
C016806,7,16.0,2567.08,366.73
C007583,4,12.0,2566.63,641.66
C005219,3,15.0,2566.44,855.48
C011193,3,17.0,2566.26,855.42
C006789,3,14.0,2566.19,855.4
C009025,5,14.0,2566.08,513.22
C002300,4,11.0,2566.04,641.51
C002475,4,12.0,2566.03,641.51
C007364,6,16.0,2565.83,427.64
C019952,3,11.0,2565.11,855.04
C017362,6,13.0,2564.93,427.49
C019968,4,14.0,2564.79,641.2
C011781,6,11.0,2564.7,427.45
C018006,6,14.0,2564.1,427.35
C019727,6,15.0,2563.48,427.25
C012340,6,11.0,2563.39,427.23
C001313,4,13.0,2563.34,640.84
C004493,6,16.0,2563.09,427.18
C012041,6,20.0,2563.05,427.18
C000247,8,22.0,2563.05,320.38
C003403,5,11.0,2562.77,512.55
C005328,6,16.0,2562.55,427.09
C011956,4,16.0,2562.53,640.63
C003152,7,25.0,2562.28,366.04
C009883,4,10.0,2562.22,640.55
C019432,5,15.0,2561.99,512.4
C004560,5,19.0,2561.81,512.36
C000676,2,9.0,2561.31,1280.66
C008282,6,19.0,2561.19,426.87
C007915,5,16.0,2559.69,511.94
C008285,4,16.0,2559.6,639.9
C012604,6,23.0,2559.45,426.58
C018773,5,16.0,2559.3,511.86
C008897,6,12.0,2559.29,426.55
C019971,3,12.0,2559.1,853.03
C019548,5,17.0,2558.94,511.79
C017371,7,16.0,2558.77,365.54
C015190,5,15.0,2558.47,511.69
C017553,5,10.0,2558.39,511.68
C006585,3,9.0,2557.82,852.61
C010400,6,19.0,2557.73,426.29
C002894,4,14.0,2557.59,639.4
C019321,6,17.0,2557.55,426.26
C005222,2,10.0,2557.36,1278.68
C008157,5,15.0,2557.16,511.43
C009952,6,15.0,2557.14,426.19
C011354,5,13.0,2557.12,511.42
C017975,4,14.0,2556.93,639.23
C018899,4,14.0,2556.89,639.22
C015922,4,14.0,2556.68,639.17
C015595,2,10.0,2556.59,1278.3
C004831,4,14.0,2556.39,639.1
C004533,5,13.0,2556.15,511.23
C007268,6,16.0,2555.93,425.99
C010504,5,15.0,2555.78,511.16
C002616,8,21.0,2555.6,319.45
C010595,5,17.0,2555.49,511.1
C011714,6,21.0,2555.38,425.9
C005824,3,13.0,2555.09,851.7
C018550,4,13.0,2555.01,638.75
C012444,4,16.0,2554.45,638.61
C008738,4,10.0,2554.29,638.57
C017114,5,14.0,2553.78,510.76
C012390,4,12.0,2553.71,638.43
C012129,3,17.0,2553.64,851.21
C001463,5,14.0,2553.61,510.72
C009600,5,16.0,2553.57,510.71
C009104,5,13.0,2553.28,510.66
C009673,5,17.0,2552.76,510.55
C012491,6,14.0,2552.49,425.42
C014435,2,11.0,2552.08,1276.04
C004841,5,17.0,2551.7,510.34
C013285,4,12.0,2551.67,637.92
C013618,9,24.0,2551.52,283.5
C019737,3,12.0,2551.35,850.45
C014474,4,17.0,2551.34,637.84
C017423,6,14.0,2551.16,425.19
C001879,3,11.0,2550.87,850.29
C018689,3,14.0,2550.69,850.23
C015326,8,27.0,2550.33,318.79
C018785,4,19.0,2549.98,637.5
C003022,4,14.0,2549.67,637.42
C001248,4,14.0,2549.51,637.38
C018916,2,7.0,2549.36,1274.68
C000972,6,18.0,2549.15,424.86
C012465,4,15.0,2548.61,637.15
C012551,5,11.0,2548.0,509.6
C010510,4,14.0,2547.95,636.99
C016178,3,11.0,2547.82,849.27
C017961,4,10.0,2547.71,636.93
C013930,4,13.0,2547.49,636.87
C018187,5,13.0,2547.24,509.45
C012478,6,14.0,2547.08,424.51
C008512,6,12.0,2546.47,424.41
C002567,5,16.0,2546.44,509.29
C016162,5,15.0,2546.32,509.26
C014432,5,14.0,2545.77,509.15
C006021,6,16.0,2545.72,424.29
C004808,5,15.0,2545.5,509.1
C019018,3,12.0,2545.47,848.49
C008523,7,18.0,2545.32,363.62
C005385,4,12.0,2544.74,636.18
C014384,4,15.0,2544.67,636.17
C012629,5,14.0,2544.51,508.9
C001646,7,20.0,2543.95,363.42
C010312,4,12.0,2543.87,635.97
C001408,3,13.0,2543.49,847.83
C001683,7,17.0,2543.34,363.33
C012673,5,13.0,2543.3,508.66
C017978,3,13.0,2543.13,847.71
C013222,4,12.0,2543.0,635.75
C010657,4,13.0,2543.0,635.75
C001132,3,10.0,2542.91,847.64
C012358,3,9.0,2542.55,847.52
C015655,3,15.0,2542.11,847.37
C000211,8,17.0,2542.08,317.76
C018852,5,17.0,2542.07,508.41
C003118,4,13.0,2541.18,635.29
C017986,4,16.0,2540.77,635.19
C019009,7,15.0,2540.54,362.93
C014653,4,12.0,2540.46,635.12
C018631,4,12.0,2539.91,634.98
C013544,3,11.0,2539.75,846.58
C001511,6,15.0,2539.29,423.22
C015600,4,12.0,2539.27,634.82
C013226,4,20.0,2539.07,634.77
C014663,2,9.0,2538.82,1269.41
C004471,4,9.0,2538.61,634.65
C012860,3,10.0,2538.57,846.19
C006578,6,18.0,2538.56,423.09
C009510,5,12.0,2538.46,507.69
C008106,4,15.0,2538.08,634.52
C000948,6,14.0,2537.78,422.96
C014423,4,16.0,2537.57,634.39
C006353,4,14.0,2537.5,634.38
C000290,7,12.0,2537.22,362.46
C018353,5,11.0,2536.87,507.37
C006121,4,11.0,2536.79,634.2
C008812,4,13.0,2536.58,634.15
C019569,7,17.0,2536.5,362.36
C004660,5,14.0,2536.19,507.24
C010498,5,22.0,2535.95,507.19
C012592,6,15.0,2535.76,422.63
C004384,5,14.0,2535.66,507.13
C005927,4,21.0,2535.63,633.91
C009061,4,13.0,2535.32,633.83
C011449,3,12.0,2535.32,845.11
C019944,4,16.0,2535.19,633.8
C016952,5,15.0,2535.02,507.0
C015675,2,9.0,2534.2,1267.1
C014159,5,15.0,2533.97,506.79
C000451,5,19.0,2533.94,506.79
C012802,3,12.0,2532.5,844.17
C013622,4,14.0,2532.12,633.03
C019092,4,12.0,2532.06,633.02
C019634,5,16.0,2531.86,506.37
C013501,5,14.0,2531.78,506.36
C012186,3,17.0,2531.18,843.73
C019933,4,10.0,2531.16,632.79
C018653,5,19.0,2530.85,506.17
C008970,4,17.0,2530.01,632.5
C017232,7,20.0,2529.98,361.43
C004597,7,16.0,2529.84,361.41
C019828,5,12.0,2529.63,505.93
C009760,5,18.0,2529.53,505.91
C012870,6,11.0,2529.48,421.58
C009787,3,14.0,2529.29,843.1
C005774,4,11.0,2529.24,632.31
C008739,4,13.0,2528.74,632.18
C002168,4,10.0,2528.48,632.12
C005989,4,13.0,2528.21,632.05
C009408,5,19.0,2528.21,505.64
C007206,4,14.0,2528.13,632.03
C002802,4,12.0,2528.08,632.02
C001729,7,14.0,2527.92,361.13
C019394,4,10.0,2527.4,631.85
C017352,7,15.0,2527.19,361.03
C014571,4,15.0,2526.77,631.69
C009947,5,20.0,2526.71,505.34
C016677,6,17.0,2526.56,421.09
C015409,3,13.0,2526.41,842.14
C012175,4,15.0,2526.36,631.59
C008255,8,20.0,2525.79,315.72
C001459,7,17.0,2525.65,360.81
C012230,6,21.0,2525.56,420.93
C014957,4,13.0,2525.34,631.34
C019632,6,20.0,2525.22,420.87
C000448,4,12.0,2525.13,631.28
C007849,6,15.0,2524.57,420.76
C004720,2,9.0,2524.54,1262.27
C007445,6,14.0,2524.38,420.73
C018346,6,14.0,2524.36,420.73
C014915,6,20.0,2524.26,420.71
C009566,8,16.0,2523.78,315.47
C005490,4,13.0,2523.55,630.89
C006408,3,16.0,2523.48,841.16
C015071,5,20.0,2523.3,504.66
C003564,4,16.0,2522.95,630.74
C009595,4,20.0,2522.81,630.7
C018124,4,11.0,2522.61,630.65
C007685,2,8.0,2522.6,1261.3
C014523,4,12.0,2522.24,630.56
C016280,4,15.0,2522.22,630.55
C004901,4,13.0,2522.22,630.55
C007093,3,12.0,2522.03,840.68
C019552,7,22.0,2521.79,360.26
C006306,5,16.0,2521.59,504.32
C011853,2,13.0,2521.36,1260.68
C016675,4,13.0,2521.18,630.29
C016471,6,17.0,2521.12,420.19
C002467,5,18.0,2521.07,504.21
C013908,5,13.0,2520.75,504.15
C019765,5,15.0,2520.48,504.1
C003547,2,11.0,2520.25,1260.13
C010027,7,18.0,2520.08,360.01
C006866,4,11.0,2519.69,629.92
C017156,7,16.0,2519.59,359.94
C014858,3,12.0,2519.59,839.86
C005514,4,14.0,2519.54,629.89
C011021,3,14.0,2519.44,839.81
C013404,6,19.0,2519.29,419.88
C008729,6,14.0,2518.93,419.82
C013939,5,14.0,2518.92,503.78
C005550,2,9.0,2518.66,1259.33
C003632,5,16.0,2518.25,503.65
C004467,5,19.0,2517.97,503.59
C015806,4,15.0,2517.57,629.39
C007166,7,17.0,2516.97,359.57
C018098,4,11.0,2516.83,629.21
C017092,6,16.0,2516.58,419.43
C019843,5,15.0,2516.39,503.28
C003916,3,16.0,2516.37,838.79
C001653,6,20.0,2516.16,419.36
C006126,4,17.0,2516.13,629.03
C006696,5,12.0,2515.98,503.2
C014714,7,25.0,2515.76,359.39
C017067,6,16.0,2515.6,419.27
C017139,4,13.0,2515.36,628.84
C014681,9,23.0,2515.27,279.47
C010838,5,16.0,2515.16,503.03
C013317,6,14.0,2514.6,419.1
C003848,5,13.0,2514.54,502.91
C015688,6,17.0,2513.86,418.98
C001315,5,19.0,2513.55,502.71
C007020,6,13.0,2513.16,418.86
C017435,5,14.0,2512.91,502.58
C006971,4,13.0,2512.71,628.18
C007239,4,12.0,2512.59,628.15
C001931,4,15.0,2512.41,628.1
C001786,6,17.0,2512.37,418.73
C008143,6,23.0,2512.35,418.73
C010105,7,18.0,2512.06,358.87
C007352,4,7.0,2512.01,628.0
C006517,5,10.0,2511.9,502.38
C012578,3,10.0,2511.59,837.2
C003606,6,15.0,2511.37,418.56
C017109,5,11.0,2511.29,502.26
C007501,4,15.0,2511.16,627.79
C019182,3,16.0,2511.02,837.01
C013827,5,13.0,2510.99,502.2
C012028,5,12.0,2510.52,502.1
C006614,2,9.0,2510.4,1255.2
C019533,2,11.0,2510.35,1255.18
C011619,4,14.0,2510.33,627.58
C006687,3,10.0,2510.27,836.76
C002490,5,14.0,2510.26,502.05
C009475,7,19.0,2509.9,358.56
C008217,7,20.0,2509.86,358.55
C018712,5,13.0,2509.85,501.97
C004763,5,15.0,2509.67,501.93
C011950,5,13.0,2509.63,501.93
C012730,4,15.0,2509.29,627.32
C001441,3,13.0,2509.18,836.39
C017927,6,16.0,2509.0,418.17
C005007,4,16.0,2508.75,627.19
C016426,4,11.0,2508.42,627.11
C001913,7,21.0,2507.89,358.27
C014555,5,15.0,2507.81,501.56
C010702,5,21.0,2507.71,501.54
C000763,6,14.0,2507.49,417.92
C017155,5,12.0,2507.33,501.47
C010335,5,12.0,2507.0,501.4
C014594,6,20.0,2506.79,417.8
C010313,5,19.0,2506.74,501.35
C002082,7,17.0,2506.68,358.1
C007514,4,16.0,2506.51,626.63
C018457,5,14.0,2506.51,501.3
C001888,5,17.0,2506.12,501.22
C016309,5,14.0,2505.7,501.14
C000308,6,12.0,2504.99,417.5
C014003,5,14.0,2504.98,501.0
C013870,5,12.0,2503.62,500.72
C015823,4,16.0,2503.42,625.86
C008665,5,10.0,2502.92,500.58
C001427,4,17.0,2502.79,625.7
C003458,4,13.0,2502.74,625.68
C013871,4,10.0,2502.71,625.68
C014960,2,9.0,2502.52,1251.26
C018349,4,14.0,2502.52,625.63
C005655,5,14.0,2502.46,500.49
C017458,4,17.0,2501.89,625.47
C013116,5,13.0,2501.84,500.37
C012071,4,14.0,2501.75,625.44
C017430,5,14.0,2501.47,500.29
C002249,4,18.0,2501.09,625.27
C015533,4,14.0,2500.83,625.21
C007746,6,13.0,2500.44,416.74
C019344,5,13.0,2500.33,500.07
C002329,6,16.0,2499.94,416.66
C001892,4,15.0,2499.86,624.97
C019660,4,11.0,2499.69,624.92
C010229,3,15.0,2499.55,833.18
C019734,4,12.0,2499.54,624.89
C008421,7,26.0,2499.27,357.04
C001602,5,15.0,2499.21,499.84
C006777,5,21.0,2498.05,499.61
C000298,7,11.0,2497.73,356.82
C015753,5,13.0,2497.1,499.42
C008622,5,15.0,2496.88,499.38
C015506,4,18.0,2495.98,624.0
C006100,4,18.0,2495.91,623.98
C015074,6,14.0,2495.86,415.98
C018218,3,10.0,2495.84,831.95
C015637,3,11.0,2495.77,831.92
C017342,5,19.0,2495.01,499.0
C018224,7,14.0,2494.83,356.4
C012570,6,16.0,2494.65,415.78
C002731,4,10.0,2494.62,623.66
C009402,5,15.0,2494.53,498.91
C003768,3,12.0,2494.48,831.49
C000977,5,14.0,2494.37,498.87
C017329,5,16.0,2494.34,498.87
C012364,5,20.0,2494.32,498.86
C012053,5,18.0,2494.24,498.85
C009808,5,11.0,2493.96,498.79
C015840,2,12.0,2493.74,1246.87
C019378,6,16.0,2493.52,415.59
C015104,4,10.0,2493.22,623.3
C013446,4,9.0,2492.99,623.25
C018173,3,11.0,2492.88,830.96
C019398,6,19.0,2492.8,415.47
C017161,5,14.0,2492.55,498.51
C010543,4,12.0,2492.45,623.11
C014550,6,14.0,2492.2,415.37
C006755,8,21.0,2492.12,311.52
C006923,7,15.0,2491.84,355.98
C000458,7,21.0,2491.61,355.94
C019059,5,10.0,2491.37,498.27
C014355,4,18.0,2490.79,622.7
C017726,6,23.0,2490.66,415.11
C013840,6,16.0,2490.3,415.05
C000442,7,20.0,2490.03,355.72
C003179,6,15.0,2489.93,414.99
C007516,4,9.0,2489.77,622.44
C019721,5,18.0,2489.62,497.92
C007821,6,14.0,2489.26,414.88
C006859,3,12.0,2489.02,829.67
C003669,5,17.0,2488.98,497.8
C006482,3,11.0,2488.85,829.62
C015558,5,13.0,2488.82,497.76
C001038,5,14.0,2488.35,497.67
C004713,7,22.0,2488.35,355.48
C008609,3,12.0,2488.05,829.35
C001157,9,22.0,2487.78,276.42
C016528,6,23.0,2487.77,414.63
C004563,7,14.0,2487.67,355.38
C004122,5,10.0,2487.66,497.53
C019557,5,15.0,2487.63,497.53
C013547,4,16.0,2487.2,621.8
C011641,5,16.0,2486.9,497.38
C011626,5,12.0,2486.64,497.33
C006160,4,16.0,2486.17,621.54
C017274,3,12.0,2485.97,828.66
C004423,5,15.0,2485.4,497.08
C013756,2,7.0,2485.06,1242.53
C010048,3,15.0,2484.78,828.26
C016627,3,12.0,2484.65,828.22
C017096,5,17.0,2484.65,496.93
C017320,4,16.0,2484.49,621.12
C014891,4,14.0,2484.12,621.03
C018697,5,16.0,2483.92,496.78
C000861,4,16.0,2483.63,620.91
C002435,6,16.0,2483.39,413.9
C016717,3,10.0,2482.85,827.62
C007300,4,15.0,2482.47,620.62
C011485,2,10.0,2482.23,1241.12
C002044,3,15.0,2481.49,827.16
C001028,4,11.0,2481.46,620.37
C000936,6,13.0,2481.46,413.58
C013194,5,21.0,2481.45,496.29
C008572,6,15.0,2481.41,413.57
C007812,4,9.0,2481.4,620.35
C007556,3,11.0,2480.58,826.86
C017796,5,13.0,2480.5,496.1
C007325,5,15.0,2479.94,495.99
C011841,4,14.0,2479.88,619.97
C013092,6,20.0,2479.87,413.31
C005025,6,16.0,2479.8,413.3
C014454,4,11.0,2479.78,619.95
C017610,6,20.0,2479.56,413.26
C005901,5,16.0,2479.31,495.86
C000694,3,10.0,2479.12,826.37
C004398,5,15.0,2478.56,495.71
C018418,5,17.0,2477.94,495.59
C002886,4,13.0,2477.91,619.48
C010111,6,10.0,2477.88,412.98
C015864,5,20.0,2477.82,495.56
C008141,4,16.0,2476.77,619.19
C001509,4,17.0,2476.66,619.17
C005777,6,15.0,2476.63,412.77
C000472,5,18.0,2476.59,495.32
C002042,3,13.0,2476.45,825.48
C003900,4,26.0,2475.88,618.97
C018573,5,13.0,2475.69,495.14
C006506,6,18.0,2475.59,412.6
C012151,5,13.0,2475.56,495.11
C004960,4,13.0,2475.52,618.88
C001744,5,17.0,2475.49,495.1
C001860,5,12.0,2475.31,495.06
C006778,6,16.0,2474.8,412.47
C011643,3,18.0,2474.61,824.87
C016338,4,14.0,2474.57,618.64
C017484,3,17.0,2474.5,824.83
C015752,5,15.0,2474.08,494.82
C003049,4,16.0,2474.07,618.52
C012453,5,10.0,2473.62,494.72
C007367,5,16.0,2473.6,494.72
C013937,4,13.0,2473.46,618.37
C005339,5,13.0,2473.35,494.67
C013314,5,13.0,2473.31,494.66
C007225,7,17.0,2473.22,353.32
C012812,4,10.0,2473.02,618.26
C018972,6,12.0,2472.8,412.13
C007926,3,8.0,2472.8,824.27
C001369,4,14.0,2472.6,618.15
C011090,7,19.0,2471.89,353.13
C018442,3,10.0,2471.69,823.9
C009357,3,15.0,2471.12,823.71
C005247,4,15.0,2471.08,617.77
C008766,4,12.0,2470.87,617.72
C004370,6,16.0,2470.73,411.79
C000061,2,12.0,2470.67,1235.34
C003767,5,16.0,2470.5,494.1
C008921,5,18.0,2470.47,494.09
C012385,4,13.0,2470.0,617.5
C007737,3,11.0,2469.63,823.21
C010123,4,16.0,2469.62,617.41
C001608,5,13.0,2469.51,493.9
C012709,5,15.0,2469.5,493.9
C006321,5,14.0,2468.84,493.77
C018299,5,20.0,2468.79,493.76
C014706,4,13.0,2468.73,617.18
C012698,3,13.0,2468.61,822.87
C014200,5,17.0,2468.54,493.71
C011937,6,15.0,2468.54,411.42
C010717,7,16.0,2468.25,352.61
C011882,5,16.0,2467.8,493.56
C005200,6,18.0,2467.71,411.29
C019121,4,12.0,2467.31,616.83
C002319,6,18.0,2467.1,411.18
C012821,3,13.0,2466.92,822.31
C016660,5,16.0,2466.61,493.32
C018589,5,20.0,2466.41,493.28
C015713,9,21.0,2466.26,274.03
C000236,5,14.0,2466.16,493.23
C000487,7,16.0,2465.81,352.26
C018584,6,19.0,2465.73,410.96
C015281,5,17.0,2465.59,493.12
C011823,4,16.0,2465.51,616.38
C005742,3,11.0,2465.26,821.75
C005493,4,11.0,2464.99,616.25
C002996,5,17.0,2464.89,492.98
C002815,7,19.0,2464.83,352.12
C018475,6,17.0,2464.65,410.78
C001988,5,12.0,2464.62,492.92
C017715,3,12.0,2464.6,821.53
C008656,2,7.0,2463.63,1231.82
C013760,3,13.0,2463.45,821.15
C003593,3,9.0,2463.21,821.07
C009298,4,14.0,2462.96,615.74
C018999,3,12.0,2462.77,820.92
C000943,4,11.0,2462.56,615.64
C003968,5,17.0,2462.18,492.44
C019225,4,14.0,2462.15,615.54
C005280,3,12.0,2462.01,820.67
C000401,6,15.0,2461.38,410.23
C002055,3,10.0,2461.14,820.38
C018776,4,13.0,2460.92,615.23
C010065,7,19.0,2460.68,351.53
C008719,5,13.0,2460.68,492.14
C002371,3,8.0,2460.54,820.18
C014430,2,11.0,2460.1,1230.05
C017780,6,14.0,2459.95,409.99
C017781,5,15.0,2459.74,491.95
C017651,3,9.0,2459.72,819.91
C015621,4,13.0,2459.52,614.88
C004163,2,13.0,2459.35,1229.68
C015102,3,11.0,2459.07,819.69
C003663,5,14.0,2458.65,491.73
C003200,4,15.0,2458.65,614.66
C019071,3,8.0,2458.36,819.45
C000996,6,15.0,2458.32,409.72
C001882,4,9.0,2457.91,614.48
C007670,4,12.0,2457.78,614.45
C001122,4,12.0,2457.45,614.36
C019795,4,10.0,2457.01,614.25
C019966,5,13.0,2456.66,491.33
C004375,5,14.0,2456.57,491.31
C014765,6,17.0,2456.28,409.38
C013347,3,11.0,2455.82,818.61
C016285,4,10.0,2455.76,613.94
C010583,3,17.0,2455.47,818.49
C010517,5,22.0,2455.17,491.03
C000464,2,11.0,2455.13,1227.57
C006887,4,13.0,2455.09,613.77
C013394,4,15.0,2455.06,613.77
C000549,6,15.0,2454.74,409.12
C019864,3,13.0,2454.49,818.16
C005853,6,21.0,2453.88,408.98
C011243,6,12.0,2453.84,408.97
C009478,3,14.0,2453.72,817.91
C006957,4,12.0,2453.71,613.43
C013234,4,12.0,2453.69,613.42
C019430,4,13.0,2453.67,613.42
C011888,5,16.0,2453.4,490.68
C011675,3,11.0,2453.35,817.78
C004021,5,19.0,2452.69,490.54
C003114,5,13.0,2452.43,490.49
C018258,6,14.0,2452.43,408.74
C005665,3,12.0,2452.29,817.43
C016142,6,16.0,2452.26,408.71
C004853,4,12.0,2452.21,613.05
C005119,6,12.0,2451.91,408.65
C014030,2,10.0,2451.8,1225.9
C003636,3,10.0,2451.77,817.26
C001213,5,16.0,2451.75,490.35
C013309,3,11.0,2451.65,817.22
C010879,8,19.0,2451.34,306.42
C013091,5,18.0,2451.23,490.25
C010046,4,11.0,2450.92,612.73
C015702,5,10.0,2450.5,490.1
C015070,3,8.0,2450.39,816.8
C015297,6,18.0,2450.26,408.38
C014944,3,12.0,2450.15,816.72
C003539,6,18.0,2450.06,408.34
C006792,8,17.0,2449.91,306.24
C003345,3,10.0,2449.89,816.63
C019269,5,19.0,2449.8,489.96
C007784,3,12.0,2449.15,816.38
C006284,5,17.0,2449.11,489.82
C016558,4,12.0,2448.9,612.23
C012879,3,12.0,2448.59,816.2
C012630,4,13.0,2448.58,612.15
C007307,4,12.0,2448.34,612.09
C019116,6,14.0,2448.24,408.04
C016695,5,16.0,2448.03,489.61
C009565,4,14.0,2447.26,611.82
C016192,6,24.0,2447.06,407.84
C016555,7,19.0,2446.41,349.49
C006415,7,23.0,2446.26,349.47
C002417,7,16.0,2446.08,349.44
C001554,6,16.0,2446.06,407.68
C017389,4,17.0,2446.02,611.51
C010958,4,13.0,2445.6,611.4
C001005,3,11.0,2445.55,815.18
C019217,6,25.0,2444.09,407.35
C007269,6,24.0,2443.98,407.33
C017502,4,12.0,2443.74,610.93
C004316,6,18.0,2443.49,407.25
C000543,5,15.0,2443.32,488.66
C007298,4,11.0,2443.27,610.82
C016775,4,13.0,2443.19,610.8
C008977,4,19.0,2443.05,610.76
C019266,7,19.0,2442.54,348.93
C013734,4,12.0,2442.43,610.61
C001070,4,10.0,2442.19,610.55
C011320,3,13.0,2441.91,813.97
C011722,6,24.0,2441.83,406.97
C001750,8,22.0,2441.32,305.17
C004349,4,12.0,2441.28,610.32
C006694,4,11.0,2441.14,610.29
C002019,4,15.0,2440.8,610.2
C012056,5,14.0,2440.67,488.13
C009344,4,16.0,2440.31,610.08
C019760,7,13.0,2440.18,348.6
C013513,5,16.0,2440.09,488.02
C012714,4,12.0,2439.63,609.91
C013458,3,13.0,2439.62,813.21
C006081,6,20.0,2439.54,406.59
C004619,6,14.0,2439.5,406.58
C019517,4,10.0,2439.27,609.82
C008339,6,16.0,2439.02,406.5
C017086,4,12.0,2438.93,609.73
C010752,6,14.0,2438.89,406.48
C000272,3,13.0,2438.3,812.77
C009381,4,13.0,2438.29,609.57
C016839,5,13.0,2438.07,487.61
C001358,4,11.0,2437.95,609.49
C015048,5,11.0,2437.57,487.51
C002182,4,10.0,2437.46,609.37
C004669,4,13.0,2437.37,609.34
C017527,4,16.0,2437.13,609.28
C016779,8,15.0,2437.12,304.64
C005046,4,16.0,2437.08,609.27
C004159,4,14.0,2436.65,609.16
C015422,4,11.0,2436.53,609.13
C015521,6,22.0,2436.42,406.07
C009479,6,18.0,2436.24,406.04
C004971,4,10.0,2436.17,609.04
C003685,5,10.0,2436.02,487.2
C014574,4,13.0,2435.71,608.93
C004556,3,8.0,2435.35,811.78
C006086,3,9.0,2435.07,811.69
C005330,3,13.0,2435.03,811.68
C009404,6,13.0,2435.03,405.84
C008931,4,10.0,2434.74,608.68
C012583,5,15.0,2434.59,486.92
C003934,4,15.0,2434.42,608.61
C006900,7,17.0,2434.11,347.73
C006574,3,16.0,2434.07,811.36
C005189,4,9.0,2433.99,608.5
C006884,4,13.0,2433.81,608.45
C008840,5,18.0,2433.68,486.74
C005216,7,13.0,2433.61,347.66
C007778,5,12.0,2433.38,486.68
C010424,4,16.0,2433.32,608.33
C006368,6,19.0,2432.54,405.42
C004919,6,18.0,2432.24,405.37
C011617,6,17.0,2432.03,405.34
C008712,3,11.0,2431.89,810.63
C009534,6,11.0,2431.46,405.24
C018629,4,12.0,2431.44,607.86
C017549,4,14.0,2431.24,607.81
C006256,4,9.0,2431.18,607.79
C004494,3,13.0,2431.17,810.39
C004815,4,12.0,2431.02,607.76
C003664,4,10.0,2430.89,607.72
C001896,4,12.0,2430.08,607.52
C012903,2,8.0,2430.02,1215.01
C019243,6,13.0,2430.01,405.0
C019729,4,15.0,2429.94,607.49
C014318,5,14.0,2429.69,485.94
C011873,2,9.0,2429.68,1214.84
C010688,4,18.0,2429.67,607.42
C007943,3,11.0,2429.5,809.83
C019276,4,18.0,2429.04,607.26
C013362,2,8.0,2429.04,1214.52
C012269,4,11.0,2428.75,607.19
C002031,6,13.0,2428.47,404.74
C019667,4,12.0,2428.13,607.03
C014373,5,15.0,2427.82,485.56
C013515,3,16.0,2427.61,809.2
C000121,4,16.0,2427.53,606.88
C019228,4,12.0,2427.51,606.88
C002201,4,9.0,2427.49,606.87
C002152,4,16.0,2427.22,606.8
C005498,6,13.0,2427.19,404.53
C018922,4,14.0,2426.85,606.71
C016632,5,16.0,2426.83,485.37
C009746,3,10.0,2426.57,808.86
C009281,5,17.0,2426.52,485.3
C003128,4,18.0,2426.3,606.58
C000457,3,12.0,2425.88,808.63
C005152,5,15.0,2425.59,485.12
C018576,6,15.0,2425.23,404.21
C018574,5,12.0,2424.97,484.99
C019953,4,13.0,2424.96,606.24
C018072,5,14.0,2424.94,484.99
C005123,3,13.0,2424.63,808.21
C004695,5,16.0,2424.34,484.87
C012355,4,15.0,2424.06,606.02
C007773,3,8.0,2423.83,807.94
C001603,3,9.0,2423.49,807.83
C006336,4,12.0,2423.3,605.83
C006008,4,9.0,2423.18,605.79
C012679,6,13.0,2423.01,403.84
C003735,5,12.0,2422.89,484.58
C002059,6,12.0,2422.81,403.8
C002975,5,17.0,2422.79,484.56
C010376,6,12.0,2422.38,403.73
C006476,6,15.0,2422.34,403.72
C007905,5,13.0,2422.0,484.4
C006242,4,9.0,2421.96,605.49
C001622,3,13.0,2421.65,807.22
C011602,4,18.0,2421.59,605.4
C009070,3,10.0,2421.31,807.1
C017574,4,19.0,2420.99,605.25
C004526,2,10.0,2420.69,1210.35
C008557,4,14.0,2420.68,605.17
C002259,6,16.0,2420.45,403.41
C001435,7,18.0,2420.17,345.74
C004546,3,14.0,2420.08,806.69
C006266,3,14.0,2419.9,806.63
C001364,6,13.0,2419.85,403.31
C018308,5,7.0,2419.61,483.92
C018274,5,13.0,2419.14,483.83
C010709,3,10.0,2419.1,806.37
C012380,5,17.0,2418.93,483.79
C004195,8,16.0,2418.8,302.35
C007703,6,15.0,2418.42,403.07
C001660,4,15.0,2418.07,604.52
C013336,4,15.0,2418.0,604.5
C006784,7,18.0,2417.81,345.4
C002083,4,14.0,2417.76,604.44
C008591,4,13.0,2417.58,604.4
C001763,6,16.0,2417.53,402.92
C003085,4,13.0,2417.41,604.35
C009048,3,16.0,2417.4,805.8
C012972,2,10.0,2417.1,1208.55
C005762,5,15.0,2416.84,483.37
C015436,5,15.0,2416.74,483.35
C019397,3,12.0,2416.57,805.52
C005508,1,8.0,2416.47,2416.47
C002564,6,16.0,2416.39,402.73
C009901,3,14.0,2416.25,805.42
C005640,5,11.0,2416.06,483.21
C014333,6,16.0,2415.88,402.65
C018388,3,16.0,2415.79,805.26
C008263,5,14.0,2415.67,483.13
C004137,6,22.0,2415.18,402.53
C016080,6,19.0,2415.04,402.51
C001433,3,15.0,2414.6,804.87
C008070,6,19.0,2414.54,402.42
C019731,6,18.0,2414.51,402.42
C006367,2,12.0,2414.32,1207.16
C001400,7,16.0,2413.39,344.77
C015887,4,10.0,2413.15,603.29
C002253,6,23.0,2413.07,402.18
C002148,4,13.0,2412.88,603.22
C012087,6,15.0,2412.63,402.11
C015471,5,16.0,2412.6,482.52
C016399,3,11.0,2412.58,804.19
C007606,3,12.0,2412.38,804.13
C007555,5,13.0,2412.27,482.45
C002266,4,15.0,2412.23,603.06
C012066,5,17.0,2411.49,482.3
C018542,3,19.0,2411.46,803.82
C004648,5,18.0,2411.2,482.24
C002188,5,17.0,2411.1,482.22
C010068,4,12.0,2411.08,602.77
C008176,5,24.0,2410.67,482.13
C004696,3,13.0,2410.54,803.51
C007858,4,11.0,2410.3,602.58
C009579,5,15.0,2409.62,481.92
C019434,3,12.0,2409.44,803.15
C005225,4,13.0,2409.17,602.29
C011813,5,13.0,2409.15,481.83
C014103,5,16.0,2409.13,481.83
C016355,4,10.0,2408.55,602.14
C012306,7,25.0,2408.31,344.04
C014848,3,13.0,2408.24,802.75
C009676,3,12.0,2407.67,802.56
C005952,5,14.0,2407.51,481.5
C004927,4,14.0,2407.5,601.88
C010937,4,14.0,2407.43,601.86
C000027,4,11.0,2407.4,601.85
C010798,5,17.0,2407.39,481.48
C003446,4,15.0,2407.27,601.82
C010445,5,11.0,2407.21,481.44
C015347,4,13.0,2407.18,601.79
C013529,5,10.0,2406.88,481.38
C003145,3,12.0,2406.73,802.24
C014537,6,16.0,2406.16,401.03
C019237,4,10.0,2405.96,601.49
C003416,3,14.0,2405.75,801.92
C019782,3,14.0,2405.75,801.92
C012597,4,11.0,2405.56,601.39
C006807,4,14.0,2405.47,601.37
C017153,5,10.0,2404.88,480.98
C016618,2,10.0,2404.87,1202.44
C002077,6,14.0,2404.67,400.78
C012272,6,12.0,2404.61,400.77
C006456,6,14.0,2404.37,400.73
C006142,2,11.0,2404.29,1202.15
C015767,4,11.0,2404.19,601.05
C019049,6,13.0,2404.06,400.68
C005890,4,12.0,2404.02,601.01
C008816,5,12.0,2403.96,480.79
C018230,5,12.0,2403.73,480.75
C016923,4,9.0,2403.33,600.83
C015625,2,10.0,2403.26,1201.63
C014976,3,12.0,2402.78,800.93
C003447,4,26.0,2402.78,600.7
C015019,5,14.0,2402.65,480.53
C000645,5,13.0,2402.52,480.5
C008311,3,10.0,2402.24,800.75
C014239,5,14.0,2402.08,480.42
C018512,3,12.0,2401.89,800.63
C004829,5,13.0,2401.66,480.33
C011620,4,18.0,2401.61,600.4
C001610,5,12.0,2401.54,480.31
C007290,4,11.0,2401.49,600.37
C001437,6,15.0,2401.33,400.22
C007144,5,10.0,2401.08,480.22
C017730,3,8.0,2400.87,800.29
C019361,4,13.0,2400.83,600.21
C019085,2,9.0,2399.9,1199.95
C002264,5,19.0,2399.77,479.95
C013024,3,10.0,2399.7,799.9
C011771,7,19.0,2399.63,342.8
C007997,6,14.0,2399.54,399.92
C019475,7,17.0,2399.49,342.78
C006569,4,17.0,2399.45,599.86
C011459,6,17.0,2399.28,399.88
C011306,4,15.0,2399.2,599.8
C003113,3,11.0,2399.06,799.69
C004442,4,13.0,2398.78,599.7
C019328,5,14.0,2398.66,479.73
C001785,5,12.0,2398.34,479.67
C015559,4,11.0,2398.17,599.54
C019597,8,16.0,2397.79,299.72
C015899,5,15.0,2397.72,479.54
C017602,4,12.0,2397.35,599.34
C015413,3,14.0,2397.33,799.11
C011535,6,17.0,2397.32,399.55
C005864,4,11.0,2397.09,599.27
C007421,7,12.0,2396.53,342.36
C018105,4,12.0,2396.22,599.05
C010911,6,18.0,2396.12,399.35
C006857,3,15.0,2396.06,798.69
C000300,3,12.0,2395.97,798.66
C002062,6,11.0,2395.7,399.28
C005060,4,12.0,2395.69,598.92
C004029,5,13.0,2395.39,479.08
C016051,5,11.0,2395.17,479.03
C007477,4,8.0,2395.01,598.75
C000112,4,18.0,2394.72,598.68
C011770,6,14.0,2394.62,399.1
C015553,3,14.0,2394.42,798.14
C019019,5,12.0,2394.33,478.87
C019707,5,18.0,2394.22,478.84
C015645,5,14.0,2394.07,478.81
C014260,3,9.0,2394.06,798.02
C009609,6,14.0,2393.87,398.98
C003214,4,12.0,2393.62,598.41
C012624,6,15.0,2393.21,398.87
C014272,4,10.0,2392.92,598.23
C019683,2,8.0,2392.86,1196.43
C013443,3,10.0,2392.79,797.6
C004754,3,12.0,2392.76,797.59
C012843,4,25.0,2392.22,598.05
C002779,5,14.0,2391.85,478.37
C018285,3,12.0,2391.72,797.24
C005920,6,25.0,2391.29,398.55
C011246,4,8.0,2391.24,597.81
C015969,6,13.0,2391.19,398.53
C014467,4,16.0,2391.18,597.79
C016596,4,16.0,2390.89,597.72
C002216,3,10.0,2390.87,796.96
C009260,4,14.0,2390.84,597.71
C002907,4,14.0,2390.63,597.66
C013863,4,15.0,2390.58,597.65
C005366,4,12.0,2390.46,597.62
C003818,4,11.0,2390.31,597.58
C013148,6,21.0,2389.87,398.31
C018534,4,17.0,2389.84,597.46
C012122,4,10.0,2389.65,597.41
C005827,5,14.0,2389.46,477.89
C013713,5,12.0,2389.3,477.86
C015963,3,11.0,2389.24,796.41
C016905,4,12.0,2388.83,597.21
C002502,4,14.0,2388.75,597.19
C001895,5,12.0,2388.67,477.73
C012065,5,15.0,2388.13,477.63
C003496,5,18.0,2388.11,477.62
C009200,4,12.0,2387.72,596.93
C017692,6,11.0,2387.54,397.92
C018822,6,19.0,2387.05,397.84
C019070,6,18.0,2387.03,397.84
C001108,6,15.0,2386.68,397.78
C002751,5,12.0,2386.6,477.32
C001317,6,21.0,2386.09,397.68
C008898,3,11.0,2386.02,795.34
C014184,6,20.0,2385.8,397.63
C018867,3,12.0,2385.46,795.15
C004362,6,19.0,2385.32,397.55
C003797,10,19.0,2385.26,238.53
C002833,6,18.0,2385.07,397.51
C016568,5,12.0,2384.99,477.0
C010202,8,14.0,2384.82,298.1
C011319,5,13.0,2384.77,476.95
C013821,5,10.0,2384.4,476.88
C012333,4,11.0,2384.32,596.08
C014668,5,18.0,2384.23,476.85
C012676,4,15.0,2384.15,596.04
C006926,3,14.0,2384.11,794.7
C017974,4,13.0,2384.07,596.02
C013131,4,14.0,2384.04,596.01
C001217,4,11.0,2383.82,595.96
C006484,5,13.0,2383.62,476.72
C007336,4,11.0,2383.59,595.9
C010126,5,15.0,2383.21,476.64
C003518,4,8.0,2382.07,595.52
C015778,4,13.0,2381.89,595.47
C001339,6,21.0,2381.79,396.97
C001169,7,15.0,2381.73,340.25
C010054,5,20.0,2381.48,476.3
C008968,4,12.0,2381.37,595.34
C006520,2,10.0,2381.1,1190.55
C012215,6,14.0,2380.82,396.8
C010809,5,14.0,2380.79,476.16
C019829,3,10.0,2380.73,793.58
C004940,4,10.0,2380.29,595.07
C007962,4,11.0,2380.21,595.05
C002109,3,11.0,2379.74,793.25
C009204,3,10.0,2379.73,793.24
C012173,4,14.0,2378.98,594.75
C018357,3,14.0,2378.91,792.97
C007274,4,13.0,2378.43,594.61
C006893,3,20.0,2378.41,792.8
C003325,5,18.0,2378.26,475.65
C003199,3,9.0,2377.43,792.48
C001559,6,18.0,2377.42,396.24
C011680,4,15.0,2377.4,594.35
C010432,4,13.0,2377.2,594.3
C010227,6,12.0,2376.9,396.15
C003575,3,12.0,2376.57,792.19
C010161,3,9.0,2376.45,792.15
C015185,4,17.0,2375.84,593.96
C013459,4,12.0,2375.65,593.91
C009814,5,12.0,2375.55,475.11
C015820,5,18.0,2374.97,474.99
C005047,7,15.0,2374.55,339.22
C018344,4,12.0,2374.23,593.56
C005795,5,15.0,2373.72,474.74
C011596,4,18.0,2373.6,593.4
C012387,4,11.0,2373.35,593.34
C012466,4,9.0,2373.35,593.34
C012712,5,18.0,2373.28,474.66
C013484,6,15.0,2373.22,395.54
C008545,6,17.0,2373.14,395.52
C010032,5,14.0,2373.01,474.6
C000931,6,15.0,2372.95,395.49
C001711,5,14.0,2372.84,474.57
C011122,5,18.0,2371.95,474.39
C001638,3,16.0,2371.75,790.58
C016124,6,18.0,2371.74,395.29
C003071,7,21.0,2371.36,338.77
C010855,5,11.0,2371.12,474.22
C003743,3,12.0,2371.08,790.36
C004508,2,10.0,2370.93,1185.46
C017740,2,8.0,2370.91,1185.46
C018259,2,10.0,2370.69,1185.35
C014210,5,18.0,2370.23,474.05
C014781,3,11.0,2369.46,789.82
C006329,4,15.0,2369.37,592.34
C016428,4,10.0,2369.26,592.32
C005364,4,24.0,2369.14,592.29
C007458,4,13.0,2369.13,592.28
C008657,5,21.0,2369.06,473.81
C015184,5,9.0,2368.82,473.76
C011701,5,12.0,2368.66,473.73
C013127,4,14.0,2368.37,592.09
C002035,3,11.0,2368.23,789.41
C009699,5,14.0,2367.99,473.6
C002231,7,17.0,2367.96,338.28
C001316,4,12.0,2367.88,591.97
C011501,5,14.0,2367.4,473.48
C014332,4,12.0,2366.77,591.69
C016666,4,15.0,2366.49,591.62
C006812,4,15.0,2366.28,591.57
C018239,3,9.0,2366.2,788.73
C011177,3,13.0,2365.5,788.5
C006609,6,13.0,2365.39,394.23
C012518,5,12.0,2365.04,473.01
C009295,4,15.0,2364.92,591.23
C019036,5,15.0,2364.91,472.98
C013457,4,12.0,2364.71,591.18
C001770,6,14.0,2364.37,394.06
C000288,6,23.0,2364.34,394.06
C018731,6,16.0,2364.25,394.04
C015259,4,12.0,2364.06,591.02
C014811,2,11.0,2363.94,1181.97
C013667,5,11.0,2363.79,472.76
C014827,5,18.0,2363.72,472.74
C019033,8,13.0,2363.63,295.45
C004167,5,14.0,2363.5,472.7
C017969,3,11.0,2363.39,787.8
C000613,4,13.0,2363.24,590.81
C015385,2,9.0,2362.98,1181.49
C015653,3,13.0,2362.37,787.46
C009403,5,14.0,2362.27,472.45
C013432,4,11.0,2362.23,590.56
C000757,5,15.0,2362.23,472.45
C013699,3,13.0,2362.2,787.4
C006132,6,17.0,2362.03,393.67
C008890,6,13.0,2362.0,393.67
C004893,5,13.0,2361.87,472.37
C018821,3,17.0,2361.82,787.27
C014356,4,18.0,2361.61,590.4
C000210,5,15.0,2361.53,472.31
C003368,6,15.0,2361.5,393.58
C017194,3,16.0,2361.35,787.12
C003849,5,11.0,2361.31,472.26
C014471,7,23.0,2361.14,337.31
C000544,3,16.0,2360.56,786.85
C019132,6,13.0,2360.55,393.43
C002258,6,12.0,2360.52,393.42
C009022,2,10.0,2360.39,1180.2
C009522,6,17.0,2360.24,393.37
C007548,6,17.0,2360.2,393.37
C012120,3,9.0,2359.9,786.63
C017536,3,10.0,2359.72,786.57
C008278,5,20.0,2359.35,471.87
C001048,6,14.0,2359.29,393.22
C019670,2,8.0,2359.16,1179.58
C006782,3,14.0,2358.7,786.23
C013423,5,9.0,2358.34,471.67
C009956,3,11.0,2358.18,786.06
C017501,4,15.0,2358.06,589.52
C004792,5,17.0,2357.84,471.57
C019246,6,19.0,2357.5,392.92
C018572,4,13.0,2357.08,589.27
C016158,5,15.0,2357.04,471.41
C015365,6,16.0,2356.52,392.75
C018456,4,15.0,2356.51,589.13
C010581,6,15.0,2356.43,392.74
C010644,2,10.0,2356.22,1178.11
C009682,6,12.0,2355.77,392.63
C012314,3,9.0,2355.47,785.16
C010771,4,11.0,2355.23,588.81
C005785,4,10.0,2355.18,588.79
C010373,5,21.0,2354.99,471.0
C002946,3,12.0,2354.92,784.97
C008633,5,10.0,2354.78,470.96
C011253,5,15.0,2354.75,470.95
C002823,5,16.0,2354.59,470.92
C004945,3,10.0,2354.29,784.76
C006141,6,14.0,2354.2,392.37
C006502,7,15.0,2353.93,336.28
C010075,6,14.0,2353.57,392.26
C001914,1,8.0,2353.5,2353.5
C019819,4,12.0,2353.24,588.31
C005414,4,11.0,2353.17,588.29
C016895,4,10.0,2352.55,588.14
C011135,4,16.0,2352.3,588.08
C013672,5,15.0,2352.26,470.45
C004176,4,12.0,2352.22,588.05
C003030,2,8.0,2351.92,1175.96
C011080,3,8.0,2351.54,783.85
C005360,3,13.0,2351.36,783.79
C019871,8,17.0,2351.34,293.92
C010683,5,10.0,2350.97,470.19
C002904,4,12.0,2350.77,587.69
C006562,5,12.0,2350.51,470.1
C006793,6,14.0,2350.46,391.74
C007793,4,12.0,2350.34,587.59
C013630,6,14.0,2350.18,391.7
C016052,7,15.0,2350.07,335.72
C012585,6,18.0,2349.88,391.65
C012892,3,12.0,2349.87,783.29
C007727,4,14.0,2349.81,587.45
C005925,4,10.0,2349.57,587.39
C012557,4,12.0,2349.52,587.38
C007751,3,10.0,2349.17,783.06
C010631,6,11.0,2349.13,391.52
C014966,3,13.0,2349.1,783.03
C008351,3,10.0,2348.85,782.95
C005849,3,13.0,2348.36,782.79
C004182,5,16.0,2347.78,469.56
C011337,2,13.0,2347.54,1173.77
C000085,5,15.0,2347.4,469.48
C000214,5,18.0,2346.4,469.28
C008056,5,14.0,2346.27,469.25
C005246,7,24.0,2346.27,335.18
C009940,5,16.0,2346.2,469.24
C012507,5,18.0,2346.18,469.24
C002233,6,15.0,2346.07,391.01
C009456,4,11.0,2345.92,586.48
C015517,4,14.0,2345.88,586.47
C012284,5,11.0,2345.65,469.13
C018371,3,15.0,2345.41,781.8
C001452,6,16.0,2345.35,390.89
C017057,7,14.0,2345.27,335.04
C007495,2,8.0,2345.15,1172.58
C017076,5,16.0,2345.02,469.0
C016244,6,15.0,2345.02,390.84
C010443,5,14.0,2344.76,468.95
C006209,7,16.0,2344.26,334.89
C017666,4,16.0,2344.23,586.06
C000257,5,13.0,2344.15,468.83
C008789,3,10.0,2344.02,781.34
C001129,7,16.0,2343.81,334.83
C006267,4,12.0,2343.81,585.95
C014417,4,13.0,2343.6,585.9
C009165,3,13.0,2343.44,781.15
C006554,4,16.0,2343.23,585.81
C017794,6,17.0,2342.24,390.37
C014739,6,16.0,2342.17,390.36
C007705,3,12.0,2342.03,780.68
C015561,8,19.0,2342.0,292.75
C011514,3,13.0,2341.94,780.65
C000094,4,12.0,2341.78,585.45
C009021,3,10.0,2341.1,780.37
C002631,4,13.0,2341.09,585.27
C011391,6,14.0,2341.02,390.17
C014967,6,18.0,2340.88,390.15
C002370,5,18.0,2340.8,468.16
C000252,5,13.0,2340.26,468.05
C001677,4,14.0,2340.1,585.03
C015127,4,11.0,2339.57,584.89
C007864,4,10.0,2339.49,584.87
C007927,5,10.0,2339.15,467.83
C013778,2,7.0,2338.82,1169.41
C003651,8,19.0,2338.82,292.35
C004448,4,11.0,2338.29,584.57
C009612,3,14.0,2338.26,779.42
C006016,4,11.0,2337.96,584.49
C016020,6,15.0,2337.93,389.66
C012322,4,15.0,2337.85,584.46
C009201,6,16.0,2337.83,389.64
C002980,4,13.0,2337.83,584.46
C002001,4,9.0,2337.54,584.39
C010575,7,22.0,2337.43,333.92
C012374,4,10.0,2337.18,584.29
C002860,3,11.0,2337.17,779.06
C013601,3,10.0,2336.95,778.98
C018077,4,11.0,2336.95,584.24
C012831,4,16.0,2336.85,584.21
C004873,7,24.0,2336.64,333.81
C010765,4,13.0,2336.44,584.11
C019735,4,15.0,2336.36,584.09
C017253,6,16.0,2335.24,389.21
C008994,6,13.0,2335.05,389.18
C014075,3,12.0,2334.99,778.33
C005583,4,9.0,2334.88,583.72
C016201,4,12.0,2334.86,583.72
C011721,5,10.0,2334.68,466.94
C014533,6,17.0,2334.55,389.09
C008116,6,13.0,2334.28,389.05
C015118,5,14.0,2334.17,466.83
C015725,6,19.0,2334.04,389.01
C000009,4,16.0,2333.75,583.44
C014582,4,13.0,2333.66,583.42
C006165,2,12.0,2333.46,1166.73
C007143,4,12.0,2333.35,583.34
C002704,4,11.0,2332.72,583.18
C007326,4,9.0,2332.54,583.14
C008675,4,14.0,2332.43,583.11
C015862,4,13.0,2331.93,582.98
C010035,5,11.0,2331.7,466.34
C011954,5,20.0,2331.52,466.3
C006903,6,12.0,2331.17,388.53
C010277,3,12.0,2331.06,777.02
C019685,5,13.0,2330.65,466.13
C015575,5,15.0,2330.62,466.12
C011201,3,11.0,2330.58,776.86
C012581,3,12.0,2329.81,776.6
C000504,3,9.0,2329.73,776.58
C000560,5,10.0,2329.55,465.91
C017991,5,14.0,2329.13,465.83
C018902,4,14.0,2328.92,582.23
C006932,2,11.0,2328.72,1164.36
C011385,8,20.0,2328.42,291.05
C009397,5,13.0,2328.42,465.68
C000269,3,13.0,2327.79,775.93
C000319,3,11.0,2327.59,775.86
C016726,6,16.0,2327.29,387.88
C004104,4,9.0,2327.14,581.79
C014613,5,19.0,2327.06,465.41
C001870,3,14.0,2326.74,775.58
C013568,3,10.0,2326.54,775.51
C015311,3,11.0,2326.5,775.5
C014750,5,11.0,2325.89,465.18
C018698,5,14.0,2325.73,465.15
C002486,5,15.0,2325.64,465.13
C003110,5,15.0,2325.26,465.05
C012145,3,12.0,2324.83,774.94
C001794,5,15.0,2324.83,464.97
C007211,4,14.0,2324.46,581.12
C018250,3,12.0,2324.29,774.76
C005106,5,16.0,2323.99,464.8
C017869,5,13.0,2323.96,464.79
C012463,5,15.0,2323.92,464.78
C018861,2,7.0,2323.86,1161.93
C005801,5,12.0,2323.75,464.75
C004779,2,8.0,2323.22,1161.61
C015631,6,15.0,2322.66,387.11
C004322,4,14.0,2322.64,580.66
C014108,5,14.0,2322.46,464.49
C013271,4,17.0,2322.36,580.59
C018886,4,13.0,2321.11,580.28
C007877,3,10.0,2321.01,773.67
C002063,5,19.0,2320.55,464.11
C011817,4,11.0,2320.02,580.01
C007061,7,18.0,2319.87,331.41
C003841,6,10.0,2319.86,386.64
C010773,5,13.0,2319.72,463.94
C002024,3,15.0,2319.46,773.15
C017656,4,15.0,2319.39,579.85
C017033,3,11.0,2319.19,773.06
C003924,7,18.0,2318.34,331.19
C014987,3,13.0,2317.83,772.61
C003596,3,8.0,2317.61,772.54
C007048,7,11.0,2317.47,331.07
C001989,5,21.0,2317.41,463.48
C015681,5,17.0,2317.26,463.45
C006357,5,17.0,2317.11,463.42
C009296,4,18.0,2316.98,579.25
C016668,4,15.0,2316.71,579.18
C006841,7,17.0,2316.17,330.88
C017853,4,10.0,2315.73,578.93
C018153,4,9.0,2315.54,578.89
C017690,5,10.0,2315.26,463.05
C016835,6,14.0,2315.17,385.86
C013080,6,16.0,2315.06,385.84
C002615,4,9.0,2315.04,578.76
C014408,5,14.0,2314.71,462.94
C011140,5,11.0,2314.67,462.93
C010560,6,17.0,2314.66,385.78
C001780,4,15.0,2314.61,578.65
C007563,3,10.0,2314.56,771.52
C006761,4,9.0,2314.25,578.56
C006381,4,15.0,2314.08,578.52
C016060,6,17.0,2313.94,385.66
C008541,3,11.0,2313.5,771.17
C010876,5,14.0,2313.48,462.7
C019783,5,14.0,2313.29,462.66
C013775,3,9.0,2312.74,770.91
C010968,5,14.0,2312.74,462.55
C002734,3,17.0,2312.31,770.77
C017565,6,16.0,2312.25,385.38
C018140,4,15.0,2312.0,578.0
C002487,5,11.0,2311.98,462.4
C015122,4,15.0,2311.74,577.93
C011119,3,14.0,2311.42,770.47
C019305,3,8.0,2311.33,770.44
C019278,5,17.0,2311.3,462.26
C009182,4,9.0,2311.12,577.78
C007022,7,14.0,2311.12,330.16
C001146,3,11.0,2310.67,770.22
C001384,4,8.0,2310.62,577.66
C013050,5,18.0,2310.6,462.12
C016805,5,18.0,2310.39,462.08
C012555,5,15.0,2310.33,462.07
C019477,3,10.0,2310.09,770.03
C018506,5,16.0,2309.66,461.93
C017413,5,16.0,2309.51,461.9
C006868,4,10.0,2309.38,577.35
C010966,5,16.0,2309.07,461.81
C008378,4,11.0,2308.51,577.13
C005448,7,13.0,2308.49,329.78
C012231,4,13.0,2308.28,577.07
C018343,3,7.0,2308.12,769.37
C006799,3,14.0,2308.02,769.34
C018018,2,9.0,2307.85,1153.93
C003844,3,11.0,2307.77,769.26
C001927,4,16.0,2307.76,576.94
C011821,6,13.0,2306.95,384.49
C016501,4,17.0,2306.52,576.63
C012088,3,9.0,2306.51,768.84
C003604,4,16.0,2306.45,576.61
C014343,5,12.0,2306.17,461.23
C002398,4,14.0,2306.03,576.51
C001204,5,11.0,2305.83,461.17
C008146,3,13.0,2305.31,768.44
C011251,5,14.0,2305.24,461.05
C002484,3,8.0,2305.14,768.38
C014303,5,13.0,2304.5,460.9
C001636,3,10.0,2304.11,768.04
C016878,5,13.0,2303.79,460.76
C008262,5,9.0,2303.54,460.71
C016664,2,10.0,2303.33,1151.67
C002276,2,10.0,2303.22,1151.61
C008203,3,12.0,2303.22,767.74
C010877,5,12.0,2302.97,460.59
C012497,6,15.0,2302.85,383.81
C011389,4,13.0,2302.74,575.68
C008246,3,10.0,2302.58,767.53
C008748,5,13.0,2302.35,460.47
C016808,5,10.0,2302.08,460.42
C015783,4,10.0,2301.95,575.49
C006608,7,16.0,2301.9,328.84
C018848,3,10.0,2301.61,767.2
C014784,5,18.0,2301.52,460.3
C005243,5,11.0,2301.5,460.3
C011460,6,17.0,2300.75,383.46
C018254,4,14.0,2300.64,575.16
C002652,7,19.0,2300.42,328.63
C019730,5,14.0,2300.27,460.05
C008764,5,16.0,2300.18,460.04
C000889,6,16.0,2300.06,383.34
C007344,6,23.0,2300.02,383.34
C017039,5,15.0,2299.53,459.91
C008092,5,12.0,2299.33,459.87
C010086,4,10.0,2298.37,574.59
C010528,3,10.0,2298.33,766.11
C004611,3,13.0,2298.32,766.11
C000664,6,13.0,2298.2,383.03
C012274,4,16.0,2297.78,574.45
C005971,3,14.0,2297.75,765.92
C012493,5,13.0,2297.61,459.52
C011436,5,11.0,2297.48,459.5
C004996,2,13.0,2297.04,1148.52
C004711,6,11.0,2297.01,382.84
C011698,1,8.0,2296.74,2296.74
C014498,3,10.0,2296.65,765.55
C015565,4,9.0,2296.35,574.09
C008892,3,11.0,2296.23,765.41
C012150,4,12.0,2296.19,574.05
C001748,5,11.0,2296.12,459.22
C013224,3,11.0,2296.04,765.35
C016074,5,11.0,2295.73,459.15
C016826,4,6.0,2294.53,573.63
C009302,6,19.0,2294.14,382.36
C001262,3,12.0,2293.93,764.64
C002307,4,13.0,2293.79,573.45
C010183,5,17.0,2293.76,458.75
C004666,5,13.0,2293.71,458.74
C015651,5,11.0,2293.58,458.72
C005250,4,12.0,2293.23,573.31
C004935,3,11.0,2293.06,764.35
C018839,5,13.0,2292.8,458.56
C004231,5,15.0,2292.76,458.55
C015736,3,11.0,2292.73,764.24
C006011,5,14.0,2292.55,458.51
C006428,3,10.0,2292.52,764.17
C015879,1,7.0,2292.38,2292.38
C007533,4,15.0,2292.37,573.09
C016127,5,16.0,2291.36,458.27
C011533,4,11.0,2291.3,572.83
C016187,2,10.0,2290.99,1145.49
C016608,4,15.0,2290.97,572.74
C007951,5,14.0,2290.93,458.19
C013499,3,13.0,2290.71,763.57
C006970,6,15.0,2290.69,381.78
C015682,5,14.0,2290.65,458.13
C015587,6,16.0,2290.56,381.76
C002920,3,10.0,2290.54,763.51
C014201,5,13.0,2290.37,458.07
C019631,5,11.0,2290.21,458.04
C009368,2,8.0,2289.89,1144.95
C018546,3,12.0,2289.81,763.27
C012742,4,19.0,2289.61,572.4
C005929,4,11.0,2289.29,572.32
C015180,3,8.0,2289.19,763.06
C002177,5,17.0,2289.08,457.82
C002289,4,11.0,2289.02,572.26
C018039,6,16.0,2288.57,381.43
C003730,5,10.0,2288.26,457.65
C018704,7,15.0,2288.01,326.86
C004033,4,15.0,2287.99,572.0
C008745,4,14.0,2287.95,571.99
C004891,3,14.0,2287.54,762.51
C007687,4,10.0,2287.44,571.86
C007109,3,12.0,2287.01,762.34
C000146,6,13.0,2286.98,381.16
C018693,5,18.0,2286.97,457.39
C004095,4,10.0,2286.72,571.68
C014723,6,15.0,2286.7,381.12
C010422,5,10.0,2286.5,457.3
C013872,2,7.0,2286.33,1143.17
C014884,4,15.0,2285.96,571.49
C004439,5,12.0,2285.9,457.18
C007500,5,13.0,2285.9,457.18
C008556,5,14.0,2285.46,457.09
C010210,3,12.0,2285.33,761.78
C017828,4,8.0,2284.85,571.21
C019186,5,11.0,2284.09,456.82
C019824,5,14.0,2283.99,456.8
C003108,4,14.0,2283.68,570.92
C010092,4,12.0,2283.62,570.91
C013692,2,9.0,2283.11,1141.56
C016204,5,10.0,2283.01,456.6
C010176,5,10.0,2282.96,456.59
C001241,6,12.0,2282.8,380.47
C006436,3,8.0,2282.64,760.88
C006949,3,13.0,2282.38,760.79
C012738,3,13.0,2282.13,760.71
C018843,4,14.0,2282.11,570.53
C010912,5,11.0,2282.11,456.42
C015814,5,14.0,2281.96,456.39
C013282,3,10.0,2281.95,760.65
C015405,2,10.0,2281.91,1140.96
C004424,3,15.0,2281.9,760.63
C006581,3,11.0,2281.84,760.61
C002744,4,14.0,2281.79,570.45
C006297,4,12.0,2281.78,570.45
C002215,5,14.0,2281.25,456.25
C010916,5,9.0,2281.09,456.22
C010822,3,11.0,2280.83,760.28
C016644,5,19.0,2280.42,456.08
C018057,6,20.0,2280.41,380.07
C005624,8,17.0,2280.26,285.03
C018219,3,6.0,2279.88,759.96
C000713,4,13.0,2279.6,569.9
C005832,4,13.0,2279.29,569.82
C006054,5,12.0,2278.61,455.72
C004936,5,15.0,2278.41,455.68
C009355,4,11.0,2278.04,569.51
C012639,4,12.0,2278.01,569.5
C001530,6,19.0,2276.87,379.48
C003886,4,15.0,2276.35,569.09
C010096,4,9.0,2276.01,569.0
C008237,3,12.0,2275.84,758.61
C006747,4,11.0,2275.07,568.77
C003144,3,11.0,2274.83,758.28
C015083,6,19.0,2274.71,379.12
C001532,4,11.0,2274.63,568.66
C016155,5,13.0,2274.55,454.91
C006331,2,9.0,2274.54,1137.27
C000838,4,12.0,2273.58,568.4
C001684,8,18.0,2273.15,284.14
C017181,6,17.0,2273.08,378.85
C004183,6,13.0,2273.07,378.85
C008835,3,11.0,2272.61,757.54
C005599,4,12.0,2272.33,568.08
C018551,3,11.0,2272.32,757.44
C001599,7,14.0,2272.02,324.57
C006986,6,19.0,2271.89,378.65
C012881,3,12.0,2271.86,757.29
C009847,3,10.0,2271.73,757.24
C000330,3,9.0,2271.17,757.06
C018126,3,13.0,2270.82,756.94
C015446,3,13.0,2270.8,756.93
C002770,5,11.0,2270.58,454.12
C001968,6,16.0,2270.42,378.4
C009613,3,10.0,2270.31,756.77
C000501,3,11.0,2269.87,756.62
C000292,5,14.0,2269.87,453.97
C018985,4,11.0,2269.2,567.3
C006345,4,12.0,2269.17,567.29
C018041,4,9.0,2268.87,567.22
C016978,3,10.0,2268.74,756.25
C007472,6,14.0,2268.03,378.01
C018541,2,9.0,2268.0,1134.0
C001144,4,13.0,2267.56,566.89
C009619,5,18.0,2267.32,453.46
C006680,5,8.0,2266.74,453.35
C004465,5,17.0,2266.74,453.35
C012519,4,13.0,2266.67,566.67
C005973,6,17.0,2266.3,377.72
C016584,6,11.0,2266.26,377.71
C019946,4,11.0,2265.57,566.39
C015009,5,17.0,2265.46,453.09
C003317,2,13.0,2265.43,1132.71
C019451,3,11.0,2265.21,755.07
C013248,5,13.0,2265.15,453.03
C018280,4,14.0,2265.12,566.28
C005481,5,13.0,2264.98,453.0
C003545,5,15.0,2264.52,452.9
C017339,6,18.0,2264.39,377.4
C000654,5,15.0,2264.04,452.81
C012113,6,12.0,2263.79,377.3
C014238,4,13.0,2263.17,565.79
C006598,7,18.0,2263.07,323.3
C014686,4,11.0,2262.95,565.74
C015867,5,14.0,2262.84,452.57
C009053,6,21.0,2262.75,377.13
C012757,6,17.0,2262.73,377.12
C019020,6,22.0,2262.72,377.12
C016605,4,19.0,2262.59,565.65
C012024,4,10.0,2262.59,565.65
C008086,3,12.0,2262.53,754.18
C019593,6,16.0,2262.29,377.05
C002125,4,9.0,2262.18,565.54
C006630,6,16.0,2262.05,377.01
C015716,4,15.0,2261.86,565.47
C016972,4,11.0,2261.82,565.46
C007065,6,18.0,2261.71,376.95
C005142,3,9.0,2261.58,753.86
C017136,5,11.0,2261.46,452.29
C019791,6,18.0,2261.41,376.9
C018781,5,14.0,2261.32,452.26
C012754,4,12.0,2261.32,565.33
C005001,7,13.0,2261.16,323.02
C005406,3,9.0,2260.92,753.64
C007678,5,12.0,2260.81,452.16
C000804,4,10.0,2260.66,565.17
C016144,3,12.0,2260.56,753.52
C003686,5,12.0,2260.52,452.1
C016361,6,15.0,2260.5,376.75
C014316,2,16.0,2260.28,1130.14
C012694,3,10.0,2259.83,753.28
C004911,6,18.0,2259.13,376.52
C018290,4,12.0,2259.13,564.78
C014768,3,12.0,2259.06,753.02
C007251,5,11.0,2258.97,451.79
C019331,3,10.0,2258.83,752.94
C000365,2,13.0,2258.8,1129.4
C008560,5,14.0,2258.73,451.75
C019038,5,11.0,2258.72,451.74
C008713,5,16.0,2258.53,451.71
C011400,3,16.0,2258.0,752.67
C000843,4,14.0,2257.94,564.49
C014861,5,18.0,2257.86,451.57
C002247,6,18.0,2257.63,376.27
C012428,4,9.0,2257.26,564.32
C000674,4,11.0,2257.04,564.26
C001952,7,11.0,2256.87,322.41
C006252,4,13.0,2256.53,564.13
C000868,4,12.0,2256.09,564.02
C004615,4,10.0,2255.99,564.0
C001834,5,14.0,2255.88,451.18
C015461,4,13.0,2255.48,563.87
C011911,4,10.0,2254.46,563.62
C014880,3,9.0,2253.75,751.25
C001650,4,12.0,2252.73,563.18
C003858,4,7.0,2252.55,563.14
C001813,7,19.0,2252.53,321.79
C015875,4,13.0,2252.48,563.12
C001717,3,12.0,2252.39,750.8
C006988,5,18.0,2252.38,450.48
C010215,4,15.0,2252.35,563.09
C007982,5,12.0,2252.1,450.42
C008631,4,11.0,2252.1,563.03
C001288,6,21.0,2251.93,375.32
C004379,4,12.0,2251.52,562.88
C003625,7,22.0,2251.34,321.62
C006863,2,9.0,2250.71,1125.36
C007854,6,12.0,2250.62,375.1
C016499,4,11.0,2249.76,562.44
C009873,4,9.0,2249.73,562.43
C006003,4,17.0,2249.61,562.4
C006005,4,10.0,2249.57,562.39
C008902,4,11.0,2249.52,562.38
C010058,4,10.0,2249.37,562.34
C011118,5,13.0,2248.48,449.7
C015522,3,9.0,2248.47,749.49
C004218,5,17.0,2248.46,449.69
C015572,3,14.0,2248.37,749.46
C010294,4,11.0,2247.95,561.99
C017462,3,11.0,2247.94,749.31
C001826,4,13.0,2247.8,561.95
C008868,4,12.0,2246.91,561.73
C006310,4,11.0,2246.74,561.68
C012080,6,14.0,2246.71,374.45
C019823,3,10.0,2246.41,748.8
C019280,2,11.0,2245.4,1122.7
C014786,3,15.0,2245.31,748.44
C008175,5,17.0,2244.53,448.91
C014475,3,11.0,2244.53,748.18
C012798,4,13.0,2244.47,561.12
C010594,5,13.0,2244.35,448.87
C011878,3,11.0,2244.07,748.02
C011471,5,15.0,2243.95,448.79
C009159,3,11.0,2243.71,747.9
C004107,2,8.0,2243.65,1121.83
C003092,5,13.0,2243.61,448.72
C017980,6,18.0,2243.61,373.94
C014962,4,20.0,2243.27,560.82
C000293,5,14.0,2243.09,448.62
C012703,3,9.0,2243.02,747.67
C016044,2,11.0,2242.98,1121.49
C008042,3,13.0,2242.84,747.61
C011242,4,18.0,2242.83,560.71
C013243,5,16.0,2241.9,448.38
C019224,5,15.0,2241.76,448.35
C007213,3,11.0,2241.71,747.24
C004393,3,11.0,2241.14,747.05
C001577,2,11.0,2241.03,1120.52
C004443,2,15.0,2240.63,1120.32
C019701,3,8.0,2240.58,746.86
C003905,6,9.0,2240.35,373.39
C002313,8,24.0,2240.2,280.02
C018436,3,9.0,2240.12,746.71
C019958,6,18.0,2240.01,373.34
C008101,7,17.0,2240.0,320.0
C014374,5,11.0,2239.78,447.96
C016470,5,26.0,2239.41,447.88
C004834,8,18.0,2238.85,279.86
C001579,5,17.0,2238.67,447.73
C008509,4,16.0,2238.5,559.63
C015971,5,9.0,2238.34,447.67
C008270,6,19.0,2237.85,372.98
C006633,4,12.0,2237.69,559.42
C010218,6,15.0,2237.49,372.92
C009424,6,14.0,2237.39,372.9
C016785,3,11.0,2237.29,745.76
C005435,3,7.0,2237.16,745.72
C010894,4,12.0,2237.1,559.28
C008377,4,10.0,2236.96,559.24
C012764,4,13.0,2236.64,559.16
C009782,5,14.0,2236.64,447.33
C011513,4,12.0,2236.41,559.1
C019705,5,20.0,2236.2,447.24
C013048,5,13.0,2236.17,447.23
C008593,5,13.0,2236.16,447.23
C014149,5,21.0,2235.67,447.13
C014312,2,9.0,2235.54,1117.77
C003515,3,9.0,2235.49,745.16
C006133,5,15.0,2235.44,447.09
C011456,6,14.0,2235.41,372.57
C014812,6,14.0,2235.12,372.52
C001958,7,23.0,2235.03,319.29
C016391,5,12.0,2234.89,446.98
C001454,6,14.0,2234.71,372.45
C016480,3,7.0,2234.27,744.76
C016107,5,14.0,2234.19,446.84
C004435,4,11.0,2233.93,558.48
C003658,5,18.0,2233.32,446.66
C008864,7,24.0,2233.31,319.04
C018489,2,10.0,2233.17,1116.59
C011955,6,16.0,2232.81,372.14
C012267,5,10.0,2232.48,446.5
C008131,4,15.0,2232.47,558.12
C014404,5,18.0,2232.13,446.43
C010976,5,19.0,2232.05,446.41
C013335,2,7.0,2231.99,1115.99
C017020,6,24.0,2231.98,372.0
C006464,5,15.0,2231.86,446.37
C015039,3,10.0,2231.58,743.86
C005517,5,12.0,2231.55,446.31
C011789,4,13.0,2231.24,557.81
C015203,4,17.0,2231.15,557.79
C008914,2,10.0,2230.99,1115.49
C009443,5,13.0,2230.86,446.17
C008501,2,10.0,2230.68,1115.34
C010193,4,15.0,2230.65,557.66
C016396,6,13.0,2230.42,371.74
C011250,5,14.0,2230.41,446.08
C009218,7,15.0,2230.07,318.58
C010961,1,6.0,2230.06,2230.06
C002079,4,10.0,2230.03,557.51
C015212,5,18.0,2229.97,445.99
C014358,6,19.0,2229.74,371.62
C013269,5,15.0,2229.71,445.94
C004312,3,18.0,2229.56,743.19
C008427,4,12.0,2229.19,557.3
C012818,3,8.0,2228.84,742.95
C014182,6,16.0,2228.02,371.34
C001269,4,12.0,2227.98,557.0
C001102,4,12.0,2227.72,556.93
C003466,3,14.0,2227.34,742.45
C014756,4,14.0,2227.25,556.81
C018167,6,13.0,2226.85,371.14
C008935,5,15.0,2226.41,445.28
C003692,6,14.0,2226.4,371.07
C019211,3,14.0,2226.32,742.11
C002084,5,16.0,2226.1,445.22
C007529,6,10.0,2226.09,371.02
C009419,3,8.0,2226.08,742.03
C019358,6,18.0,2225.7,370.95
C011805,5,13.0,2225.62,445.12
C014839,1,8.0,2225.01,2225.01
C004981,3,11.0,2224.98,741.66
C010832,4,13.0,2224.63,556.16
C006328,5,14.0,2224.57,444.91
C012143,5,12.0,2224.12,444.82
C015831,4,9.0,2223.99,556.0
C006514,2,11.0,2223.85,1111.93
C019445,5,10.0,2223.83,444.77
C003151,6,12.0,2223.82,370.64
C017099,6,19.0,2223.66,370.61
C008916,6,16.0,2223.46,370.58
C017479,3,8.0,2223.33,741.11
C014580,6,19.0,2222.65,370.44
C019894,4,12.0,2221.95,555.49
C007830,6,12.0,2221.44,370.24
C003115,4,16.0,2221.05,555.26
C013015,7,19.0,2220.71,317.24
C015871,4,13.0,2220.52,555.13
C015525,5,12.0,2220.45,444.09
C011309,6,13.0,2220.26,370.04
C006877,7,21.0,2219.99,317.14
C007382,5,13.0,2219.2,443.84
C016891,3,11.0,2219.19,739.73
C003527,6,13.0,2218.6,369.77
C002577,5,13.0,2217.74,443.55
C012599,4,13.0,2217.74,554.43
C011927,4,14.0,2217.63,554.41
C008655,6,14.0,2216.86,369.48
C006622,4,12.0,2216.82,554.21
C003964,4,17.0,2216.68,554.17
C017388,2,10.0,2216.21,1108.11
C013595,6,12.0,2216.18,369.36
C016454,5,12.0,2215.96,443.19
C011604,6,13.0,2215.45,369.24
C001872,4,13.0,2215.34,553.84
C004531,5,18.0,2215.22,443.04
C014992,5,15.0,2214.98,443.0
C015835,6,17.0,2214.97,369.16
C008580,5,11.0,2214.93,442.99
C019320,2,9.0,2214.78,1107.39
C016678,4,12.0,2214.76,553.69
C012835,4,11.0,2214.55,553.64
C002536,4,16.0,2214.0,553.5
C011549,5,14.0,2213.9,442.78
C007021,5,14.0,2213.59,442.72
C003815,4,9.0,2213.57,553.39
C018713,5,14.0,2213.4,442.68
C003666,3,11.0,2212.82,737.61
C014538,6,16.0,2212.81,368.8
C005934,5,13.0,2212.75,442.55
C014512,3,12.0,2212.58,737.53
C011035,4,13.0,2212.47,553.12
C014478,6,12.0,2212.16,368.69
C013882,5,11.0,2211.67,442.33
C006744,4,14.0,2211.6,552.9
C012403,6,20.0,2211.55,368.59
C011235,9,21.0,2211.51,245.72
C011660,7,14.0,2211.08,315.87
C009568,5,18.0,2210.97,442.19
C010248,5,15.0,2210.68,442.14
C016353,4,17.0,2210.56,552.64
C000596,3,11.0,2210.22,736.74
C006127,4,14.0,2210.15,552.54
C015162,5,11.0,2210.09,442.02
C008798,4,10.0,2210.03,552.51
C018123,5,22.0,2209.73,441.95
C005333,5,11.0,2209.72,441.94
C008227,4,12.0,2209.71,552.43
C012115,6,14.0,2209.67,368.28
C017494,3,15.0,2209.17,736.39
C015747,3,10.0,2209.1,736.37
C000942,6,18.0,2208.6,368.1
C004832,4,10.0,2208.5,552.13
C004889,2,12.0,2208.38,1104.19
C015045,7,18.0,2208.36,315.48
C004851,5,14.0,2208.2,441.64
C005741,4,14.0,2207.56,551.89
C015958,6,14.0,2207.52,367.92
C009618,3,9.0,2206.71,735.57
C004801,4,17.0,2206.52,551.63
C004004,4,12.0,2206.39,551.6
C016395,4,9.0,2206.31,551.58
C009215,6,19.0,2206.28,367.71
C017710,5,15.0,2206.23,441.25
C010103,5,17.0,2206.17,441.23
C012154,5,15.0,2205.83,441.17
C003056,4,19.0,2205.04,551.26
C002758,7,17.0,2204.98,315.0
C017995,4,14.0,2204.55,551.14
C004680,4,9.0,2204.5,551.13
C015807,4,14.0,2204.49,551.12
C014372,5,17.0,2204.35,440.87
C005419,5,12.0,2204.17,440.83
C013166,6,14.0,2203.62,367.27
C003421,5,14.0,2203.39,440.68
C016613,3,12.0,2202.97,734.32
C017547,7,15.0,2202.94,314.71
C011599,2,9.0,2202.82,1101.41
C010856,6,14.0,2202.81,367.14
C004042,5,13.0,2202.8,440.56
C002352,6,12.0,2201.81,366.97
C005486,4,12.0,2201.79,550.45
C019574,5,13.0,2201.66,440.33
C002727,4,11.0,2201.58,550.4
C013167,6,14.0,2201.42,366.9
C012376,4,10.0,2201.3,550.33
C009859,5,10.0,2201.27,440.25
C015134,2,11.0,2201.03,1100.52
C019474,5,14.0,2200.89,440.18
C002683,4,10.0,2200.7,550.17
C004464,2,9.0,2200.56,1100.28
C012591,7,13.0,2200.26,314.32
C016392,5,14.0,2200.16,440.03
C006026,4,20.0,2199.66,549.92
C004266,3,13.0,2199.14,733.05
C009108,10,22.0,2198.48,219.85
C000220,3,10.0,2198.46,732.82
C013912,4,9.0,2198.45,549.61
C005440,7,16.0,2198.28,314.04
C011275,5,11.0,2197.78,439.56
C009890,4,12.0,2197.68,549.42
C014167,5,9.0,2197.55,439.51
C001193,5,16.0,2197.18,439.44
C018323,5,16.0,2197.17,439.43
C017576,4,14.0,2196.94,549.24
C003909,3,10.0,2196.35,732.12
C002887,4,10.0,2196.21,549.05
C003670,5,11.0,2195.54,439.11
C008171,4,11.0,2195.5,548.88
C008404,8,21.0,2195.46,274.43
C009117,6,17.0,2195.31,365.89
C015007,4,10.0,2194.79,548.7
C017954,4,12.0,2194.71,548.68
C002439,4,11.0,2194.65,548.66
C003316,4,12.0,2193.57,548.39
C019686,3,11.0,2193.51,731.17
C010922,6,16.0,2193.42,365.57
C001521,5,15.0,2193.09,438.62
C007631,5,19.0,2192.88,438.58
C018103,5,14.0,2192.86,438.57
C005395,2,7.0,2192.84,1096.42
C017145,5,16.0,2192.26,438.45
C002761,5,16.0,2192.13,438.43
C006654,4,9.0,2191.82,547.96
C004844,4,15.0,2191.76,547.94
C003904,2,12.0,2191.67,1095.84
C012085,2,7.0,2191.6,1095.8
C005148,3,10.0,2191.45,730.48
C019421,1,6.0,2191.16,2191.16
C013189,5,9.0,2191.06,438.21
C001519,3,8.0,2190.77,730.26
C005541,5,11.0,2190.48,438.1
C013079,5,20.0,2190.41,438.08
C006813,4,8.0,2190.39,547.6
C018730,4,13.0,2190.23,547.56
C003652,3,12.0,2189.99,730.0
C013341,3,13.0,2189.98,729.99
C016045,3,9.0,2189.86,729.95
C017775,6,18.0,2189.67,364.95
C004955,5,19.0,2189.44,437.89
C010923,8,17.0,2189.25,273.66
C001788,5,10.0,2189.22,437.84
C007645,5,15.0,2188.81,437.76
C010626,3,11.0,2188.69,729.56
C007706,3,10.0,2188.57,729.52
C010366,3,11.0,2188.23,729.41
C012360,4,14.0,2187.84,546.96
C017325,3,10.0,2187.83,729.28
C008692,4,12.0,2187.79,546.95
C007800,5,12.0,2187.59,437.52
C003748,4,16.0,2187.54,546.89
C010047,3,13.0,2187.39,729.13
C005124,6,16.0,2187.33,364.56
C007313,4,11.0,2186.99,546.75
C000053,7,15.0,2186.94,312.42
C004036,5,13.0,2186.89,437.38
C005391,6,11.0,2186.81,364.47
C016040,5,11.0,2186.6,437.32
C019392,5,20.0,2186.4,437.28
C010945,4,9.0,2186.34,546.59
C014439,4,13.0,2186.31,546.58
C018037,3,9.0,2186.14,728.71
C018503,4,11.0,2186.02,546.51
C011528,6,12.0,2185.92,364.32
C000480,2,10.0,2185.61,1092.81
C018199,3,8.0,2184.99,728.33
C000695,4,11.0,2184.82,546.21
C019487,3,8.0,2184.8,728.27
C014903,3,15.0,2184.29,728.1
C013434,5,14.0,2183.84,436.77
C008826,3,7.0,2183.44,727.81
C014494,5,9.0,2183.14,436.63
C016329,3,9.0,2182.95,727.65
C012177,2,10.0,2182.92,1091.46
C008603,6,15.0,2182.88,363.81
C013786,4,15.0,2182.38,545.6
C010198,6,14.0,2182.0,363.67
C009062,5,18.0,2181.34,436.27
C006082,7,11.0,2180.98,311.57
C005953,2,7.0,2180.87,1090.44
C010275,4,11.0,2180.74,545.18
C002174,7,12.0,2180.45,311.49
C017075,5,15.0,2179.85,435.97
C007464,5,10.0,2179.75,435.95
C018257,5,13.0,2179.52,435.9
C008359,3,16.0,2179.23,726.41
C005117,3,15.0,2178.79,726.26
C012884,4,14.0,2178.45,544.61
C007161,5,16.0,2178.4,435.68
C016160,5,19.0,2178.37,435.67
C002686,5,16.0,2177.6,435.52
C006112,5,17.0,2177.4,435.48
C010515,3,13.0,2177.11,725.7
C011125,5,11.0,2177.04,435.41
C014228,6,11.0,2176.87,362.81
C009292,4,12.0,2176.87,544.22
C016032,4,18.0,2176.87,544.22
C015841,5,14.0,2176.86,435.37
C006668,3,12.0,2176.46,725.49
C001939,3,11.0,2176.16,725.39
C005613,3,12.0,2175.43,725.14
C018193,4,9.0,2175.12,543.78
C009923,5,11.0,2174.79,434.96
C006387,4,8.0,2174.12,543.53
C011281,5,13.0,2174.04,434.81
C005228,4,15.0,2173.45,543.36
C012185,6,14.0,2173.39,362.23
C012336,7,14.0,2173.29,310.47
C019644,4,12.0,2173.19,543.3
C018385,3,13.0,2172.98,724.33
C005265,2,10.0,2172.94,1086.47
C019204,6,12.0,2172.89,362.15
C010298,5,14.0,2172.84,434.57
C007520,5,11.0,2172.42,434.48
C016293,3,11.0,2172.4,724.13
C004463,5,18.0,2172.28,434.46
C007558,6,15.0,2172.2,362.03
C005297,5,13.0,2172.14,434.43
C000615,6,13.0,2171.96,361.99
C014166,2,9.0,2171.67,1085.84
C014352,3,11.0,2171.59,723.86
C011862,3,10.0,2171.57,723.86
C001807,4,11.0,2171.44,542.86
C013428,6,13.0,2171.33,361.89
C007822,3,11.0,2171.29,723.76
C004027,4,10.0,2171.29,542.82
C012562,3,13.0,2171.24,723.75
C015748,4,13.0,2171.08,542.77
C008087,6,11.0,2170.74,361.79
C014803,7,23.0,2170.54,310.08
C003671,4,10.0,2170.5,542.63
C013681,4,12.0,2170.49,542.62
C006398,8,22.0,2169.92,271.24
C009538,5,10.0,2169.84,433.97
C011863,2,9.0,2169.27,1084.64
C010545,4,10.0,2169.27,542.32
C017002,5,17.0,2169.0,433.8
C017641,4,11.0,2168.99,542.25
C001175,2,8.0,2168.81,1084.41
C010767,2,12.0,2168.18,1084.09
C014328,2,9.0,2167.15,1083.58
C014737,3,15.0,2166.96,722.32
C015387,4,10.0,2165.47,541.37
C008714,5,10.0,2165.43,433.09
C004288,4,11.0,2165.37,541.34
C012690,3,11.0,2165.32,721.77
C011487,2,12.0,2164.86,1082.43
C001230,8,20.0,2164.81,270.6
C019629,3,14.0,2164.66,721.55
C013955,4,16.0,2164.51,541.13
C012161,2,12.0,2164.46,1082.23
C009802,6,14.0,2163.6,360.6
C001279,4,10.0,2163.56,540.89
C009455,3,11.0,2163.53,721.18
C009734,4,11.0,2163.43,540.86
C004056,6,18.0,2163.13,360.52
C009958,5,9.0,2163.03,432.61
C011307,5,17.0,2162.66,432.53
C002380,4,14.0,2162.53,540.63
C009997,4,17.0,2162.33,540.58
C005872,4,16.0,2162.16,540.54
C019793,4,14.0,2162.15,540.54
C002447,3,12.0,2161.86,720.62
C014867,6,13.0,2161.82,360.3
C008918,5,18.0,2161.7,432.34
C018543,4,9.0,2161.52,540.38
C016267,2,9.0,2161.4,1080.7
C012090,3,9.0,2161.0,720.33
C005399,4,13.0,2160.99,540.25
C014485,4,16.0,2160.9,540.23
C016689,2,9.0,2160.66,1080.33
C004420,5,17.0,2160.47,432.09
C017042,5,13.0,2159.89,431.98
C015346,2,11.0,2159.2,1079.6
C015305,3,13.0,2159.12,719.71
C002816,5,13.0,2159.11,431.82
C015542,4,8.0,2159.02,539.76
C016075,5,13.0,2158.82,431.76
C005930,4,11.0,2158.78,539.7
C005175,4,11.0,2158.43,539.61
C005027,3,14.0,2158.14,719.38
C015706,3,11.0,2158.02,719.34
C002510,5,15.0,2157.37,431.47
C002864,5,15.0,2157.33,431.47
C010610,5,13.0,2157.3,431.46
C011567,4,15.0,2157.26,539.32
C019796,4,10.0,2156.97,539.24
C001461,6,12.0,2156.94,359.49
C001355,4,12.0,2156.6,539.15
C017134,2,8.0,2156.49,1078.24
C005438,6,14.0,2156.23,359.37
C008452,4,13.0,2155.92,538.98
C004548,2,7.0,2155.29,1077.65
C001647,6,18.0,2155.02,359.17
C006990,6,14.0,2155.02,359.17
C015171,6,23.0,2154.78,359.13
C007171,4,8.0,2154.61,538.65
C004271,5,21.0,2154.37,430.87
C008191,5,15.0,2154.25,430.85
C007194,5,13.0,2154.11,430.82
C011344,5,15.0,2154.07,430.81
C015720,3,12.0,2153.74,717.91
C015216,3,13.0,2153.63,717.88
C002176,4,10.0,2153.48,538.37
C004999,4,14.0,2153.33,538.33
C003026,5,15.0,2152.82,430.56
C009852,5,11.0,2152.78,430.56
C017062,4,14.0,2152.72,538.18
C003170,3,11.0,2152.09,717.36
C011980,4,10.0,2151.59,537.9
C001042,5,12.0,2151.53,430.31
C019053,3,14.0,2151.5,717.17
C001334,5,17.0,2151.17,430.23
C002213,3,10.0,2150.93,716.98
C018155,3,12.0,2150.8,716.93
C017132,5,10.0,2150.76,430.15
C016153,4,12.0,2150.72,537.68
C007917,3,8.0,2150.46,716.82
C009744,4,8.0,2150.42,537.61
C010865,4,11.0,2150.22,537.55
C013293,5,15.0,2149.88,429.98
C001851,4,13.0,2149.86,537.47
C005699,6,18.0,2149.59,358.27
C002204,4,17.0,2148.89,537.22
C019495,4,14.0,2148.63,537.16
C014787,3,8.0,2148.59,716.2
C006653,5,14.0,2148.26,429.65
C006027,3,13.0,2148.16,716.05
C002976,6,19.0,2148.04,358.01
C011543,5,13.0,2147.77,429.55
C017453,4,9.0,2147.65,536.91
C019924,2,6.0,2147.17,1073.59
C016065,5,10.0,2147.15,429.43
C000059,5,14.0,2147.0,429.4
C008435,4,15.0,2146.23,536.56
C009090,4,8.0,2146.16,536.54
C018609,4,8.0,2146.13,536.53
C010353,3,10.0,2146.02,715.34
C018166,5,13.0,2145.75,429.15
C013663,4,14.0,2145.6,536.4
C009753,5,15.0,2145.09,429.02
C011695,7,17.0,2144.75,306.39
C010008,2,10.0,2144.72,1072.36
C017465,4,18.0,2144.58,536.15
C010409,4,11.0,2144.47,536.12
C009307,4,11.0,2144.34,536.09
C006909,3,9.0,2143.85,714.62
C005724,2,7.0,2143.64,1071.82
C004569,5,19.0,2143.61,428.72
C000364,5,10.0,2143.58,428.72
C016115,4,10.0,2143.25,535.81
C018924,6,16.0,2143.02,357.17
C014217,4,11.0,2142.81,535.7
C017418,5,11.0,2142.17,428.43
C001150,6,11.0,2141.97,356.99
C006371,5,18.0,2141.84,428.37
C014344,6,15.0,2141.77,356.96
C002107,4,16.0,2141.36,535.34
C005190,4,12.0,2141.0,535.25
C001190,6,11.0,2140.2,356.7
C013976,4,14.0,2140.01,535.0
C019808,4,8.0,2139.89,534.97
C011687,4,10.0,2139.89,534.97
C018969,3,12.0,2139.86,713.29
C019715,4,11.0,2139.85,534.96
C019221,6,13.0,2139.62,356.6
C009244,3,13.0,2139.25,713.08
C006493,4,14.0,2139.05,534.76
C014479,3,9.0,2139.02,713.01
C014937,5,21.0,2138.58,427.72
C018665,5,10.0,2138.13,427.63
C017319,3,11.0,2138.11,712.7
C009209,4,14.0,2137.9,534.48
C016686,5,12.0,2137.88,427.58
C009905,3,9.0,2137.7,712.57
C018453,4,14.0,2137.69,534.42
C014887,2,9.0,2137.55,1068.78
C005804,5,13.0,2137.42,427.48
C015898,5,13.0,2137.42,427.48
C018658,2,11.0,2137.17,1068.59
C010348,4,13.0,2137.16,534.29
C019702,4,7.0,2136.55,534.14
C019464,2,10.0,2136.55,1068.28
C018964,3,11.0,2136.28,712.09
C006497,6,27.0,2135.85,355.98
C001557,4,10.0,2135.16,533.79
C004255,2,9.0,2135.11,1067.56
C017251,7,13.0,2134.99,305.0
C005609,6,13.0,2134.32,355.72
C015800,4,11.0,2133.65,533.41
C009110,4,18.0,2133.46,533.37
C012476,5,16.0,2133.36,426.67
C017089,5,17.0,2133.21,426.64
C018935,3,11.0,2133.01,711.0
C013707,2,8.0,2132.95,1066.47
C019148,3,11.0,2132.92,710.97
C001724,4,13.0,2132.01,533.0
C004456,5,14.0,2131.79,426.36
C004483,5,13.0,2131.73,426.35
C009496,2,9.0,2131.53,1065.77
C014006,6,13.0,2131.39,355.23
C018605,7,21.0,2131.38,304.48
C010518,7,29.0,2131.28,304.47
C005919,2,9.0,2130.74,1065.37
C004261,3,11.0,2130.68,710.23
C001121,2,8.0,2130.58,1065.29
C002179,4,10.0,2129.78,532.45
C013389,4,9.0,2129.77,532.44
C009776,3,9.0,2129.09,709.7
C013209,6,15.0,2128.93,354.82
C016123,1,6.0,2128.56,2128.56
C007431,5,9.0,2128.48,425.7
C001379,3,10.0,2128.17,709.39
C009736,4,9.0,2128.16,532.04
C008979,6,19.0,2127.69,354.62
C006983,3,10.0,2127.61,709.2
C019698,6,24.0,2127.02,354.5
C004978,2,8.0,2126.96,1063.48
C017364,6,13.0,2126.82,354.47
C013779,4,20.0,2126.8,531.7
C012489,3,7.0,2126.25,708.75
C007409,3,9.0,2126.22,708.74
C019395,3,14.0,2126.02,708.67
C013577,4,15.0,2125.65,531.41
C017805,5,14.0,2125.62,425.12
C013190,2,12.0,2125.44,1062.72
C007853,4,14.0,2125.39,531.35
C007258,4,13.0,2125.26,531.32
C006800,4,13.0,2125.14,531.29
C014510,4,12.0,2125.02,531.26
C019015,5,12.0,2124.69,424.94
C007979,5,23.0,2124.66,424.93
C009963,4,16.0,2124.53,531.13
C017098,4,10.0,2124.52,531.13
C014302,4,19.0,2124.22,531.05
C000914,3,9.0,2123.51,707.84
C012768,3,12.0,2123.41,707.8
C003970,4,12.0,2123.06,530.77
C018739,3,9.0,2123.01,707.67
C018898,2,10.0,2122.65,1061.33
C016358,5,12.0,2122.23,424.45
C004098,6,16.0,2122.05,353.68
C009793,5,13.0,2121.81,424.36
C008790,6,23.0,2121.79,353.63
C016333,3,8.0,2121.6,707.2
C018614,6,16.0,2121.24,353.54
C012813,4,13.0,2121.13,530.28
C002549,5,15.0,2121.1,424.22
C014578,4,12.0,2120.77,530.19
C017269,3,13.0,2120.62,706.87
C008673,6,19.0,2119.98,353.33
C012560,5,13.0,2119.93,423.99
C006274,2,9.0,2119.48,1059.74
C016219,4,13.0,2119.18,529.79
C017778,8,28.0,2118.63,264.83
C001732,4,19.0,2118.32,529.58
C002580,4,11.0,2118.25,529.56
C013629,3,11.0,2118.23,706.08
C006831,3,11.0,2117.76,705.92
C013634,2,12.0,2117.56,1058.78
C019245,4,15.0,2117.53,529.38
C003879,6,20.0,2117.34,352.89
C014339,4,10.0,2117.32,529.33
C013289,6,20.0,2117.28,352.88
C014997,8,21.0,2117.15,264.64
C013175,4,9.0,2117.13,529.28
C006454,5,13.0,2116.88,423.38
C013087,3,10.0,2116.31,705.44
C017667,4,14.0,2116.16,529.04
C012144,5,16.0,2116.08,423.22
C006643,5,9.0,2115.89,423.18
C017090,6,15.0,2115.87,352.65
C010538,4,11.0,2115.81,528.95
C008762,5,16.0,2115.64,423.13
C005177,3,7.0,2115.47,705.16
C017640,4,14.0,2115.31,528.83
C003425,6,16.0,2115.13,352.52
C019285,5,16.0,2114.79,422.96
C004019,4,16.0,2114.66,528.67
C014221,4,12.0,2114.42,528.61
C010552,4,14.0,2114.23,528.56
C016374,3,13.0,2113.94,704.65
C017578,4,16.0,2113.64,528.41
C012632,4,11.0,2113.18,528.29
C016004,2,9.0,2112.95,1056.47
C010748,4,12.0,2112.58,528.15
C012442,5,10.0,2112.05,422.41
C017176,5,15.0,2112.05,422.41
C007739,5,13.0,2110.96,422.19
C013064,5,14.0,2110.93,422.19
C012271,3,11.0,2110.59,703.53
C013006,7,23.0,2110.15,301.45
C005982,4,12.0,2109.97,527.49
C008623,3,11.0,2109.24,703.08
C002378,6,15.0,2109.19,351.53
C016340,6,25.0,2108.8,351.47
C006706,2,12.0,2108.41,1054.21
C005263,3,7.0,2108.4,702.8
C013753,3,7.0,2108.33,702.78
C005114,6,19.0,2108.22,351.37
C015721,4,13.0,2108.1,527.03
C010769,2,12.0,2107.91,1053.96
C019095,4,10.0,2107.88,526.97
C012206,3,10.0,2107.7,702.57
C007730,3,10.0,2107.51,702.5
C000223,4,13.0,2107.2,526.8
C003039,4,10.0,2106.9,526.73
C019858,4,18.0,2106.87,526.72
C009384,5,9.0,2106.74,421.35
C013598,3,12.0,2106.66,702.22
C011856,5,11.0,2106.51,421.3
C001675,6,18.0,2106.34,351.06
C000887,5,17.0,2106.1,421.22
C002426,3,9.0,2106.1,702.03
C018240,3,7.0,2105.93,701.98
C001396,6,17.0,2105.92,350.99
C010039,6,18.0,2105.73,350.96
C002232,7,15.0,2105.31,300.76
C012717,4,11.0,2105.22,526.3
C018223,4,9.0,2105.18,526.29
C004031,4,11.0,2104.84,526.21
C019386,5,13.0,2104.4,420.88
C001062,6,14.0,2104.05,350.68
C000711,4,11.0,2104.05,526.01
C001591,5,21.0,2103.89,420.78
C012529,5,15.0,2103.81,420.76
C006416,8,18.0,2103.59,262.95
C009902,6,15.0,2103.39,350.57
C018175,3,9.0,2103.22,701.07
C007665,2,10.0,2103.17,1051.59
C016965,7,21.0,2102.94,300.42
C001200,5,12.0,2102.87,420.57
C017755,3,8.0,2102.81,700.94
C009261,3,14.0,2102.43,700.81
C003388,4,10.0,2102.27,525.57
C002803,7,16.0,2102.17,300.31
C016541,4,15.0,2101.96,525.49
C005115,4,10.0,2101.8,525.45
C018558,3,12.0,2101.6,700.53
C008338,5,16.0,2101.41,420.28
C008895,4,11.0,2101.33,525.33
C012415,4,14.0,2101.15,525.29
C008029,3,13.0,2100.85,700.28
C001950,4,13.0,2100.4,525.1
C000860,6,20.0,2099.45,349.91
C013252,7,20.0,2099.38,299.91
C006445,6,16.0,2099.22,349.87
C003304,5,16.0,2099.17,419.83
C016275,5,21.0,2099.12,419.82
C018834,3,12.0,2099.04,699.68
C007390,3,12.0,2098.99,699.66
C007062,3,10.0,2098.95,699.65
C007033,4,9.0,2098.95,524.74
C015456,3,11.0,2098.94,699.65
C016212,5,14.0,2098.7,419.74
C001771,5,13.0,2098.53,419.71
C017141,5,18.0,2098.5,419.7
C013284,3,12.0,2098.45,699.48
C008707,1,7.0,2098.08,2098.08
C005048,3,11.0,2097.92,699.31
C013360,2,9.0,2097.92,1048.96
C015990,4,12.0,2097.89,524.47
C007922,4,10.0,2097.74,524.43
C006212,3,12.0,2097.7,699.23
C018989,7,18.0,2097.58,299.65
C014563,2,10.0,2097.24,1048.62
C005763,2,10.0,2097.23,1048.62
C001490,3,10.0,2096.56,698.85
C008997,3,13.0,2096.51,698.84
C007676,4,10.0,2096.38,524.1
C006385,6,22.0,2096.04,349.34
C000484,6,18.0,2095.62,349.27
C011260,3,14.0,2095.32,698.44
C008320,2,9.0,2095.13,1047.57
C006749,4,17.0,2094.96,523.74
C004088,4,15.0,2094.93,523.73
C002131,5,11.0,2094.49,418.9
C015564,4,15.0,2094.41,523.6
C019296,3,12.0,2094.27,698.09
C011902,4,11.0,2093.35,523.34
C016864,3,8.0,2093.28,697.76
C003845,5,18.0,2092.89,418.58
C018404,5,12.0,2092.77,418.55
C002379,4,11.0,2092.66,523.17
C008606,5,12.0,2092.66,418.53
C017909,4,10.0,2092.63,523.16
C007805,3,9.0,2092.48,697.49
C007899,4,13.0,2092.27,523.07
C013038,5,13.0,2092.06,418.41
C003196,4,12.0,2091.74,522.93
C010929,6,12.0,2091.7,348.62
C007353,3,8.0,2091.66,697.22
C019000,4,14.0,2091.64,522.91
C008946,5,12.0,2091.45,418.29
C006198,5,11.0,2091.45,418.29
C015880,6,18.0,2091.25,348.54
C018190,4,18.0,2090.84,522.71
C005725,4,12.0,2090.45,522.61
C009154,4,15.0,2090.13,522.53
C001524,2,7.0,2089.38,1044.69
C004605,4,12.0,2089.26,522.32
C003221,3,9.0,2088.77,696.26
C007260,4,11.0,2088.3,522.08
C015226,3,10.0,2088.15,696.05
C004421,4,17.0,2088.11,522.03
C007879,4,10.0,2088.03,522.01
C008058,5,17.0,2088.02,417.6
C015557,4,13.0,2087.96,521.99
C014014,4,15.0,2087.91,521.98
C001294,4,9.0,2087.91,521.98
C003277,5,19.0,2087.71,417.54
C018241,3,16.0,2087.71,695.9
C016420,3,9.0,2087.36,695.79
C019385,3,8.0,2086.77,695.59
C010622,3,9.0,2086.51,695.5
C017858,4,9.0,2086.49,521.62
C000961,7,18.0,2086.21,298.03
C011559,3,14.0,2086.19,695.4
C015878,4,19.0,2086.14,521.54
C014913,2,9.0,2086.14,1043.07
C003654,5,11.0,2086.05,417.21
C018518,4,8.0,2085.7,521.42
C000243,3,11.0,2085.56,695.19
C002011,8,18.0,2085.48,260.69
C016574,4,18.0,2085.16,521.29
C011662,6,22.0,2084.88,347.48
C000412,5,20.0,2083.94,416.79
C011892,5,18.0,2083.81,416.76
C009222,4,11.0,2083.76,520.94
C009960,5,12.0,2083.12,416.62
C005276,3,14.0,2083.01,694.34
C006833,5,10.0,2082.94,416.59
C010435,3,10.0,2082.87,694.29
C008836,5,17.0,2082.39,416.48
C018013,4,8.0,2082.02,520.51
C002257,4,12.0,2081.16,520.29
C016449,3,11.0,2081.15,693.72
C016352,4,10.0,2081.1,520.28
C003494,5,18.0,2081.0,416.2
C001504,6,11.0,2080.77,346.8
C018668,4,13.0,2080.72,520.18
C008048,4,9.0,2080.62,520.16
C019145,4,9.0,2080.55,520.14
C012997,6,15.0,2080.46,346.74
C010416,5,15.0,2080.22,416.04
C010093,4,12.0,2079.67,519.92
C007483,3,13.0,2079.34,693.11
C001134,4,10.0,2079.32,519.83
C002609,5,19.0,2079.14,415.83
C001725,5,12.0,2078.82,415.76
C009969,4,9.0,2078.81,519.7
C014593,8,18.0,2078.48,259.81
C014271,5,11.0,2078.19,415.64
C008135,5,12.0,2078.1,415.62
C007634,5,21.0,2078.09,415.62
C005090,5,12.0,2077.96,415.59
C005063,6,11.0,2077.83,346.31
C002909,5,12.0,2077.83,415.57
C003201,5,12.0,2077.73,415.55
C018443,5,12.0,2077.64,415.53
C013640,5,12.0,2077.47,415.49
C003451,5,15.0,2077.42,415.48
C001448,4,11.0,2077.29,519.32
C007581,7,13.0,2077.01,296.72
C016848,3,10.0,2076.64,692.21
C005350,4,17.0,2076.37,519.09
C015124,6,16.0,2076.12,346.02
C006819,5,20.0,2075.63,415.13
C008779,4,13.0,2075.0,518.75
C001496,5,11.0,2075.0,415.0
C016290,7,21.0,2074.94,296.42
C006239,4,16.0,2074.88,518.72
C007924,3,9.0,2074.88,691.63
C014401,4,12.0,2074.51,518.63
C018929,6,10.0,2074.4,345.73
C015482,4,11.0,2074.37,518.59
C001828,4,12.0,2074.22,518.55
C009467,3,10.0,2073.97,691.32
C004378,3,11.0,2073.93,691.31
C018894,4,11.0,2073.84,518.46
C019566,4,14.0,2073.49,518.37
C002479,4,8.0,2072.84,518.21
C001016,3,10.0,2072.36,690.79
C002531,7,18.0,2071.75,295.96
C012281,5,13.0,2071.35,414.27
C000148,3,11.0,2070.8,690.27
C019529,4,12.0,2070.78,517.7
C005631,4,8.0,2070.72,517.68
C017195,3,10.0,2070.38,690.13
C007928,3,10.0,2070.34,690.11
C017859,4,13.0,2070.0,517.5
C017148,4,9.0,2069.68,517.42
C008231,5,12.0,2069.66,413.93
C013772,7,16.0,2069.66,295.67
C000423,3,9.0,2069.4,689.8
C017721,4,14.0,2069.17,517.29
C017703,3,12.0,2069.06,689.69
C013211,3,8.0,2068.82,689.61
C016957,4,13.0,2068.78,517.2
C018031,6,11.0,2068.55,344.76
C010738,4,10.0,2068.38,517.1
C018875,3,11.0,2068.29,689.43
C017025,5,13.0,2068.28,413.66
C017113,3,9.0,2068.24,689.41
C010495,2,11.0,2067.91,1033.96
C006901,4,16.0,2067.68,516.92
C012878,3,10.0,2067.56,689.19
C002522,3,9.0,2067.47,689.16
C016403,5,12.0,2067.27,413.45
C015271,4,9.0,2067.25,516.81
C004980,5,12.0,2067.13,413.43
C006106,3,12.0,2066.97,688.99
C015465,3,10.0,2066.8,688.93
C013822,4,12.0,2066.55,516.64
C014042,4,15.0,2066.4,516.6
C019920,3,16.0,2066.23,688.74
C019220,5,18.0,2065.87,413.17
C017915,3,8.0,2065.84,688.61
C014115,4,12.0,2065.76,516.44
C007977,6,14.0,2065.75,344.29
C009348,2,8.0,2065.71,1032.86
C018513,7,16.0,2065.59,295.08
C011352,7,16.0,2065.59,295.08
C003609,6,20.0,2065.26,344.21
C014157,7,20.0,2065.2,295.03
C012669,4,14.0,2064.9,516.23
C005969,4,18.0,2064.5,516.13
C019853,4,7.0,2064.0,516.0
C017625,4,20.0,2063.72,515.93
C016671,3,16.0,2063.68,687.89
C014307,4,14.0,2063.68,515.92
C013039,5,9.0,2063.65,412.73
C004003,5,14.0,2063.46,412.69
C005596,4,15.0,2063.44,515.86
C005323,3,9.0,2063.41,687.8
C011341,2,6.0,2063.31,1031.66
C015596,5,14.0,2062.79,412.56
C010287,4,10.0,2062.18,515.54
C018465,5,12.0,2062.04,412.41
C015429,4,14.0,2061.88,515.47
C001747,5,11.0,2061.76,412.35
C018516,4,10.0,2061.75,515.44
C010089,2,9.0,2061.38,1030.69
C009250,4,11.0,2061.35,515.34
C001000,6,16.0,2061.34,343.56
C016844,3,7.0,2061.29,687.1
C008044,4,13.0,2061.19,515.3
C000586,4,15.0,2061.16,515.29
C009581,4,11.0,2060.71,515.18
C013385,6,24.0,2060.62,343.44
C019777,3,11.0,2060.45,686.82
C003295,2,11.0,2059.99,1029.99
C015423,4,13.0,2058.93,514.73
C001808,7,13.0,2058.81,294.12
C012487,2,11.0,2058.65,1029.33
C005284,2,13.0,2058.64,1029.32
C010682,3,12.0,2058.29,686.1
C013645,5,9.0,2057.83,411.57
C002390,3,12.0,2057.78,685.93
C007245,4,17.0,2057.69,514.42
C015309,4,10.0,2057.52,514.38
C001457,3,10.0,2057.29,685.76
C018401,4,12.0,2057.0,514.25
C017611,2,6.0,2056.99,1028.49
C001348,4,15.0,2056.92,514.23
C017265,6,19.0,2056.78,342.8
C015371,5,13.0,2056.65,411.33
C014261,5,11.0,2056.49,411.3
C008109,5,10.0,2056.47,411.29
C011583,4,13.0,2056.42,514.11
C018100,3,8.0,2056.42,685.47
C009120,7,18.0,2056.13,293.73
C005926,4,11.0,2056.11,514.03
C014721,5,11.0,2055.99,411.2
C009757,5,9.0,2055.95,411.19
C001752,6,19.0,2055.88,342.65
C016289,3,9.0,2055.85,685.28
C002226,3,9.0,2055.38,685.13
C003928,1,6.0,2055.33,2055.33
C000760,6,12.0,2055.3,342.55
C016168,4,15.0,2055.16,513.79
C014896,3,14.0,2054.98,684.99
C002415,4,8.0,2054.96,513.74
C007965,6,13.0,2054.79,342.47
C018756,5,14.0,2054.43,410.89
C009098,4,8.0,2054.26,513.57
C001578,5,14.0,2054.05,410.81
C016950,4,11.0,2053.99,513.5
C017783,4,11.0,2053.81,513.45
C001635,4,9.0,2053.06,513.27
C002965,2,14.0,2052.89,1026.45
C000377,4,19.0,2052.42,513.11
C004884,3,11.0,2052.38,684.13
C015742,2,9.0,2052.33,1026.17
C019687,5,15.0,2052.04,410.41
C005529,4,10.0,2051.87,512.97
C018272,5,11.0,2051.82,410.36
C015401,3,12.0,2051.14,683.71
C012473,4,14.0,2051.08,512.77
C008249,7,18.0,2050.67,292.95
C007397,3,12.0,2050.54,683.51
C002810,4,10.0,2050.06,512.52
C003475,1,8.0,2050.03,2050.03
C018249,4,10.0,2049.74,512.43
C010986,4,8.0,2048.2,512.05
C005042,3,10.0,2048.05,682.68
C001640,5,8.0,2047.89,409.58
C015077,4,17.0,2047.84,511.96
C004236,4,9.0,2047.59,511.9
C005542,3,13.0,2047.08,682.36
C012257,6,16.0,2047.03,341.17
C016088,4,11.0,2046.67,511.67
C014924,3,11.0,2046.66,682.22
C019312,5,12.0,2046.48,409.3
C014407,2,12.0,2046.41,1023.21
C006138,6,18.0,2046.35,341.06
C003344,4,12.0,2046.21,511.55
C003467,4,9.0,2045.96,511.49
C015890,3,12.0,2045.74,681.91
C011300,5,11.0,2045.69,409.14
C001231,4,10.0,2045.65,511.41
C018433,4,11.0,2045.61,511.4
C015177,3,9.0,2045.59,681.86
C011197,2,10.0,2045.54,1022.77
C019577,5,15.0,2045.46,409.09
C006996,4,10.0,2045.29,511.32
C016975,2,8.0,2045.23,1022.62
C004656,5,19.0,2045.12,409.02
C015501,4,11.0,2044.84,511.21
C011475,4,10.0,2044.83,511.21
C001956,4,11.0,2044.62,511.16
C016701,5,16.0,2044.38,408.88
C009118,4,10.0,2044.3,511.08
C008358,2,7.0,2044.21,1022.11
C019035,2,7.0,2044.13,1022.07
C018820,3,11.0,2044.02,681.34
C011907,6,15.0,2043.8,340.63
C006131,3,13.0,2043.46,681.15
C006449,4,14.0,2043.28,510.82
C004009,6,12.0,2042.88,340.48
C017316,3,9.0,2042.84,680.95
C017135,5,15.0,2042.83,408.57
C000476,5,12.0,2042.61,408.52
C010572,4,17.0,2042.56,510.64
C003495,5,12.0,2042.51,408.5
C000829,4,12.0,2041.02,510.26
C000773,5,19.0,2040.92,408.18
C007165,3,16.0,2040.8,680.27
C001835,6,12.0,2040.07,340.01
C001825,2,9.0,2039.99,1020.0
C018044,8,18.0,2039.74,254.97
C009180,6,15.0,2039.6,339.93
C011172,3,8.0,2039.51,679.84
C011431,3,12.0,2039.27,679.76
C015142,7,12.0,2039.05,291.29
C015939,5,11.0,2039.03,407.81
C011588,3,9.0,2038.39,679.46
C008265,4,10.0,2038.23,509.56
C016446,4,9.0,2037.97,509.49
C017429,3,12.0,2037.95,679.32
C018856,4,10.0,2037.91,509.48
C008876,5,12.0,2037.6,407.52
C016843,4,8.0,2037.44,509.36
C003225,4,11.0,2037.32,509.33
C012092,4,14.0,2037.18,509.3
C007388,3,9.0,2037.1,679.03
C002573,3,6.0,2036.97,678.99
C009353,2,8.0,2036.81,1018.41
C008110,5,12.0,2036.45,407.29
C019857,5,11.0,2035.73,407.15
C016956,4,10.0,2035.17,508.79
C016609,4,14.0,2035.16,508.79
C000728,3,10.0,2035.12,678.37
C017425,3,10.0,2035.06,678.35
C014288,6,14.0,2035.01,339.17
C004037,4,14.0,2034.42,508.61
C011498,5,14.0,2034.09,406.82
C005710,5,13.0,2033.99,406.8
C004174,6,15.0,2033.72,338.95
C016868,4,13.0,2033.34,508.34
C009358,4,10.0,2033.33,508.33
C012102,6,14.0,2032.61,338.77
C000556,6,14.0,2032.36,338.73
C017711,5,14.0,2032.21,406.44
C006533,3,7.0,2031.64,677.21
C015846,4,13.0,2030.79,507.7
C005487,4,14.0,2030.74,507.69
C016743,3,8.0,2030.68,676.89
C017311,5,13.0,2030.65,406.13
C013322,4,11.0,2030.59,507.65
C002680,3,9.0,2030.47,676.82
C013083,5,14.0,2030.39,406.08
C010387,2,9.0,2030.25,1015.13
C019770,4,13.0,2030.24,507.56
C000006,3,10.0,2029.93,676.64
C013953,6,15.0,2029.9,338.32
C014301,5,16.0,2029.8,405.96
C019417,4,13.0,2029.61,507.4
C017660,3,11.0,2029.53,676.51
C011839,5,14.0,2029.15,405.83
C002863,4,15.0,2029.1,507.28
C000839,7,20.0,2028.59,289.8
C014969,4,15.0,2028.56,507.14
C000837,2,8.0,2028.46,1014.23
C018132,3,10.0,2028.22,676.07
C002919,4,18.0,2028.05,507.01
C006965,4,12.0,2027.99,507.0
C003318,2,10.0,2027.95,1013.98
C005779,3,10.0,2027.55,675.85
C015117,4,12.0,2027.52,506.88
C006998,4,8.0,2027.07,506.77
C015220,3,10.0,2026.97,675.66
C010862,4,10.0,2026.61,506.65
C002939,5,12.0,2026.54,405.31
C018104,7,13.0,2026.46,289.49
C002097,3,8.0,2026.16,675.39
C008352,4,14.0,2026.13,506.53
C010898,3,9.0,2026.13,675.38
C011651,4,8.0,2025.69,506.42
C016241,2,11.0,2025.47,1012.74
C002872,2,12.0,2025.36,1012.68
C016936,3,12.0,2025.29,675.1
C002610,4,11.0,2024.7,506.18
C009177,7,19.0,2024.44,289.21
C012055,5,12.0,2024.23,404.85
C000110,5,10.0,2024.2,404.84
C012362,3,9.0,2024.05,674.68
C004454,6,13.0,2024.01,337.34
C009549,2,9.0,2023.57,1011.79
C008174,4,10.0,2023.54,505.89
C000743,8,17.0,2023.17,252.9
C004810,5,14.0,2022.96,404.59
C003873,4,9.0,2022.93,505.73
C013826,5,18.0,2022.72,404.54
C015458,3,11.0,2022.63,674.21
C011776,6,18.0,2022.53,337.09
C007756,4,10.0,2022.5,505.63
C010606,5,16.0,2022.41,404.48
C016385,5,11.0,2022.38,404.48
C018226,5,15.0,2022.3,404.46
C010903,4,9.0,2022.24,505.56
C017235,6,13.0,2022.22,337.04
C014906,4,11.0,2022.12,505.53
C012153,4,7.0,2021.93,505.48
C003492,5,13.0,2021.83,404.37
C012200,8,15.0,2021.61,252.7
C012060,3,9.0,2021.41,673.8
C012969,3,8.0,2021.34,673.78
C007593,4,18.0,2020.96,505.24
C015686,2,7.0,2020.95,1010.48
C019534,5,15.0,2020.63,404.13
C000630,5,13.0,2020.61,404.12
C017053,4,8.0,2020.51,505.13
C008016,3,9.0,2020.35,673.45
C013649,2,8.0,2020.08,1010.04
C017733,5,18.0,2020.0,404.0
C001759,2,9.0,2019.93,1009.97
C015286,2,10.0,2019.89,1009.95
C012106,4,13.0,2019.79,504.95
C006834,4,12.0,2019.52,504.88
C013752,4,17.0,2019.27,504.82
C019912,3,10.0,2019.23,673.08
C010360,5,14.0,2019.16,403.83
C013717,6,11.0,2018.93,336.49
C009944,2,7.0,2018.78,1009.39
C002160,5,11.0,2018.54,403.71
C012327,5,12.0,2016.84,403.37
C018420,5,10.0,2016.83,403.37
C015853,4,13.0,2016.77,504.19
C000714,7,17.0,2016.75,288.11
C006743,5,15.0,2016.68,403.34
C013940,4,11.0,2016.48,504.12
C005417,4,15.0,2015.62,503.91
C000980,5,9.0,2015.57,403.11
C003823,5,16.0,2015.39,403.08
C009105,3,12.0,2015.16,671.72
C002330,7,16.0,2014.87,287.84
C002496,6,16.0,2014.7,335.78
C002452,4,12.0,2014.65,503.66
C006824,7,12.0,2014.6,287.8
C002245,7,28.0,2014.54,287.79
C004549,8,19.0,2013.74,251.72
C008632,5,12.0,2013.47,402.69
C014161,3,10.0,2013.35,671.12
C015580,3,9.0,2013.16,671.05
C010749,2,8.0,2013.15,1006.58
C008414,5,17.0,2012.8,402.56
C013413,4,7.0,2012.09,503.02
C015733,2,8.0,2012.04,1006.02
C009995,5,12.0,2011.91,402.38
C011318,4,10.0,2011.87,502.97
C003473,5,10.0,2011.59,402.32
C007946,6,14.0,2010.78,335.13
C001704,3,13.0,2010.72,670.24
C008239,3,10.0,2010.06,670.02
C002051,6,13.0,2009.32,334.89
C002355,4,10.0,2009.2,502.3
C011550,3,10.0,2009.06,669.69
C001993,2,11.0,2008.89,1004.45
C003995,2,11.0,2008.81,1004.41
C008187,2,8.0,2008.76,1004.38
C015524,3,9.0,2008.55,669.52
C013820,3,11.0,2008.22,669.41
C002198,3,10.0,2008.2,669.4
C014409,5,18.0,2007.89,401.58
C003963,3,7.0,2007.76,669.25
C016962,5,13.0,2007.73,401.55
C005140,4,16.0,2007.44,501.86
C009139,4,14.0,2007.0,501.75
C008210,6,15.0,2006.82,334.47
C003109,4,14.0,2006.8,501.7
C017897,6,19.0,2006.68,334.45
C012512,5,13.0,2006.63,401.33
C016319,3,9.0,2006.5,668.83
C012782,3,11.0,2006.14,668.71
C003025,3,8.0,2006.03,668.68
C010466,4,11.0,2005.87,501.47
C019004,4,14.0,2005.37,501.34
C009903,5,16.0,2005.26,401.05
C012809,3,12.0,2005.01,668.34
C010694,7,18.0,2004.65,286.38
C017818,4,8.0,2004.62,501.16
C001223,6,9.0,2004.54,334.09
C008090,4,13.0,2004.53,501.13
C011131,6,19.0,2004.39,334.07
C018477,5,13.0,2004.32,400.86
C012745,4,9.0,2004.2,501.05
C000001,3,13.0,2003.88,667.96
C011709,5,13.0,2003.71,400.74
C017949,5,10.0,2003.67,400.73
C006934,5,14.0,2003.63,400.73
C012769,3,12.0,2003.48,667.83
C017452,1,6.0,2003.26,2003.26
C006626,4,12.0,2003.19,500.8
C004141,3,10.0,2003.07,667.69
C008626,8,16.0,2002.45,250.31
C015508,6,10.0,2002.41,333.74
C004403,6,12.0,2002.33,333.72
C007259,4,20.0,2002.14,500.54
C007172,5,16.0,2001.77,400.35
C000498,5,10.0,2001.44,400.29
C018278,6,17.0,2001.43,333.57
C008442,4,9.0,2001.35,500.34
C011286,2,8.0,2001.29,1000.65
C015148,3,8.0,2001.26,667.09
C016969,2,7.0,2001.23,1000.62
C015370,4,11.0,2001.11,500.28
C012057,3,8.0,2000.85,666.95
C017521,4,10.0,2000.83,500.21
C004684,2,8.0,2000.48,1000.24
C008867,3,11.0,2000.43,666.81
C018769,4,17.0,2000.36,500.09
C010204,3,9.0,2000.17,666.72
C012146,5,12.0,1999.68,399.94
C016889,5,13.0,1999.49,399.9
C007972,5,18.0,1999.34,399.87
C001789,5,11.0,1999.05,399.81
C006178,7,18.0,1998.93,285.56
C017313,4,13.0,1998.77,499.69
C013158,5,15.0,1998.55,399.71
C011988,5,18.0,1998.45,399.69
C010221,3,12.0,1998.05,666.02
C014283,6,12.0,1997.92,332.99
C004806,4,13.0,1997.69,499.42
C010576,2,11.0,1997.37,998.69
C004943,4,12.0,1997.35,499.34
C003645,5,16.0,1997.03,399.41
C010045,4,10.0,1996.68,499.17
C003976,4,18.0,1996.48,499.12
C002072,5,11.0,1996.43,399.29
C004846,4,13.0,1996.29,499.07
C011452,4,9.0,1996.1,499.03
C011115,2,6.0,1995.97,997.99
C004592,5,13.0,1995.88,399.18
C013126,6,22.0,1995.76,332.63
C002141,5,13.0,1995.42,399.08
C016292,6,18.0,1995.17,332.53
C019100,5,15.0,1995.13,399.03
C010222,3,9.0,1994.9,664.97
C019524,5,12.0,1994.48,398.9
C003301,5,11.0,1994.03,398.81
C010051,5,17.0,1993.92,398.78
C006583,4,12.0,1993.87,498.47
C008832,5,11.0,1993.74,398.75
C009651,4,16.0,1993.67,498.42
C018406,3,11.0,1993.5,664.5
C018616,4,11.0,1992.05,498.01
C004633,9,24.0,1991.8,221.31
C016885,3,13.0,1991.58,663.86
C014493,4,10.0,1991.41,497.85
C010800,5,10.0,1991.39,398.28
C015051,4,12.0,1991.21,497.8
C003757,4,13.0,1991.1,497.78
C018961,6,11.0,1990.06,331.68
C001417,5,12.0,1989.68,397.94
C018912,5,9.0,1989.4,397.88
C010439,4,9.0,1989.28,497.32
C013422,3,10.0,1989.27,663.09
C008198,3,10.0,1988.86,662.95
C008648,2,8.0,1988.17,994.09
C003759,4,9.0,1987.71,496.93
C006911,4,11.0,1987.66,496.92
C003066,2,6.0,1987.64,993.82
C017206,7,15.0,1987.03,283.86
C010468,4,13.0,1986.85,496.71
C009543,3,14.0,1986.6,662.2
C010463,4,14.0,1986.55,496.64
C006378,5,14.0,1986.48,397.3
C006798,3,14.0,1986.29,662.1
C017299,4,13.0,1986.18,496.55
C013727,1,6.0,1985.93,1985.93
C013258,3,15.0,1985.91,661.97
C009849,6,15.0,1985.69,330.95
C010585,6,15.0,1985.66,330.94
C010791,8,21.0,1985.19,248.15
C009371,4,9.0,1985.02,496.26
C008107,4,12.0,1984.78,496.2
C019268,5,15.0,1984.68,396.94
C012384,3,9.0,1984.34,661.45
C010883,4,10.0,1984.05,496.01
C010650,6,12.0,1983.04,330.51
C017939,3,11.0,1982.99,661.0
C008494,4,13.0,1982.64,495.66
C019651,3,12.0,1982.63,660.88
C019984,6,15.0,1982.44,330.41
C001561,4,14.0,1982.39,495.6
C000042,3,13.0,1982.36,660.79
C010428,4,15.0,1982.32,495.58
C012051,5,11.0,1982.32,396.46
C008765,5,15.0,1982.32,396.46
C007151,2,8.0,1981.17,990.59
C014205,4,13.0,1981.11,495.28
C007735,5,10.0,1980.7,396.14
C011547,4,10.0,1980.42,495.11
C019223,3,8.0,1980.21,660.07
C018200,5,13.0,1980.14,396.03
C007798,4,10.0,1979.74,494.94
C013985,5,17.0,1979.34,395.87
C019175,6,13.0,1979.26,329.88
C017016,5,17.0,1979.26,395.85
C012642,4,13.0,1979.06,494.77
C018954,4,12.0,1978.92,494.73
C012855,4,12.0,1978.42,494.61
C009027,5,11.0,1978.41,395.68
C002402,4,13.0,1978.4,494.6
C001196,3,6.0,1978.27,659.42
C012104,4,11.0,1978.09,494.52
C000034,4,11.0,1977.89,494.47
C017107,5,9.0,1977.8,395.56
C019972,4,12.0,1977.49,494.37
C011704,3,10.0,1977.41,659.14
C017719,3,14.0,1977.2,659.07
C013124,2,13.0,1977.19,988.6
C003148,6,12.0,1976.93,329.49
C006610,6,13.0,1976.92,329.49
C005860,2,9.0,1976.69,988.35
C002717,2,11.0,1976.42,988.21
C000359,4,16.0,1976.14,494.04
C011482,4,17.0,1976.0,494.0
C003782,4,18.0,1975.75,493.94
C000284,4,11.0,1975.66,493.92
C016190,4,10.0,1975.41,493.85
C014225,4,10.0,1975.12,493.78
C018045,3,9.0,1974.98,658.33
C011995,3,16.0,1974.9,658.3
C004475,4,12.0,1974.82,493.71
C009033,3,11.0,1974.54,658.18
C010568,6,9.0,1974.2,329.03
C003323,6,10.0,1974.11,329.02
C008145,4,9.0,1973.41,493.35
C013610,4,11.0,1973.34,493.34
C009405,4,16.0,1973.27,493.32
C012083,3,12.0,1972.97,657.66
C013825,4,10.0,1972.95,493.24
C007693,5,13.0,1972.84,394.57
C007897,5,14.0,1972.81,394.56
C015902,3,11.0,1972.26,657.42
C018095,3,7.0,1972.23,657.41
C007460,5,18.0,1972.09,394.42
C004866,5,19.0,1971.94,394.39
C006989,4,12.0,1971.54,492.89
C006206,2,9.0,1971.13,985.57
C010021,5,23.0,1971.0,394.2
C015662,4,13.0,1970.88,492.72
C018672,6,22.0,1970.83,328.47
C008984,2,12.0,1970.77,985.39
C005819,4,11.0,1970.52,492.63
C006207,5,21.0,1970.52,394.1
C017732,5,11.0,1970.14,394.03
C015938,3,8.0,1970.01,656.67
C017569,2,9.0,1969.98,984.99
C013951,4,10.0,1969.42,492.36
C006628,5,12.0,1969.16,393.83
C001222,4,11.0,1969.03,492.26
C014973,4,11.0,1968.68,492.17
C018019,5,15.0,1968.42,393.68
C013859,4,17.0,1967.62,491.91
C018892,3,7.0,1967.56,655.85
C013016,6,24.0,1967.25,327.88
C005921,3,15.0,1967.09,655.7
C001333,7,16.0,1966.99,281.0
C000440,3,14.0,1966.25,655.42
C017890,5,12.0,1966.23,393.25
C014019,6,14.0,1965.95,327.66
C006597,4,11.0,1965.89,491.47
C018315,3,11.0,1965.72,655.24
C001848,4,13.0,1965.63,491.41
C004775,4,14.0,1965.57,491.39
C016157,4,12.0,1965.12,491.28
C004229,3,7.0,1965.11,655.04
C014436,3,10.0,1964.86,654.95
C001858,5,18.0,1964.86,392.97
C005262,3,9.0,1964.7,654.9
C014851,5,12.0,1964.47,392.89
C013896,5,15.0,1964.34,392.87
C011038,5,17.0,1962.89,392.58
C011232,4,12.0,1962.86,490.72
C018903,3,7.0,1962.25,654.08
C017668,5,14.0,1962.19,392.44
C010076,2,9.0,1962.18,981.09
C018017,5,17.0,1961.91,392.38
C008702,3,10.0,1961.84,653.95
C004705,2,7.0,1961.69,980.85
C015895,6,11.0,1961.44,326.91
C007013,5,16.0,1961.22,392.24
C009270,3,8.0,1961.22,653.74
C004067,4,12.0,1961.09,490.27
C004568,6,19.0,1960.19,326.7
C001875,4,12.0,1959.86,489.97
C011592,4,18.0,1959.73,489.93
C011342,3,10.0,1959.59,653.2
C014964,4,13.0,1959.42,489.86
C003804,4,14.0,1958.43,489.61
C003125,3,9.0,1958.29,652.76
C009992,3,7.0,1958.09,652.7
C006948,4,14.0,1957.75,489.44
C019284,5,11.0,1957.54,391.51
C019124,6,15.0,1957.39,326.23
C005476,5,15.0,1957.27,391.45
C018768,4,10.0,1957.07,489.27
C001187,6,17.0,1957.04,326.17
C017748,4,8.0,1956.9,489.23
C007913,3,13.0,1956.89,652.3
C010818,5,18.0,1956.85,391.37
C015510,4,7.0,1956.67,489.17
C003075,5,11.0,1956.48,391.3
C014427,3,13.0,1956.23,652.08
C005877,4,8.0,1955.81,488.95
C011353,5,15.0,1955.53,391.11
C005757,4,14.0,1955.52,488.88
C016773,4,11.0,1955.19,488.8
C013297,6,15.0,1954.82,325.8
C010654,5,10.0,1954.67,390.93
C010133,2,10.0,1953.46,976.73
C004052,2,9.0,1953.35,976.68
C006832,4,12.0,1953.17,488.29
C000780,3,9.0,1952.99,651.0
C008706,2,8.0,1952.98,976.49
C012091,4,10.0,1952.64,488.16
C010864,4,9.0,1951.69,487.92
C007534,3,10.0,1951.68,650.56
C002538,4,11.0,1951.66,487.92
C017605,4,14.0,1951.54,487.89
C015439,6,15.0,1951.41,325.24
C018559,6,17.0,1951.3,325.22
C010777,4,9.0,1950.69,487.67
C015092,4,8.0,1949.41,487.35
C014725,2,8.0,1949.03,974.52
C001324,4,12.0,1948.96,487.24
C000727,3,9.0,1948.42,649.47
C001491,7,13.0,1948.24,278.32
C015111,2,9.0,1947.47,973.74
C011947,3,10.0,1946.94,648.98
C008158,6,19.0,1946.86,324.48
C014683,7,16.0,1946.29,278.04
C015075,6,18.0,1946.14,324.36
C007625,4,11.0,1946.11,486.53
C009599,3,19.0,1945.98,648.66
C001071,5,11.0,1945.07,389.01
C002647,5,17.0,1944.9,388.98
C013758,4,13.0,1944.81,486.2
C010041,2,12.0,1944.29,972.15
C009573,3,11.0,1944.19,648.06
C015234,3,8.0,1944.1,648.03
C009904,4,16.0,1943.77,485.94
C014900,3,13.0,1943.37,647.79
C013731,3,10.0,1943.35,647.78
C009663,4,11.0,1943.19,485.8
C017970,5,11.0,1943.12,388.62
C009133,4,17.0,1943.02,485.76
C004949,4,16.0,1943.02,485.76
C003359,3,8.0,1943.01,647.67
C011580,4,12.0,1942.94,485.74
C006065,4,11.0,1942.89,485.72
C004923,4,11.0,1942.82,485.71
C016481,5,13.0,1942.62,388.52
C017752,4,13.0,1942.49,485.62
C017282,2,7.0,1942.38,971.19
C018907,2,11.0,1942.3,971.15
C009610,4,9.0,1942.22,485.56
C019496,2,6.0,1941.98,970.99
C009741,3,8.0,1941.74,647.25
C008279,3,9.0,1941.48,647.16
C008313,4,17.0,1941.44,485.36
C016497,5,17.0,1941.43,388.29
C015560,3,9.0,1941.33,647.11
C008636,3,12.0,1941.2,647.07
C006074,5,12.0,1941.08,388.22
C015696,4,12.0,1941.05,485.26
C012918,4,17.0,1941.04,485.26
C015917,1,6.0,1940.87,1940.87
C009077,3,7.0,1940.83,646.94
C013837,5,10.0,1940.76,388.15
C013352,5,12.0,1940.67,388.13
C016046,5,19.0,1940.61,388.12
C010627,7,14.0,1940.36,277.19
C008225,3,10.0,1940.22,646.74
C012111,5,10.0,1939.43,387.89
C016213,5,16.0,1939.17,387.83
C002113,6,11.0,1938.4,323.07
C010118,3,11.0,1938.36,646.12
C001909,5,16.0,1938.19,387.64
C006698,3,10.0,1938.05,646.02
C003397,3,12.0,1938.04,646.01
C017615,6,13.0,1936.68,322.78
C008388,6,12.0,1936.58,322.76
C003827,6,11.0,1936.26,322.71
C018845,3,10.0,1936.04,645.35
C009287,4,13.0,1935.99,484.0
C002738,3,10.0,1935.9,645.3
C004126,3,12.0,1935.32,645.11
C008912,3,16.0,1934.7,644.9
C002944,4,15.0,1934.63,483.66
C004132,4,14.0,1934.33,483.58
C005321,4,12.0,1934.31,483.58
C018504,5,9.0,1934.27,386.85
C017519,4,9.0,1933.97,483.49
C006230,3,10.0,1933.84,644.61
C000410,3,10.0,1933.71,644.57
C003746,3,11.0,1933.67,644.56
C011208,3,14.0,1933.62,644.54
C008638,4,13.0,1933.59,483.4
C010607,6,23.0,1933.59,322.27
C010396,6,15.0,1933.5,322.25
C001236,4,10.0,1933.42,483.36
C004520,5,15.0,1933.22,386.64
C004874,4,12.0,1933.2,483.3
C004500,6,17.0,1932.73,322.12
C007745,6,10.0,1932.22,322.04
C017118,3,11.0,1931.64,643.88
C005970,5,13.0,1931.44,386.29
C016830,3,9.0,1931.31,643.77
C012084,2,8.0,1931.01,965.51
C004408,3,7.0,1930.9,643.63
C003920,4,14.0,1930.65,482.66
C005420,4,11.0,1930.25,482.56
C013268,6,22.0,1929.98,321.66
C017658,4,10.0,1929.91,482.48
C012218,5,12.0,1929.9,385.98
C002185,2,9.0,1929.71,964.86
C006914,4,10.0,1929.06,482.27
C009862,3,13.0,1929.0,643.0
C017200,6,9.0,1928.71,321.45
C009454,6,16.0,1928.52,321.42
C016544,3,9.0,1928.38,642.79
C018380,2,12.0,1927.98,963.99
C000712,4,9.0,1927.95,481.99
C010993,2,9.0,1927.76,963.88
C007152,3,11.0,1927.76,642.59
C018994,5,13.0,1927.67,385.53
C006830,4,12.0,1927.59,481.9
C007075,4,13.0,1927.59,481.9
C001945,2,10.0,1927.51,963.76
C006675,4,9.0,1926.97,481.74
C012299,4,9.0,1926.51,481.63
C007081,3,12.0,1926.45,642.15
C000414,4,11.0,1926.3,481.58
C010168,3,12.0,1926.11,642.04
C018795,8,15.0,1925.99,240.75
C007923,4,12.0,1925.97,481.49
C014554,3,10.0,1925.73,641.91
C003898,3,16.0,1925.48,641.83
C014961,5,19.0,1925.44,385.09
C012448,4,12.0,1925.16,481.29
C003392,5,18.0,1925.14,385.03
C003754,5,12.0,1925.05,385.01
C018755,5,15.0,1924.67,384.93
C010847,4,12.0,1924.54,481.14
C001700,6,21.0,1924.48,320.75
C006096,5,10.0,1924.42,384.88
C008172,2,8.0,1924.39,962.2
C014353,3,14.0,1924.11,641.37
C004668,3,10.0,1923.59,641.2
C012713,3,7.0,1923.54,641.18
C012010,5,11.0,1922.73,384.55
C016416,4,13.0,1922.71,480.68
C015260,5,12.0,1922.6,384.52
C004275,2,8.0,1922.27,961.14
C000627,5,12.0,1922.17,384.43
C007717,4,12.0,1921.91,480.48
C015091,5,11.0,1921.85,384.37
C017312,5,11.0,1921.74,384.35
C018983,6,13.0,1921.59,320.27
C019585,3,9.0,1921.42,640.47
C002852,5,9.0,1921.35,384.27
C000749,6,13.0,1921.04,320.17
C012962,2,6.0,1920.95,960.48
C011164,5,8.0,1920.91,384.18
C016690,4,10.0,1920.76,480.19
C010441,5,10.0,1920.69,384.14
C014413,4,11.0,1920.4,480.1
C011616,5,14.0,1920.37,384.07
C012278,5,10.0,1920.36,384.07
C012418,5,13.0,1920.26,384.05
C019240,4,14.0,1920.23,480.06
C006136,5,17.0,1920.09,384.02
C017700,2,8.0,1919.7,959.85
C017223,2,9.0,1919.67,959.84
C010532,3,10.0,1918.9,639.63
C002805,3,8.0,1918.8,639.6
C015000,5,6.0,1918.03,383.61
C006977,6,12.0,1917.96,319.66
C003997,4,9.0,1917.91,479.48
C019126,5,12.0,1917.63,383.53
C010901,3,13.0,1917.47,639.16
C013803,5,14.0,1917.33,383.47
C001131,4,10.0,1916.57,479.14
C006101,5,18.0,1916.49,383.3
C004085,4,9.0,1916.32,479.08
C005365,3,6.0,1916.29,638.76
C006337,4,10.0,1915.23,478.81
C002347,4,12.0,1915.19,478.8
C004007,4,10.0,1914.63,478.66
C001091,5,13.0,1914.52,382.9
C000079,5,12.0,1914.45,382.89
C013970,2,9.0,1914.34,957.17
C009742,5,11.0,1914.01,382.8
C014073,6,11.0,1913.64,318.94
C005895,4,9.0,1913.61,478.4
C018373,3,9.0,1913.43,637.81
C019440,6,20.0,1913.27,318.88
C016103,5,10.0,1913.23,382.65
C016488,6,17.0,1913.22,318.87
C015474,3,9.0,1913.21,637.74
C007526,7,17.0,1913.17,273.31
C016789,10,25.0,1913.13,191.31
C019118,3,10.0,1913.0,637.67
C018213,5,10.0,1912.91,382.58
C019862,3,8.0,1912.63,637.54
C006259,4,9.0,1911.74,477.94
C017577,4,11.0,1911.72,477.93
C018885,4,12.0,1911.62,477.91
C012332,7,15.0,1911.59,273.08
C010969,4,16.0,1911.11,477.78
C013947,2,8.0,1911.03,955.52
C017793,5,11.0,1910.34,382.07
C015374,2,13.0,1909.92,954.96
C010990,4,10.0,1909.86,477.47
C010955,5,13.0,1908.63,381.73
C019249,4,10.0,1908.62,477.16
C009309,1,6.0,1906.79,1906.79
C016033,3,9.0,1906.74,635.58
C002346,5,8.0,1906.64,381.33
C012923,3,13.0,1906.56,635.52
C008664,6,11.0,1906.51,317.75
C015622,4,12.0,1906.5,476.63
C019115,4,12.0,1905.72,476.43
C016197,6,18.0,1905.52,317.59
C007291,2,11.0,1905.35,952.68
C001812,5,14.0,1905.02,381.0
C009283,5,10.0,1904.47,380.89
C011802,2,9.0,1904.36,952.18
C007381,5,13.0,1903.87,380.77
C010444,4,19.0,1903.62,475.91
C019754,3,13.0,1903.44,634.48
C015708,4,10.0,1902.99,475.75
C005737,6,13.0,1902.97,317.16
C018154,4,9.0,1902.91,475.73
C000343,5,16.0,1901.7,380.34
C015906,4,15.0,1901.65,475.41
C011427,4,15.0,1901.23,475.31
C001403,7,18.0,1901.08,271.58
C016995,5,13.0,1900.99,380.2
C004864,7,15.0,1900.07,271.44
C013461,5,9.0,1900.04,380.01
C000846,6,14.0,1899.93,316.66
C010655,7,19.0,1899.89,271.41
C017169,4,9.0,1899.8,474.95
C005336,4,10.0,1899.54,474.89
C015623,4,12.0,1899.37,474.84
C015158,4,15.0,1898.68,474.67
C012148,4,13.0,1898.51,474.63
C001287,5,13.0,1898.05,379.61
C007340,3,9.0,1898.04,632.68
C013602,5,13.0,1897.9,379.58
C016057,4,11.0,1897.59,474.4
C016186,2,7.0,1897.53,948.77
C008788,5,11.0,1897.01,379.4
C003709,4,10.0,1896.97,474.24
C014643,4,11.0,1896.83,474.21
C008742,4,12.0,1896.47,474.12
C004781,4,12.0,1896.32,474.08
C015034,4,13.0,1896.23,474.06
C008051,4,18.0,1896.07,474.02
C011925,3,8.0,1895.91,631.97
C007230,4,10.0,1895.59,473.9
C014559,4,15.0,1895.55,473.89
C000954,4,11.0,1895.16,473.79
C019108,4,16.0,1895.01,473.75
C015323,4,13.0,1894.87,473.72
C019611,6,15.0,1894.85,315.81
C001779,3,12.0,1894.51,631.5
C002034,4,12.0,1894.48,473.62
C008036,4,7.0,1894.35,473.59
C008076,4,12.0,1894.17,473.54
C008211,3,9.0,1894.07,631.36
C009416,4,13.0,1893.67,473.42
C014390,4,8.0,1893.33,473.33
C004765,1,9.0,1893.06,1893.06
C000393,6,10.0,1892.77,315.46
C019377,4,13.0,1892.01,473.0
C014838,3,12.0,1891.76,630.59
C015303,3,12.0,1891.45,630.48
C003933,5,17.0,1891.13,378.23
C011871,4,13.0,1890.99,472.75
C004133,4,13.0,1890.85,472.71
C011913,4,9.0,1890.66,472.67
C016341,2,8.0,1890.42,945.21
C019639,3,10.0,1889.78,629.93
C009509,4,11.0,1889.63,472.41
C000420,4,11.0,1889.45,472.36
C002450,3,9.0,1889.23,629.74
C003173,7,22.0,1889.12,269.87
C013945,4,11.0,1888.95,472.24
C009765,3,10.0,1888.83,629.61
C007176,4,13.0,1888.45,472.11
C012791,3,9.0,1888.14,629.38
C014365,5,13.0,1888.07,377.61
C004544,5,9.0,1888.05,377.61
C017546,5,10.0,1887.91,377.58
C006046,2,9.0,1887.67,943.84
C007488,6,10.0,1887.67,314.61
C001295,3,13.0,1887.64,629.21
C004751,3,7.0,1887.45,629.15
C018121,5,14.0,1886.33,377.27
C019518,3,6.0,1886.26,628.75
C018831,4,13.0,1886.22,471.56
C016200,6,16.0,1886.16,314.36
C014899,7,13.0,1886.0,269.43
C011867,3,8.0,1885.95,628.65
C005641,4,10.0,1885.74,471.44
C003351,4,8.0,1885.73,471.43
C007715,4,12.0,1885.63,471.41
C005563,5,12.0,1885.54,377.11
C008355,5,13.0,1885.36,377.07
C006092,3,11.0,1885.32,628.44
C003989,4,11.0,1885.18,471.3
C006280,2,9.0,1884.77,942.39
C008781,8,20.0,1884.75,235.59
C017844,3,13.0,1884.69,628.23
C002752,4,9.0,1884.66,471.17
C009492,3,10.0,1884.58,628.19
C007828,2,8.0,1884.57,942.29
C017657,6,12.0,1884.54,314.09
C001272,3,8.0,1884.24,628.08
C010559,6,14.0,1883.55,313.93
C007902,4,14.0,1883.34,470.84
C009489,3,10.0,1883.33,627.78
C010062,2,12.0,1883.01,941.51
C018287,5,12.0,1882.99,376.6
C009080,4,10.0,1882.98,470.75
C018096,3,8.0,1882.86,627.62
C005068,4,10.0,1882.85,470.71
C003284,5,13.0,1882.83,376.57
C002481,7,13.0,1882.33,268.9
C007136,5,12.0,1882.0,376.4
C006898,4,12.0,1881.86,470.47
C008760,5,10.0,1881.69,376.34
C018340,3,13.0,1881.6,627.2
C012308,4,10.0,1881.25,470.31
C013325,3,12.0,1881.23,627.08
C012819,3,12.0,1881.11,627.04
C009449,3,7.0,1881.11,627.04
C014722,5,12.0,1880.91,376.18
C005537,4,9.0,1880.74,470.19
C005471,4,7.0,1880.26,470.07
C002587,5,12.0,1880.07,376.01
C003287,5,12.0,1879.97,375.99
C007597,4,11.0,1879.79,469.95
C002449,4,12.0,1879.62,469.91
C016026,4,13.0,1879.51,469.88
C005842,3,10.0,1879.43,626.48
C017485,4,12.0,1879.06,469.77
C007101,3,11.0,1879.0,626.33
C008955,4,8.0,1878.71,469.68
C003377,3,11.0,1878.52,626.17
C003776,4,13.0,1878.45,469.61
C005577,6,13.0,1878.04,313.01
C007910,3,11.0,1877.61,625.87
C002923,5,17.0,1877.47,375.49
C016359,6,14.0,1877.39,312.9
C013218,7,23.0,1877.37,268.2
C012181,4,8.0,1877.21,469.3
C006214,2,8.0,1877.18,938.59
C000254,3,11.0,1877.09,625.7
C001449,5,10.0,1876.76,375.35
C014551,5,14.0,1876.71,375.34
C017608,6,14.0,1876.66,312.78
C007262,4,14.0,1876.42,469.11
C016857,4,13.0,1876.28,469.07
C013715,4,14.0,1875.86,468.97
C010084,6,12.0,1875.69,312.62
C017037,3,8.0,1875.51,625.17
C004291,3,12.0,1875.25,625.08
C012285,4,10.0,1875.2,468.8
C009817,3,8.0,1874.89,624.96
C015487,4,8.0,1874.79,468.7
C002229,3,7.0,1874.75,624.92
C009431,4,13.0,1874.59,468.65
C008627,5,13.0,1874.56,374.91
C004628,3,10.0,1874.48,624.83
C009505,4,9.0,1873.97,468.49
C014810,5,13.0,1873.97,374.79
C010115,3,11.0,1873.15,624.38
C010658,5,17.0,1872.65,374.53
C019792,4,14.0,1872.54,468.14
C019801,3,12.0,1872.54,624.18
C011804,3,19.0,1872.52,624.17
C019323,3,9.0,1871.69,623.9
C010245,3,11.0,1871.64,623.88
C002214,5,15.0,1871.25,374.25
C007785,5,9.0,1871.25,374.25
C016782,3,11.0,1871.13,623.71
C011205,4,8.0,1871.07,467.77
C002212,5,13.0,1870.98,374.2
C005865,2,6.0,1870.97,935.49
C015516,2,12.0,1870.78,935.39
C000378,5,14.0,1870.65,374.13
C009871,2,6.0,1870.59,935.3
C000483,6,16.0,1870.17,311.7
C018021,4,17.0,1870.05,467.51
C000098,5,13.0,1869.24,373.85
C005274,7,22.0,1869.17,267.02
C008947,5,10.0,1869.05,373.81
C000669,3,11.0,1869.02,623.01
C006001,4,15.0,1868.91,467.23
C008653,4,13.0,1868.17,467.04
C000565,6,15.0,1868.03,311.34
C013113,3,7.0,1867.64,622.55
C012708,3,10.0,1867.42,622.47
C015955,3,12.0,1867.33,622.44
C013539,5,12.0,1867.04,373.41
C000338,5,14.0,1866.66,373.33
C015251,3,8.0,1866.11,622.04
C014504,3,8.0,1865.94,621.98
C005941,4,12.0,1865.7,466.43
C005507,8,16.0,1865.7,233.21
C016257,4,8.0,1865.58,466.4
C015573,1,8.0,1865.48,1865.48
C004419,3,10.0,1865.45,621.82
C013232,4,10.0,1865.32,466.33
C017633,5,10.0,1865.28,373.06
C019736,4,9.0,1864.93,466.23
C009698,5,10.0,1864.91,372.98
C017306,5,15.0,1864.68,372.94
C000363,4,14.0,1864.55,466.14
C009855,4,19.0,1864.52,466.13
C013791,4,7.0,1864.46,466.12
C010110,3,8.0,1863.85,621.28
C011247,6,11.0,1863.71,310.62
C001025,6,12.0,1863.62,310.6
C014770,4,9.0,1863.47,465.87
C000467,3,8.0,1863.46,621.15
C008500,6,10.0,1863.08,310.51
C003087,5,14.0,1862.77,372.55
C008235,6,10.0,1862.1,310.35
C011054,5,12.0,1861.9,372.38
C009909,2,9.0,1861.84,930.92
C017933,3,6.0,1860.88,620.29
C015739,4,10.0,1859.95,464.99
C012464,5,13.0,1859.8,371.96
C010910,3,12.0,1859.73,619.91
C008954,5,9.0,1859.72,371.94
C003697,3,11.0,1859.48,619.83
C019786,4,10.0,1859.42,464.86
C007930,2,8.0,1859.22,929.61
C001471,4,11.0,1859.05,464.76
C019903,4,8.0,1858.67,464.67
C014330,5,16.0,1857.7,371.54
C001713,6,11.0,1857.66,309.61
C013558,3,8.0,1857.01,619.0
C014824,4,10.0,1856.97,464.24
C008037,2,7.0,1856.83,928.42
C004064,4,9.0,1856.54,464.14
C007188,3,9.0,1856.38,618.79
C019044,6,12.0,1856.16,309.36
C019287,5,10.0,1856.16,371.23
C005551,4,11.0,1856.07,464.02
C005894,4,11.0,1856.01,464.0
C014581,4,14.0,1854.99,463.75
C011146,4,11.0,1854.91,463.73
C016899,4,13.0,1854.85,463.71
C003013,4,11.0,1854.8,463.7
C002775,4,11.0,1854.76,463.69
C017066,3,8.0,1854.51,618.17
C014012,3,8.0,1854.1,618.03
C008617,3,11.0,1854.06,618.02
C009313,3,8.0,1853.99,618.0
C008967,4,11.0,1853.86,463.47
C016221,4,13.0,1853.58,463.4
C009756,3,12.0,1853.21,617.74
C016270,5,13.0,1853.03,370.61
C003952,6,13.0,1852.92,308.82
C012590,4,11.0,1852.64,463.16
C018774,3,10.0,1852.58,617.53
C012598,6,11.0,1852.1,308.68
C014018,5,11.0,1851.98,370.4
C011874,5,11.0,1851.9,370.38
C002433,4,13.0,1851.87,462.97
C013358,4,9.0,1851.62,462.91
C004363,2,9.0,1851.37,925.69
C002480,4,9.0,1851.15,462.79
C005656,4,15.0,1850.96,462.74
C001443,4,9.0,1850.9,462.73
C007621,3,10.0,1850.71,616.9
C010540,3,7.0,1850.53,616.84
C015866,4,9.0,1850.43,462.61
C005394,3,9.0,1849.57,616.52
C002857,3,7.0,1849.14,616.38
C017753,4,12.0,1849.04,462.26
C010211,4,16.0,1848.79,462.2
C004489,3,9.0,1848.75,616.25
C010707,5,14.0,1848.73,369.75
C008774,3,10.0,1848.38,616.13
C011816,3,12.0,1848.03,616.01
C003533,6,20.0,1847.98,308.0
C001357,4,11.0,1847.96,461.99
C016577,4,7.0,1847.68,461.92
C003197,3,10.0,1847.54,615.85
C015332,3,10.0,1847.46,615.82
C015228,4,7.0,1846.7,461.68
C007383,4,14.0,1846.32,461.58
C002876,3,6.0,1846.17,615.39
C004767,3,9.0,1845.24,615.08
C011421,3,13.0,1844.99,615.0
C000352,5,17.0,1844.64,368.93
C002651,4,12.0,1844.45,461.11
C017618,5,12.0,1844.24,368.85
C011303,3,12.0,1844.06,614.69
C014806,2,9.0,1843.97,921.99
C001216,2,6.0,1843.82,921.91
C018936,4,13.0,1843.77,460.94
C016277,5,10.0,1843.69,368.74
C018065,6,13.0,1843.42,307.24
C004523,2,8.0,1843.08,921.54
C013497,4,12.0,1842.97,460.74
C016813,6,13.0,1842.73,307.12
C019208,3,11.0,1842.7,614.23
C012359,2,8.0,1842.7,921.35
C012792,3,11.0,1842.63,614.21
C015293,5,9.0,1842.58,368.52
C010790,3,12.0,1842.56,614.19
C007608,4,17.0,1842.46,460.62
C017152,2,12.0,1842.41,921.21
C001418,3,11.0,1842.4,614.13
C014020,2,7.0,1842.1,921.05
C003713,4,11.0,1841.55,460.39
C002639,3,8.0,1841.12,613.71
C009375,3,8.0,1840.31,613.44
C013188,5,16.0,1840.16,368.03
C010797,2,8.0,1840.15,920.08
C007983,4,13.0,1840.06,460.02
C011326,4,10.0,1839.92,459.98
C018564,4,13.0,1839.78,459.95
C003335,4,12.0,1839.73,459.93
C005254,5,8.0,1839.58,367.92
C008204,3,6.0,1839.46,613.15
C017495,4,10.0,1839.15,459.79
C016110,4,7.0,1839.12,459.78
C002157,3,9.0,1838.77,612.92
C019820,3,9.0,1838.75,612.92
C004786,3,10.0,1838.54,612.85
C014560,2,7.0,1838.45,919.23
C019526,2,10.0,1837.93,918.97
C003966,5,13.0,1837.52,367.5
C014452,6,20.0,1837.33,306.22
C011455,3,8.0,1837.15,612.38
C003386,5,11.0,1837.05,367.41
C015315,3,10.0,1836.75,612.25
C016930,4,11.0,1836.66,459.17
C008190,4,11.0,1836.59,459.15
C013324,4,12.0,1836.31,459.08
C006113,5,17.0,1835.89,367.18
C007130,5,15.0,1835.89,367.18
C005340,3,6.0,1835.69,611.9
C013591,4,12.0,1835.64,458.91
C003701,5,12.0,1835.53,367.11
C019155,5,12.0,1835.51,367.1
C014170,5,11.0,1835.17,367.03
C007444,2,5.0,1835.09,917.55
C008260,5,13.0,1835.06,367.01
C014776,3,12.0,1834.91,611.64
C004521,7,14.0,1834.59,262.08
C016099,2,11.0,1834.31,917.16
C009189,4,8.0,1834.11,458.53
C018463,2,7.0,1834.09,917.05
C018944,3,9.0,1833.55,611.18
C019090,5,15.0,1833.39,366.68
C017396,4,13.0,1833.33,458.33
C015784,4,8.0,1833.12,458.28
C019510,3,7.0,1832.95,610.98
C014665,3,8.0,1832.89,610.96
C015128,2,7.0,1832.76,916.38
C008884,5,14.0,1832.51,366.5
C006404,3,7.0,1832.2,610.73
C015364,3,6.0,1832.0,610.67
C001718,4,12.0,1831.62,457.91
C007511,4,11.0,1831.6,457.9
C015410,6,16.0,1831.55,305.26
C006190,2,10.0,1831.51,915.76
C012288,4,9.0,1831.18,457.8
C018674,4,15.0,1831.17,457.79
C007423,4,8.0,1831.14,457.79
C003107,5,16.0,1831.12,366.22
C010345,4,18.0,1830.4,457.6
C019171,3,12.0,1830.21,610.07
C012168,3,9.0,1829.26,609.75
C008875,4,11.0,1829.19,457.3
C001703,5,10.0,1829.16,365.83
C012983,3,8.0,1829.1,609.7
C003206,3,7.0,1829.08,609.69
C003433,4,10.0,1828.6,457.15
C006010,4,13.0,1828.34,457.09
C019414,5,13.0,1828.22,365.64
C015896,2,6.0,1828.13,914.07
C009611,3,8.0,1828.1,609.37
C000521,3,10.0,1828.03,609.34
C008458,3,8.0,1827.99,609.33
C003182,4,10.0,1827.85,456.96
C007933,5,17.0,1827.83,365.57
C011560,6,15.0,1827.73,304.62
C006144,3,14.0,1827.58,609.19
C012689,4,11.0,1827.51,456.88
C009378,3,15.0,1827.2,609.07
C013507,4,15.0,1827.09,456.77
C005845,5,11.0,1826.86,365.37
C005686,4,11.0,1826.72,456.68
C011732,3,11.0,1826.33,608.78
C010614,4,11.0,1826.18,456.55
C017469,3,12.0,1826.14,608.71
C005650,3,9.0,1825.92,608.64
C011262,6,13.0,1825.87,304.31
C011379,3,10.0,1825.79,608.6
C011415,5,9.0,1825.68,365.14
C008242,5,10.0,1825.67,365.13
C004985,4,13.0,1825.49,456.37
C017738,5,16.0,1825.45,365.09
C017224,4,8.0,1825.04,456.26
C006062,5,11.0,1825.03,365.01
C015284,2,6.0,1824.96,912.48
C013561,3,7.0,1824.55,608.18
C003710,4,12.0,1824.35,456.09
C000865,8,15.0,1824.01,228.0
C006254,4,15.0,1823.99,456.0
C003272,4,7.0,1822.94,455.74
C005747,3,9.0,1822.69,607.56
C011000,3,8.0,1822.61,607.54
C014901,5,16.0,1822.51,364.5
C016706,4,11.0,1822.1,455.53
C001625,5,16.0,1821.62,364.32
C009820,3,12.0,1821.03,607.01
C012880,5,9.0,1821.02,364.2
C014759,6,12.0,1820.9,303.48
C019355,7,24.0,1820.75,260.11
C010406,4,12.0,1820.73,455.18
C017646,3,9.0,1820.71,606.9
C015962,5,12.0,1820.49,364.1
C009774,4,11.0,1820.49,455.12
C004101,4,14.0,1820.24,455.06
C010763,2,10.0,1820.22,910.11
C015357,5,13.0,1820.21,364.04
C002325,4,13.0,1820.09,455.02
C007875,4,14.0,1820.08,455.02
C002725,4,16.0,1818.58,454.65
C012100,3,12.0,1818.54,606.18
C016223,4,12.0,1818.48,454.62
C005752,3,10.0,1818.34,606.11
C001937,5,12.0,1818.13,363.63
C000517,3,14.0,1817.87,605.96
C011594,3,10.0,1817.68,605.89
C007178,3,11.0,1817.28,605.76
C010805,5,13.0,1817.15,363.43
C002974,4,12.0,1817.06,454.27
C013390,3,14.0,1816.8,605.6
C005069,4,11.0,1816.58,454.15
C011926,4,7.0,1816.15,454.04
C017284,4,10.0,1815.62,453.91
C019446,4,13.0,1815.24,453.81
C018655,4,14.0,1815.22,453.81
C003529,3,9.0,1814.65,604.88
C012447,2,7.0,1814.56,907.28
C011130,6,9.0,1814.53,302.42
C003893,6,13.0,1814.53,302.42
C011063,5,12.0,1814.34,362.87
C008839,6,16.0,1814.05,302.34
C018189,4,10.0,1813.4,453.35
C005408,5,9.0,1813.33,362.67
C008295,2,7.0,1812.99,906.5
C018818,2,7.0,1812.91,906.46
C010459,3,12.0,1812.8,604.27
C008659,2,8.0,1812.24,906.12
C010853,2,7.0,1812.0,906.0
C018812,4,12.0,1811.55,452.89
C003089,2,6.0,1811.22,905.61
C006659,4,9.0,1810.22,452.56
C013944,5,11.0,1810.16,362.03
C002967,6,17.0,1810.09,301.68
C000761,4,16.0,1809.74,452.44
C013405,2,10.0,1809.66,904.83
C016545,3,17.0,1809.55,603.18
C018157,5,15.0,1809.39,361.88
C002275,4,11.0,1809.21,452.3
C002418,4,10.0,1809.2,452.3
C017871,3,12.0,1808.59,602.86
C014740,5,14.0,1808.59,361.72
C016272,5,10.0,1808.52,361.7
C009458,4,11.0,1808.41,452.1
C000318,5,12.0,1808.32,361.66
C001245,6,10.0,1808.16,301.36
C007532,2,7.0,1808.05,904.03
C016495,4,12.0,1807.45,451.86
C000219,6,12.0,1807.2,301.2
C003028,3,12.0,1807.07,602.36
C018744,6,10.0,1806.71,301.12
C016482,4,10.0,1806.62,451.66
C003538,2,7.0,1806.34,903.17
C006421,2,8.0,1806.2,903.1
C018025,4,12.0,1805.62,451.41
C019883,5,15.0,1805.48,361.1
C000652,2,6.0,1805.47,902.74
C006289,3,8.0,1805.44,601.81
C007088,4,14.0,1805.16,451.29
C000367,3,11.0,1804.99,601.66
C016478,4,9.0,1804.88,451.22
C016602,3,9.0,1804.34,601.45
C019839,7,16.0,1803.83,257.69
C011659,3,11.0,1803.53,601.18
C014038,5,13.0,1802.88,360.58
C013476,3,10.0,1802.87,600.96
C018198,4,12.0,1802.61,450.65
C016524,3,11.0,1802.5,600.83
C003361,6,16.0,1802.06,300.34
C004659,3,10.0,1801.78,600.59
C018435,2,12.0,1801.64,900.82
C004457,4,9.0,1801.28,450.32
C005456,4,13.0,1800.84,450.21
C015206,5,16.0,1800.74,360.15
C018863,4,9.0,1800.4,450.1
C007582,3,11.0,1800.02,600.01
C016910,5,19.0,1800.02,360.0
C011819,3,11.0,1799.97,599.99
C008305,3,7.0,1799.72,599.91
C018310,1,9.0,1799.64,1799.64
C006186,5,11.0,1799.56,359.91
C002515,3,10.0,1799.29,599.76
C008942,4,9.0,1798.68,449.67
C012700,3,9.0,1798.6,599.53
C012164,4,11.0,1798.52,449.63
C016711,4,9.0,1798.4,449.6
C014532,5,13.0,1798.36,359.67
C005906,6,13.0,1798.01,299.67
C015554,3,10.0,1797.97,599.32
C011815,3,8.0,1797.1,599.03
C006823,3,12.0,1797.07,599.02
C012956,3,11.0,1796.98,598.99
C002814,6,15.0,1796.8,299.47
C015881,1,5.0,1796.36,1796.36
C001694,4,15.0,1796.17,449.04
C006159,5,10.0,1796.01,359.2
C006891,5,11.0,1795.52,359.1
C016331,3,7.0,1795.33,598.44
C008443,7,10.0,1795.02,256.43
C009327,5,12.0,1794.69,358.94
C016700,3,9.0,1794.6,598.2
C019453,5,11.0,1794.44,358.89
C013949,3,10.0,1794.37,598.12
C003519,4,10.0,1794.16,448.54
C019210,4,7.0,1793.84,448.46
C009122,4,10.0,1793.4,448.35
C009011,3,13.0,1792.87,597.62
C012101,5,16.0,1792.79,358.56
C008728,4,9.0,1792.52,448.13
C019030,3,10.0,1792.45,597.48
C003002,3,10.0,1792.24,597.41
C016147,5,15.0,1792.13,358.43
C017782,2,8.0,1791.9,895.95
C004189,3,9.0,1791.4,597.13
C016745,4,9.0,1791.3,447.83
C013191,3,13.0,1791.21,597.07
C002207,5,19.0,1790.84,358.17
C000754,4,7.0,1790.79,447.7
C007040,7,14.0,1790.25,255.75
C007708,3,12.0,1790.2,596.73
C009369,3,10.0,1790.2,596.73
C001765,5,12.0,1789.63,357.93
C017345,6,13.0,1789.23,298.21
C015125,4,9.0,1788.91,447.23
C006958,5,11.0,1788.88,357.78
C009897,4,12.0,1788.44,447.11
C016665,3,10.0,1788.34,596.11
C005483,2,5.0,1788.24,894.12
C016610,3,9.0,1787.99,596.0
C017004,5,12.0,1787.94,357.59
C004602,4,10.0,1787.81,446.95
C018051,4,11.0,1787.58,446.9
C010259,2,10.0,1786.63,893.32
C009735,6,12.0,1786.42,297.74
C011718,3,9.0,1786.32,595.44
C016296,4,14.0,1785.71,446.43
C006941,2,11.0,1785.69,892.85
C001214,5,16.0,1785.52,357.1
C012000,5,13.0,1785.38,357.08
C001655,2,12.0,1785.16,892.58
C009101,3,12.0,1785.01,595.0
C000245,4,11.0,1784.7,446.18
C010201,2,6.0,1784.56,892.28
C015635,2,8.0,1784.43,892.22
C015069,2,6.0,1783.93,891.97
C015777,3,8.0,1783.75,594.58
C015539,2,10.0,1783.37,891.69
C010197,4,9.0,1782.95,445.74
C009615,6,11.0,1782.86,297.14
C012205,3,9.0,1782.73,594.24
C013134,4,12.0,1782.6,445.65
C017095,5,14.0,1782.49,356.5
C018246,4,8.0,1781.76,445.44
C016875,5,16.0,1781.68,356.34
C010964,4,11.0,1780.69,445.17
C007963,4,14.0,1779.58,444.9
C018632,4,10.0,1779.53,444.88
C014771,2,11.0,1779.4,889.7
C019061,2,9.0,1779.11,889.56
C015087,5,14.0,1779.01,355.8
C002227,5,9.0,1778.94,355.79
C004928,2,6.0,1778.74,889.37
C017377,4,8.0,1778.58,444.65
C009055,4,8.0,1778.57,444.64
C014048,4,8.0,1777.9,444.48
C006644,3,13.0,1777.83,592.61
C019785,5,19.0,1777.64,355.53
C003302,5,19.0,1777.21,355.44
C014385,4,9.0,1777.08,444.27
C005658,2,8.0,1776.73,888.37
C005954,4,7.0,1776.63,444.16
C011087,3,9.0,1776.45,592.15
C006727,2,8.0,1776.3,888.15
C003365,4,7.0,1776.03,444.01
C002721,5,11.0,1775.92,355.18
C005749,3,10.0,1775.81,591.94
C002788,3,11.0,1775.52,591.84
C013784,5,16.0,1775.44,355.09
C003166,2,6.0,1775.37,887.69
C004015,7,12.0,1774.77,253.54
C010405,3,11.0,1774.39,591.46
C004662,5,16.0,1774.35,354.87
C001791,3,8.0,1774.24,591.41
C000177,2,12.0,1774.24,887.12
C000751,4,15.0,1773.97,443.49
C018763,5,14.0,1773.88,354.78
C015073,3,10.0,1773.71,591.24
C014869,5,15.0,1773.45,354.69
C001922,6,16.0,1773.4,295.57
C013103,2,9.0,1773.11,886.56
C009239,5,11.0,1772.67,354.53
C012139,5,15.0,1772.38,354.48
C019156,4,10.0,1772.11,443.03
C004172,5,16.0,1771.89,354.38
C009109,3,8.0,1771.82,590.61
C007183,3,20.0,1771.73,590.58
C011103,2,5.0,1771.32,885.66
C009392,3,10.0,1771.26,590.42
C005662,3,5.0,1771.25,590.42
C017228,4,14.0,1771.16,442.79
C015421,4,13.0,1770.72,442.68
C000826,5,17.0,1770.53,354.11
C009385,5,13.0,1770.47,354.09
C000658,4,13.0,1769.94,442.49
C019662,4,10.0,1769.93,442.48
C006050,6,14.0,1769.86,294.98
C019773,4,8.0,1769.77,442.44
C003874,3,9.0,1769.69,589.9
C011849,3,7.0,1769.09,589.7
C005720,3,8.0,1768.74,589.58
C003600,3,11.0,1768.45,589.48
C014599,4,13.0,1768.24,442.06
C001497,3,9.0,1768.23,589.41
C011749,4,9.0,1767.83,441.96
C007553,4,8.0,1767.72,441.93
C002560,5,16.0,1767.33,353.47
C018701,3,13.0,1766.87,588.96
C000988,4,14.0,1766.69,441.67
C019295,4,11.0,1766.4,441.6
C015079,3,12.0,1766.27,588.76
C000153,3,10.0,1765.63,588.54
C008047,4,8.0,1765.49,441.37
C008546,4,12.0,1765.27,441.32
C011726,4,10.0,1765.22,441.31
C017330,4,12.0,1764.98,441.25
C013054,6,14.0,1764.96,294.16
C004929,2,11.0,1764.72,882.36
C009567,5,14.0,1764.52,352.9
C009514,4,12.0,1764.38,441.1
C005133,4,9.0,1763.85,440.96
C009830,4,18.0,1763.73,440.93
C014281,4,9.0,1762.95,440.74
C016562,2,7.0,1762.63,881.32
C012319,3,11.0,1762.54,587.51
C007632,6,11.0,1762.45,293.74
C014741,4,7.0,1762.36,440.59
C007207,4,11.0,1762.33,440.58
C010243,3,10.0,1762.31,587.44
C010384,4,13.0,1762.3,440.58
C009624,4,10.0,1762.04,440.51
C008588,4,11.0,1761.86,440.47
C013777,3,8.0,1761.79,587.26
C010980,5,18.0,1761.5,352.3
C004247,3,14.0,1761.18,587.06
C001083,4,11.0,1761.16,440.29
C012138,4,10.0,1760.16,440.04
C002675,2,7.0,1760.08,880.04
C012648,3,9.0,1759.26,586.42
C001442,2,9.0,1758.93,879.47
C013511,4,13.0,1758.76,439.69
C005034,5,7.0,1758.72,351.74
C014449,3,8.0,1758.71,586.24
C005061,4,10.0,1758.67,439.67
C003744,4,8.0,1758.26,439.57
C019119,2,11.0,1758.26,879.13
C017247,2,11.0,1758.01,879.01
C014364,4,14.0,1757.46,439.37
C019817,3,11.0,1756.91,585.64
C012165,4,13.0,1756.85,439.21
C007891,3,10.0,1756.78,585.59
C007168,5,14.0,1756.74,351.35
C007578,3,9.0,1756.58,585.53
C019448,3,8.0,1756.53,585.51
C011323,3,7.0,1756.47,585.49
C000038,4,10.0,1756.37,439.09
C003888,4,13.0,1756.11,439.03
C018729,3,10.0,1756.0,585.33
C010308,3,8.0,1755.62,585.21
C014633,5,15.0,1755.42,351.08
C008251,4,9.0,1755.4,438.85
C013806,3,5.0,1755.33,585.11
C004547,3,10.0,1754.75,584.92
C017994,5,8.0,1754.74,350.95
C005552,3,9.0,1754.46,584.82
C015062,5,12.0,1754.36,350.87
C008990,3,11.0,1754.05,584.68
C011240,3,10.0,1753.97,584.66
C018462,6,11.0,1753.9,292.32
C010674,4,11.0,1753.87,438.47
C002009,2,6.0,1753.83,876.92
C018662,4,14.0,1753.59,438.4
C010206,7,17.0,1753.59,250.51
C019502,5,14.0,1753.38,350.68
C013850,2,8.0,1753.32,876.66
C007153,5,11.0,1753.08,350.62
C014357,3,9.0,1752.75,584.25
C017940,3,13.0,1752.74,584.25
C011806,4,15.0,1752.48,438.12
C004993,3,8.0,1752.24,584.08
C007896,8,13.0,1752.06,219.01
C016553,2,7.0,1751.76,875.88
C010458,5,10.0,1751.7,350.34
C003798,6,15.0,1751.67,291.95
C012268,6,15.0,1751.59,291.93
C002405,2,8.0,1751.19,875.6
C001308,7,15.0,1750.69,250.1
C007209,4,12.0,1750.29,437.57
C002349,8,15.0,1749.63,218.7
C017072,5,10.0,1749.48,349.9
C009148,1,11.0,1749.44,1749.44
C013286,4,10.0,1749.31,437.33
C017993,4,10.0,1749.28,437.32
C019154,5,9.0,1749.08,349.82
C009658,5,10.0,1749.08,349.82
C004977,2,8.0,1749.05,874.53
C000315,2,7.0,1748.55,874.28
C017015,8,23.0,1748.27,218.53
C013857,5,15.0,1748.2,349.64
C017492,3,10.0,1747.92,582.64
C002167,4,10.0,1747.83,436.96
C004353,6,20.0,1747.8,291.3
C010451,4,9.0,1747.07,436.77
C010662,5,11.0,1747.03,349.41
C014273,3,10.0,1746.83,582.28
C005750,5,22.0,1746.82,349.36
C002337,5,12.0,1746.57,349.31
C000230,2,7.0,1746.45,873.23
C008344,5,15.0,1746.31,349.26
C003138,4,7.0,1745.9,436.48
C017681,3,9.0,1745.66,581.89
C007995,4,11.0,1745.65,436.41
C017863,5,9.0,1745.62,349.12
C016968,3,8.0,1745.3,581.77
C001960,4,16.0,1744.78,436.2
C013946,3,7.0,1743.07,581.02
C008933,5,13.0,1742.59,348.52
C006124,4,12.0,1742.47,435.62
C002438,4,12.0,1742.23,435.56
C005736,3,7.0,1741.52,580.51
C017051,6,21.0,1741.36,290.23
C011410,4,9.0,1741.23,435.31
C014664,3,8.0,1740.96,580.32
C008891,3,8.0,1740.37,580.12
C005324,2,7.0,1740.31,870.16
C005026,3,10.0,1740.07,580.02
C016172,4,12.0,1739.6,434.9
C015301,5,10.0,1739.49,347.9
C005088,5,9.0,1739.33,347.87
C015927,4,9.0,1739.29,434.82
C015844,4,9.0,1738.1,434.53
C013579,4,14.0,1737.95,434.49
C015040,4,9.0,1737.88,434.47
C019620,2,9.0,1737.74,868.87
C010159,5,16.0,1737.3,347.46
C012743,4,11.0,1737.22,434.31
C016913,4,10.0,1736.93,434.23
C014674,4,14.0,1736.9,434.23
C009791,6,19.0,1736.16,289.36
C003011,4,10.0,1735.98,434.0
C018414,4,10.0,1735.71,433.93
C008431,5,10.0,1735.5,347.1
C009086,5,8.0,1735.49,347.1
C009688,3,15.0,1735.41,578.47
C013298,6,20.0,1735.35,289.22
C015054,4,9.0,1735.17,433.79
C003513,3,8.0,1734.86,578.29
C014237,6,19.0,1734.51,289.08
C017589,2,9.0,1734.07,867.04
C012050,2,7.0,1734.0,867.0
C004153,4,10.0,1733.87,433.47
C008441,4,12.0,1733.79,433.45
C017340,5,11.0,1733.6,346.72
C015466,3,8.0,1733.22,577.74
C017861,4,9.0,1733.18,433.3
C016389,4,9.0,1733.05,433.26
C007560,3,10.0,1732.43,577.48
C010015,4,10.0,1732.32,433.08
C006125,4,9.0,1732.24,433.06
C014680,1,8.0,1731.7,1731.7
C006119,5,13.0,1731.54,346.31
C018139,3,9.0,1731.37,577.12
C005985,4,14.0,1731.22,432.81
C000532,4,11.0,1731.04,432.76
C012449,2,10.0,1730.99,865.5
C009708,5,11.0,1730.88,346.18
C017321,5,17.0,1730.17,346.03
C000821,6,17.0,1730.16,288.36
C004054,5,9.0,1730.13,346.03
C008420,3,12.0,1729.85,576.62
C003052,3,14.0,1729.55,576.52
C017103,4,8.0,1729.47,432.37
C004286,5,10.0,1729.05,345.81
C003668,3,11.0,1728.64,576.21
C015450,3,11.0,1728.49,576.16
C004426,3,7.0,1727.56,575.85
C000957,5,12.0,1727.5,345.5
C016049,3,9.0,1726.57,575.52
C003332,5,15.0,1726.3,345.26
C007219,5,16.0,1726.15,345.23
C012938,4,9.0,1726.15,431.54
C006394,3,7.0,1726.06,575.35
C008022,2,5.0,1725.79,862.9
C014889,3,9.0,1725.71,575.24
C008528,6,21.0,1725.62,287.6
C019087,3,11.0,1725.35,575.12
C013088,2,10.0,1725.07,862.54
C013587,4,10.0,1724.55,431.14
C001589,3,8.0,1724.5,574.83
C017799,3,13.0,1724.4,574.8
C003992,4,9.0,1724.32,431.08
C015135,4,9.0,1724.17,431.04
C000788,3,11.0,1723.76,574.59
C005918,4,10.0,1723.73,430.93
C012706,4,10.0,1723.67,430.92
C013874,1,6.0,1723.44,1723.44
C010119,2,7.0,1723.28,861.64
C009291,3,8.0,1723.16,574.39
C013828,3,9.0,1722.91,574.3
C018119,4,12.0,1722.62,430.66
C004964,4,10.0,1722.43,430.61
C012280,2,7.0,1722.27,861.14
C011571,6,11.0,1722.09,287.02
C004664,5,11.0,1721.96,344.39
C006677,5,14.0,1721.55,344.31
C011729,2,9.0,1721.47,860.74
C009987,4,14.0,1721.37,430.34
C009246,4,10.0,1721.34,430.34
C014859,3,8.0,1721.18,573.73
C006457,5,11.0,1721.14,344.23
C015237,3,10.0,1720.78,573.59
C012637,4,8.0,1720.48,430.12
C017911,4,9.0,1720.31,430.08
C007356,4,13.0,1719.97,429.99
C011598,3,11.0,1719.57,573.19
C005017,2,7.0,1719.55,859.78
C004273,4,6.0,1719.36,429.84
C014044,5,12.0,1719.15,343.83
C001751,6,17.0,1718.97,286.5
C002092,4,18.0,1718.88,429.72
C004888,3,6.0,1718.84,572.95
C015998,3,7.0,1718.76,572.92
C010154,2,10.0,1718.69,859.35
C014585,3,7.0,1718.27,572.76
C007015,4,10.0,1717.85,429.46
C010388,3,7.0,1717.5,572.5
C017905,3,12.0,1717.33,572.44
C013892,5,10.0,1716.95,343.39
C008698,5,17.0,1716.66,343.33
C008166,5,14.0,1716.15,343.23
C001238,6,14.0,1715.91,285.99
C004318,3,7.0,1715.77,571.92
C003622,3,10.0,1715.66,571.89
C012025,5,9.0,1715.42,343.08
C006432,4,12.0,1715.38,428.85
C018476,4,15.0,1715.23,428.81
C016081,4,14.0,1715.04,428.76
C010496,6,15.0,1714.93,285.82
C000849,4,14.0,1714.9,428.73
C012349,3,12.0,1714.7,571.57
C006087,4,8.0,1714.62,428.66
C014993,3,9.0,1714.61,571.54
C010817,3,9.0,1714.4,571.47
C014128,2,6.0,1714.36,857.18
C009563,2,6.0,1714.26,857.13
C007691,3,8.0,1714.22,571.41
C006260,6,18.0,1713.53,285.59
C006023,2,10.0,1713.21,856.61
C018106,4,7.0,1713.19,428.3
C008727,6,9.0,1713.11,285.52
C000062,4,12.0,1713.05,428.26
C019460,2,8.0,1713.01,856.51
C019759,4,11.0,1712.73,428.18
C012952,2,10.0,1712.42,856.21
C015757,7,14.0,1711.99,244.57
C016551,4,7.0,1711.84,427.96
C002462,5,16.0,1711.48,342.3
C009423,3,9.0,1711.41,570.47
C001425,2,10.0,1710.91,855.46
C012470,3,10.0,1710.76,570.25
C005433,5,16.0,1710.51,342.1
C002556,5,23.0,1710.29,342.06
C001994,3,10.0,1710.15,570.05
C016086,3,9.0,1709.89,569.96
C006655,5,10.0,1709.37,341.87
C013800,3,9.0,1709.34,569.78
C009789,6,14.0,1709.19,284.87
C001516,4,16.0,1708.97,427.24
C004161,5,11.0,1708.76,341.75
C004044,3,13.0,1708.61,569.54
C009694,5,18.0,1708.5,341.7
C003184,4,12.0,1708.4,427.1
C018943,3,12.0,1708.36,569.45
C019640,7,17.0,1708.23,244.03
C000857,5,14.0,1708.07,341.61
C003610,3,13.0,1707.92,569.31
C003158,5,10.0,1707.28,341.46
C010729,5,8.0,1707.08,341.42
C019975,2,9.0,1706.35,853.18
C003637,4,7.0,1705.93,426.48
C015940,4,13.0,1705.93,426.48
C017420,2,7.0,1705.8,852.9
C003224,3,11.0,1705.65,568.55
C000171,5,21.0,1705.15,341.03
C010500,3,8.0,1704.48,568.16
C006791,3,7.0,1703.99,568.0
C003512,4,11.0,1703.9,425.98
C015663,5,13.0,1702.58,340.52
C013631,3,9.0,1702.08,567.36
C007297,3,13.0,1702.03,567.34
C001410,2,8.0,1701.94,850.97
C007074,3,11.0,1701.53,567.18
C014729,3,14.0,1701.3,567.1
C012391,7,19.0,1701.2,243.03
C003389,6,14.0,1700.99,283.5
C006775,4,9.0,1700.7,425.18
C009441,5,15.0,1700.65,340.13
C000784,6,9.0,1700.59,283.43
C015428,3,10.0,1700.15,566.72
C005237,6,11.0,1700.0,283.33
C002900,4,9.0,1699.66,424.92
C005431,4,9.0,1699.58,424.9
C005357,3,7.0,1699.52,566.51
C014590,4,8.0,1699.34,424.84
C002753,3,12.0,1699.16,566.39
C011728,4,14.0,1698.5,424.63
C004389,5,14.0,1697.4,339.48
C012540,4,10.0,1697.34,424.34
C005664,2,10.0,1697.25,848.63
C016402,3,7.0,1697.15,565.72
C017520,5,12.0,1696.87,339.37
C017163,2,8.0,1696.29,848.15
C019149,3,9.0,1696.14,565.38
C018545,5,13.0,1695.6,339.12
C001080,3,10.0,1695.09,565.03
C016346,3,11.0,1695.06,565.02
C019317,2,8.0,1694.95,847.48
C013424,6,22.0,1694.92,282.49
C008948,3,10.0,1694.82,564.94
C016755,2,9.0,1694.61,847.31
C004352,3,11.0,1694.54,564.85
C001386,2,7.0,1694.51,847.26
C013943,4,16.0,1694.22,423.56
C012558,3,7.0,1693.97,564.66
C015925,2,8.0,1693.76,846.88
C012202,6,8.0,1693.66,282.28
C009560,3,10.0,1693.58,564.53
C019812,3,9.0,1693.42,564.47
C011084,3,10.0,1692.97,564.32
C019074,4,10.0,1692.57,423.14
C016048,3,16.0,1692.37,564.12
C014709,4,8.0,1691.65,422.91
C018794,6,10.0,1691.46,281.91
C008192,5,17.0,1691.37,338.27
C014732,6,12.0,1691.23,281.87
C007226,6,12.0,1691.12,281.85
C014531,2,8.0,1691.11,845.56
C010830,5,15.0,1690.7,338.14
C004741,3,16.0,1690.59,563.53
C018110,3,9.0,1690.43,563.48
C002548,5,15.0,1690.41,338.08
C005629,3,14.0,1690.39,563.46
C003865,4,11.0,1690.34,422.59
C000968,4,9.0,1689.66,422.42
C002195,5,13.0,1689.58,337.92
C016146,5,9.0,1689.55,337.91
C013396,3,10.0,1689.43,563.14
C015141,3,7.0,1689.22,563.07
C004843,5,10.0,1688.97,337.79
C012517,4,15.0,1688.54,422.14
C008811,5,11.0,1688.41,337.68
C005473,4,11.0,1688.29,422.07
C018171,3,12.0,1688.28,562.76
C008460,3,12.0,1688.27,562.76
C000815,4,14.0,1687.65,421.91
C003375,5,14.0,1687.63,337.53
C004730,2,8.0,1687.48,843.74
C008777,4,10.0,1687.36,421.84
C011218,4,12.0,1687.21,421.8
C000421,5,11.0,1687.01,337.4
C019408,2,10.0,1686.6,843.3
C019422,3,9.0,1686.17,562.06
C003673,4,12.0,1685.96,421.49
C018389,4,10.0,1685.78,421.45
C013470,3,7.0,1685.36,561.79
C014129,3,8.0,1685.31,561.77
C011496,3,11.0,1684.88,561.63
C013032,4,11.0,1683.66,420.92
C016077,2,9.0,1683.64,841.82
C008865,5,16.0,1683.18,336.64
C003203,4,8.0,1682.97,420.74
C006699,2,7.0,1682.56,841.28
C003982,4,8.0,1682.48,420.62
C010494,5,8.0,1682.08,336.42
C005295,3,9.0,1682.07,560.69
C014804,3,9.0,1681.92,560.64
C011885,3,11.0,1681.8,560.6
C013543,4,9.0,1681.7,420.43
C002294,2,12.0,1681.53,840.77
C010390,3,6.0,1680.97,560.32
C009065,3,10.0,1680.52,560.17
C008736,2,7.0,1680.52,840.26
C019390,1,6.0,1680.37,1680.37
C013866,7,18.0,1679.8,239.97
C001844,4,11.0,1679.77,419.94
C010378,2,6.0,1679.51,839.76
C006318,3,9.0,1679.37,559.79
C010254,4,7.0,1679.29,419.82
C002935,4,11.0,1678.91,419.73
C015630,5,11.0,1678.19,335.64
C013059,5,10.0,1677.58,335.52
C000877,2,8.0,1677.4,838.7
C013512,3,8.0,1677.23,559.08
C013377,4,8.0,1677.21,419.3
C006309,3,16.0,1677.18,559.06
C013701,4,10.0,1677.1,419.28
C006511,3,7.0,1677.04,559.01
C006867,3,14.0,1677.04,559.01
C008032,3,13.0,1676.96,558.99
C009882,4,13.0,1676.76,419.19
C002332,6,15.0,1676.69,279.45
C006593,3,5.0,1676.61,558.87
C005010,4,8.0,1676.58,419.15
C002136,3,10.0,1676.13,558.71
C016543,3,6.0,1676.09,558.7
C010553,4,9.0,1675.72,418.93
C003331,3,8.0,1675.51,558.5
C004876,5,23.0,1675.5,335.1
C002124,4,11.0,1675.1,418.78
C000637,4,7.0,1675.02,418.76
C010784,2,7.0,1674.93,837.47
C014078,4,12.0,1674.83,418.71
C017934,5,10.0,1674.81,334.96
C017477,4,6.0,1674.78,418.7
C006888,2,8.0,1674.62,837.31
C013154,4,12.0,1674.44,418.61
C015266,2,7.0,1674.39,837.2
C009548,4,14.0,1674.24,418.56
C003003,4,9.0,1674.05,418.51
C005269,3,16.0,1673.81,557.94
C010302,6,19.0,1673.67,278.95
C010687,3,7.0,1673.66,557.89
C003288,3,10.0,1673.23,557.74
C013992,4,11.0,1673.2,418.3
C004984,4,9.0,1673.14,418.29
C010323,3,15.0,1672.72,557.57
C007028,4,11.0,1672.61,418.15
C005461,3,8.0,1672.4,557.47
C004710,4,11.0,1671.72,417.93
C013706,4,12.0,1671.39,417.85
C002134,4,20.0,1671.38,417.85
C014297,4,10.0,1671.32,417.83
C012043,5,11.0,1671.24,334.25
C008408,4,14.0,1670.79,417.7
C016518,3,6.0,1670.67,556.89
C004399,3,9.0,1670.54,556.85
C000927,5,10.0,1670.18,334.04
C009769,2,7.0,1670.03,835.02
C011635,4,8.0,1669.98,417.5
C002184,4,9.0,1669.87,417.47
C003155,4,10.0,1669.42,417.36
C015661,2,6.0,1669.04,834.52
C019910,4,12.0,1668.88,417.22
C005460,3,6.0,1668.51,556.17
C013046,3,7.0,1668.46,556.15
C004777,3,8.0,1668.08,556.03
C000277,1,7.0,1667.74,1667.74
C004498,4,16.0,1667.26,416.82
C013183,4,8.0,1666.73,416.68
C009185,5,15.0,1666.69,333.34
C011990,5,13.0,1666.66,333.33
C004235,3,8.0,1666.38,555.46
C006707,4,8.0,1666.34,416.59
C015433,6,12.0,1666.08,277.68
C019461,4,10.0,1665.93,416.48
C015235,1,7.0,1665.67,1665.67
C008758,3,11.0,1665.38,555.13
C013350,5,13.0,1665.06,333.01
C005601,2,11.0,1665.06,832.53
C017968,5,16.0,1664.85,332.97
C015983,4,11.0,1664.76,416.19
C010936,4,13.0,1664.61,416.15
C015493,5,10.0,1664.37,332.87
C004296,3,10.0,1664.02,554.67
C009697,4,14.0,1663.93,415.98
C003679,4,14.0,1663.81,415.95
C009899,4,12.0,1663.64,415.91
C014053,2,9.0,1663.52,831.76
C001115,6,12.0,1663.38,277.23
C006227,4,15.0,1663.14,415.79
C004488,3,9.0,1662.94,554.31
C006390,6,17.0,1662.89,277.15
C005157,4,11.0,1662.66,415.67
C015656,3,8.0,1662.08,554.03
C013679,2,9.0,1661.93,830.97
C017551,4,18.0,1661.88,415.47
C002334,5,14.0,1661.87,332.37
C010920,3,10.0,1661.73,553.91
C012477,3,10.0,1661.45,553.82
C006645,3,9.0,1660.72,553.57
C002431,5,8.0,1660.47,332.09
C001859,5,11.0,1660.34,332.07
C015638,3,10.0,1660.12,553.37
C008886,3,8.0,1659.71,553.24
C013489,4,11.0,1659.52,414.88
C004383,1,7.0,1659.5,1659.5
C018789,6,10.0,1659.28,276.55
C003404,4,9.0,1658.9,414.73
C013592,4,16.0,1658.74,414.69
C012017,4,10.0,1658.7,414.68
C018494,4,12.0,1658.69,414.67
C008212,5,13.0,1658.64,331.73
C002559,5,14.0,1658.61,331.72
C019596,1,9.0,1658.57,1658.57
C012114,3,12.0,1658.54,552.85
C000557,6,14.0,1658.23,276.37
C000822,4,8.0,1657.98,414.5
C011037,5,16.0,1657.7,331.54
C002881,3,12.0,1657.1,552.37
C004794,3,7.0,1657.1,552.37
C004732,6,9.0,1656.63,276.11
C005592,4,12.0,1656.18,414.05
C007714,3,7.0,1655.62,551.87
C005644,2,10.0,1655.6,827.8
C015788,2,8.0,1655.17,827.59
C015987,3,10.0,1655.1,551.7
C012416,3,10.0,1654.83,551.61
C004621,3,11.0,1653.91,551.3
C001022,5,9.0,1653.78,330.76
C005099,3,7.0,1653.76,551.25
C004636,3,9.0,1653.74,551.25
C016378,4,10.0,1653.73,413.43
C017829,4,13.0,1653.7,413.43
C019391,5,16.0,1653.67,330.73
C015797,3,9.0,1652.88,550.96
C001117,5,7.0,1652.7,330.54
C019362,4,15.0,1652.11,413.03
C009880,4,12.0,1651.8,412.95
C009360,4,9.0,1651.26,412.82
C018864,6,13.0,1651.09,275.18
C004540,4,13.0,1650.76,412.69
C003437,5,12.0,1650.42,330.08
C002817,3,7.0,1650.13,550.04
C002048,4,10.0,1649.83,412.46
C016006,4,9.0,1649.8,412.45
C019034,4,12.0,1649.62,412.41
C010063,3,9.0,1649.3,549.77
C009598,4,9.0,1649.23,412.31
C004461,4,12.0,1649.21,412.3
C005344,4,9.0,1649.07,412.27
C008531,5,9.0,1649.04,329.81
C010834,3,7.0,1648.18,549.39
C010866,2,9.0,1648.16,824.08
C007006,3,10.0,1647.97,549.32
C006300,2,9.0,1647.79,823.9
C019189,6,15.0,1647.7,274.62
C016631,5,13.0,1647.2,329.44
C010598,5,14.0,1647.08,329.42
C018047,2,7.0,1647.04,823.52
C008808,4,13.0,1646.95,411.74
C012377,3,10.0,1646.68,548.89
C018593,3,10.0,1646.2,548.73
C010389,3,10.0,1645.8,548.6
C013691,5,9.0,1645.6,329.12
C013161,4,12.0,1645.4,411.35
C013797,5,12.0,1645.1,329.02
C019814,3,9.0,1645.09,548.36
C019337,3,10.0,1645.02,548.34
C012780,4,11.0,1644.64,411.16
C009797,3,10.0,1644.52,548.17
C007587,3,9.0,1644.5,548.17
C008342,4,17.0,1644.32,411.08
C008426,3,9.0,1644.02,548.01
C000475,5,12.0,1643.85,328.77
C004631,4,11.0,1643.66,410.92
C004677,2,8.0,1643.36,821.68
C019523,3,15.0,1643.21,547.74
C014314,3,8.0,1643.18,547.73
C018500,4,10.0,1642.96,410.74
C000246,5,13.0,1641.98,328.4
C009541,3,10.0,1641.65,547.22
C014491,5,10.0,1641.47,328.29
C017216,5,17.0,1641.19,328.24
C014659,5,12.0,1641.18,328.24
C004585,3,10.0,1640.9,546.97
C011447,2,7.0,1640.85,820.43
C013923,2,5.0,1640.67,820.34
C006103,3,7.0,1640.5,546.83
C005630,3,9.0,1640.18,546.73
C000520,7,20.0,1639.81,234.26
C014625,3,7.0,1639.61,546.54
C019345,3,13.0,1639.34,546.45
C003364,6,22.0,1638.85,273.14
C011967,2,8.0,1637.77,818.89
C008630,5,10.0,1637.61,327.52
C010970,4,11.0,1637.47,409.37
C008321,7,15.0,1637.42,233.92
C015437,2,10.0,1637.29,818.65
C013031,3,6.0,1637.27,545.76
C008658,3,13.0,1637.24,545.75
C003657,4,11.0,1636.87,409.22
C011627,5,12.0,1636.79,327.36
C010427,2,7.0,1636.7,818.35
C012132,2,12.0,1636.55,818.28
C000687,4,9.0,1636.48,409.12
C000356,5,10.0,1636.45,327.29
C012295,2,12.0,1636.37,818.19
C004882,3,11.0,1636.27,545.42
C004079,2,7.0,1636.17,818.09
C019209,3,10.0,1636.07,545.36
C014670,4,10.0,1635.92,408.98
C010524,6,11.0,1635.77,272.63
C014219,4,13.0,1635.71,408.93
C011083,3,12.0,1635.54,545.18
C011210,2,6.0,1635.31,817.66
C006621,5,11.0,1634.62,326.92
C015711,5,10.0,1634.36,326.87
C001671,4,9.0,1634.24,408.56
C000863,4,9.0,1634.22,408.56
C002970,3,9.0,1634.04,544.68
C003279,3,6.0,1633.88,544.63
C005021,1,10.0,1633.28,1633.28
C011573,2,7.0,1632.79,816.4
C008858,4,7.0,1632.67,408.17
C014256,4,9.0,1632.34,408.09
C015425,4,13.0,1632.31,408.08
C003243,4,10.0,1631.87,407.97
C010602,5,8.0,1631.7,326.34
C015396,4,10.0,1631.65,407.91
C007799,4,12.0,1631.39,407.85
C003407,3,12.0,1631.25,543.75
C019096,2,6.0,1631.25,815.63
C012354,2,6.0,1631.11,815.56
C010454,3,5.0,1631.09,543.7
C011796,2,8.0,1630.77,815.39
C004894,3,8.0,1630.07,543.36
C000623,5,11.0,1630.01,326.0
C015193,4,9.0,1629.95,407.49
C017149,4,10.0,1629.89,407.47
C013519,4,7.0,1629.75,407.44
C015801,4,8.0,1629.56,407.39
C016900,4,10.0,1629.55,407.39
C014083,3,8.0,1629.4,543.13
C000012,3,13.0,1629.29,543.1
C007042,3,15.0,1628.95,542.98
C000552,4,10.0,1628.62,407.16
C013888,3,7.0,1628.38,542.79
C007797,5,13.0,1628.04,325.61
C011691,4,10.0,1628.01,407.0
C001094,6,25.0,1627.82,271.3
C013883,2,9.0,1627.72,813.86
C003866,2,8.0,1627.12,813.56
C003821,4,9.0,1626.6,406.65
C012949,3,8.0,1626.27,542.09
C005101,5,10.0,1625.75,325.15
C016262,3,6.0,1625.2,541.73
C008214,4,11.0,1625.14,406.29
C008457,4,13.0,1625.04,406.26
C018366,6,11.0,1624.87,270.81
C014216,2,6.0,1624.86,812.43
C014072,4,13.0,1624.53,406.13
C014650,4,13.0,1624.43,406.11
C017478,3,12.0,1624.13,541.38
C016616,4,11.0,1623.97,405.99
C014813,5,12.0,1623.84,324.77
C011783,2,8.0,1623.65,811.83
C008195,3,10.0,1623.56,541.19
C013384,4,8.0,1623.56,405.89
C014321,2,9.0,1623.46,811.73
C001053,4,8.0,1623.38,405.85
C011843,3,7.0,1623.25,541.08
C015914,3,9.0,1623.2,541.07
C003393,4,8.0,1623.03,405.76
C019238,4,8.0,1622.98,405.75
C009376,3,7.0,1622.52,540.84
C012510,3,8.0,1622.37,540.79
C006661,5,12.0,1622.03,324.41
C017820,5,10.0,1621.57,324.31
C011636,4,10.0,1621.5,405.38
C018485,4,12.0,1621.47,405.37
C001455,3,9.0,1621.04,540.35
C017355,6,20.0,1620.76,270.13
C019043,5,14.0,1620.67,324.13
C003427,5,13.0,1619.75,323.95
C009885,4,9.0,1619.68,404.92
C001210,5,8.0,1619.63,323.93
C009678,4,12.0,1619.57,404.89
C012522,4,6.0,1619.55,404.89
C008219,4,16.0,1619.3,404.83
C010102,3,12.0,1619.0,539.67
C016479,3,16.0,1618.56,539.52
C017410,5,10.0,1618.33,323.67
C017682,2,5.0,1618.24,809.12
C017874,4,8.0,1618.17,404.54
C018143,4,9.0,1617.78,404.45
C018508,4,7.0,1617.56,404.39
C017848,2,7.0,1617.22,808.61
C005329,4,9.0,1616.96,404.24
C005293,5,9.0,1616.74,323.35
C010442,2,8.0,1616.66,808.33
C019042,4,16.0,1616.28,404.07
C018495,5,6.0,1616.2,323.24
C016035,4,14.0,1615.95,403.99
C019405,4,13.0,1615.87,403.97
C017674,4,8.0,1615.85,403.96
C015500,4,9.0,1615.44,403.86
C017412,5,12.0,1615.18,323.04
C011145,3,9.0,1614.37,538.12
C010839,4,11.0,1614.28,403.57
C009731,5,11.0,1614.2,322.84
C015339,6,12.0,1614.14,269.02
C016362,4,8.0,1613.94,403.49
C001816,2,8.0,1613.66,806.83
C019455,4,13.0,1613.22,403.31
C009621,4,12.0,1613.2,403.3
C005510,3,9.0,1612.56,537.52
C018718,3,8.0,1612.54,537.51
C013915,3,7.0,1612.31,537.44
C010266,4,14.0,1612.12,403.03
C011989,2,9.0,1612.03,806.02
C007334,4,12.0,1611.97,402.99
C016373,4,13.0,1611.73,402.93
C009706,4,12.0,1611.54,402.89
C002565,3,7.0,1611.43,537.14
C006105,4,13.0,1611.28,402.82
C017044,4,10.0,1611.23,402.81
C013387,2,5.0,1611.09,805.55
C008595,4,7.0,1611.02,402.76
C004117,4,15.0,1610.94,402.74
C015276,4,9.0,1610.69,402.67
C012993,5,14.0,1610.44,322.09
C014821,2,8.0,1610.37,805.19
C004952,7,13.0,1610.23,230.03
C001593,4,8.0,1609.42,402.36
C015207,5,17.0,1609.22,321.84
C007603,5,10.0,1608.97,321.79
C002964,3,6.0,1608.75,536.25
C017448,3,10.0,1608.02,536.01
C011263,4,7.0,1607.96,401.99
C009711,4,10.0,1607.87,401.97
C003312,3,9.0,1607.82,535.94
C009134,3,11.0,1607.8,535.93
C011818,4,10.0,1607.44,401.86
C006043,5,20.0,1607.35,321.47
C017295,2,6.0,1607.27,803.64
C007888,4,10.0,1607.18,401.8
C017130,3,10.0,1607.01,535.67
C013365,2,10.0,1606.79,803.4
C009586,3,10.0,1606.51,535.5
C001573,4,9.0,1605.62,401.41
C008881,6,13.0,1604.91,267.49
C006883,2,7.0,1604.81,802.41
C009518,5,9.0,1604.76,320.95
C014888,6,15.0,1604.51,267.42
C011581,3,9.0,1604.51,534.84
C014327,2,8.0,1604.35,802.18
C001887,1,6.0,1604.32,1604.32
C009891,2,6.0,1604.3,802.15
C002888,1,5.0,1604.23,1604.23
C006980,3,14.0,1604.12,534.71
C002535,4,7.0,1603.94,400.99
C004269,3,10.0,1603.55,534.52
C014349,3,7.0,1603.49,534.5
C019194,4,14.0,1603.22,400.81
C004485,4,14.0,1602.94,400.74
C000525,4,9.0,1602.82,400.71
C013802,4,9.0,1602.18,400.55
C003574,3,9.0,1601.73,533.91
C016959,5,9.0,1601.66,320.33
C002427,4,9.0,1601.52,400.38
C009597,3,8.0,1601.29,533.76
C011153,3,9.0,1600.81,533.6
C012826,2,10.0,1600.81,800.41
C012213,3,12.0,1600.58,533.53
C014983,6,15.0,1600.33,266.72
C017679,3,10.0,1600.29,533.43
C001903,4,9.0,1599.86,399.97
C010995,2,9.0,1599.78,799.89
C019341,3,8.0,1599.67,533.22
C007536,4,9.0,1599.47,399.87
C004515,5,8.0,1599.46,319.89
C014935,5,7.0,1599.09,319.82
C010418,4,9.0,1599.05,399.76
C005341,3,7.0,1598.91,532.97
C007847,3,10.0,1598.84,532.95
C018688,3,6.0,1598.52,532.84
C011105,3,9.0,1598.08,532.69
C005137,4,20.0,1598.03,399.51
C010954,5,9.0,1597.81,319.56
C019178,5,11.0,1597.73,319.55
C007089,6,13.0,1597.34,266.22
C011694,4,10.0,1597.14,399.29
C009552,3,10.0,1596.65,532.22
C002061,5,12.0,1596.6,319.32
C019399,5,13.0,1596.46,319.29
C001160,3,5.0,1596.33,532.11
C011753,4,11.0,1596.1,399.03
C001821,2,8.0,1594.75,797.38
C016963,2,14.0,1594.63,797.32
C006094,2,8.0,1594.61,797.31
C014227,4,10.0,1593.85,398.46
C013773,5,10.0,1593.81,318.76
C012401,3,11.0,1593.03,531.01
C003051,4,9.0,1592.24,398.06
C011671,4,7.0,1592.07,398.02
C007572,4,11.0,1591.69,397.92
C016002,1,7.0,1591.69,1591.69
C003544,5,20.0,1591.49,318.3
C009050,4,14.0,1591.48,397.87
C016027,3,10.0,1591.15,530.38
C018505,4,11.0,1591.08,397.77
C017056,2,7.0,1590.62,795.31
C013941,3,8.0,1590.52,530.17
C007273,5,13.0,1590.47,318.09
C015435,4,13.0,1590.24,397.56
C000399,4,10.0,1590.17,397.54
C016461,2,10.0,1590.02,795.01
C010257,4,11.0,1589.77,397.44
C011810,5,10.0,1589.61,317.92
C013260,3,9.0,1588.68,529.56
C013710,4,11.0,1588.42,397.11
C011655,4,15.0,1588.4,397.1
C017348,2,8.0,1588.35,794.18
C010425,2,7.0,1588.23,794.12
C019935,2,6.0,1588.21,794.11
C006847,2,9.0,1587.65,793.83
C012365,4,16.0,1586.87,396.72
C004139,4,7.0,1585.96,396.49
C014800,4,14.0,1585.82,396.46
C009657,2,8.0,1585.8,792.9
C010173,4,8.0,1585.64,396.41
C011479,7,17.0,1585.62,226.52
C007655,3,10.0,1585.47,528.49
C019481,3,12.0,1585.36,528.45
C006211,5,13.0,1585.26,317.05
C006423,2,6.0,1585.18,792.59
C011606,4,13.0,1585.07,396.27
C009282,4,9.0,1584.87,396.22
C000802,4,9.0,1584.29,396.07
C019960,5,18.0,1583.83,316.77
C011801,3,7.0,1583.78,527.93
C008350,4,7.0,1583.77,395.94
C007323,4,13.0,1583.77,395.94
C000514,3,8.0,1583.68,527.89
C005120,3,11.0,1583.42,527.81
C012302,2,7.0,1583.15,791.58
C005670,2,7.0,1582.75,791.38
C010337,3,6.0,1582.7,527.57
C012847,5,11.0,1582.55,316.51
C014837,5,17.0,1582.01,316.4
C012260,2,8.0,1581.92,790.96
C006721,2,6.0,1581.74,790.87
C007818,5,17.0,1581.4,316.28
C013877,7,16.0,1581.29,225.9
C011612,3,9.0,1580.45,526.82
C006730,5,19.0,1580.37,316.07
C016606,4,14.0,1580.34,395.09
C013160,2,7.0,1580.16,790.08
C019606,4,14.0,1579.71,394.93
C013156,3,11.0,1579.71,526.57
C012666,5,14.0,1579.61,315.92
C013145,3,8.0,1579.14,526.38
C010034,3,10.0,1579.01,526.34
C009158,3,7.0,1578.99,526.33
C012584,1,5.0,1578.78,1578.78
C011051,2,9.0,1578.19,789.1
C016327,2,4.0,1577.94,788.97
C012749,5,12.0,1577.86,315.57
C013686,3,9.0,1577.69,525.9
C009896,4,11.0,1577.32,394.33
C015634,5,11.0,1576.75,315.35
C012353,3,9.0,1576.64,525.55
C010569,4,13.0,1576.49,394.12
C012435,3,10.0,1576.47,525.49
C003281,5,10.0,1576.28,315.26
C001378,4,9.0,1576.12,394.03
C017913,4,10.0,1575.76,393.94
C017070,4,9.0,1575.58,393.9
C016406,5,10.0,1575.22,315.04
C019567,3,8.0,1575.22,525.07
C017455,6,17.0,1575.17,262.53
C008787,5,12.0,1575.11,315.02
C014693,3,9.0,1575.1,525.03
C004975,5,9.0,1575.08,315.02
C018194,4,10.0,1575.06,393.77
C000909,4,12.0,1574.73,393.68
C005852,3,12.0,1574.7,524.9
C003064,6,14.0,1574.58,262.43
C011383,2,7.0,1574.55,787.28
C016458,4,9.0,1574.25,393.56
C006854,4,12.0,1573.85,393.46
C013472,3,10.0,1573.66,524.55
C000411,4,12.0,1573.62,393.41
C001372,4,9.0,1573.35,393.34
C011872,5,15.0,1573.01,314.6
C018971,5,10.0,1572.52,314.5
C018331,3,7.0,1572.33,524.11
C005300,3,9.0,1571.95,523.98
C013546,4,8.0,1570.77,392.69
C001643,4,10.0,1570.71,392.68
C015918,3,9.0,1570.71,523.57
C008403,3,9.0,1570.34,523.45
C018008,5,11.0,1570.24,314.05
C010651,4,15.0,1570.04,392.51
C004734,3,11.0,1569.54,523.18
C012726,5,8.0,1568.62,313.72
C012013,4,8.0,1568.06,392.02
C012553,5,11.0,1567.92,313.58
C007457,4,9.0,1567.6,391.9
C018170,3,8.0,1567.47,522.49
C009650,5,16.0,1566.95,313.39
C008585,2,7.0,1566.56,783.28
C013765,2,6.0,1566.32,783.16
C006786,3,9.0,1566.03,522.01
C002007,4,9.0,1565.63,391.41
C011117,4,13.0,1565.22,391.31
C015397,4,11.0,1565.18,391.3
C017886,5,14.0,1565.16,313.03
C003937,3,8.0,1564.71,521.57
C013416,4,10.0,1564.7,391.18
C008335,2,8.0,1564.47,782.24
C009060,2,10.0,1564.32,782.16
C013574,1,6.0,1564.22,1564.22
C002792,3,7.0,1564.15,521.38
C013531,5,12.0,1563.82,312.76
C017129,3,6.0,1563.65,521.22
C017275,3,13.0,1563.42,521.14
C008334,5,19.0,1563.28,312.66
C017882,3,9.0,1563.25,521.08
C012446,4,8.0,1562.57,390.64
C008154,5,12.0,1561.61,312.32
C012628,2,6.0,1561.18,780.59
C018599,3,6.0,1560.8,520.27
C017082,4,10.0,1560.68,390.17
C006048,3,8.0,1560.67,520.22
C012023,4,11.0,1560.59,390.15
C019897,4,8.0,1560.38,390.1
C003979,2,6.0,1559.72,779.86
C008384,2,6.0,1559.67,779.84
C015325,2,6.0,1559.49,779.75
C013781,8,23.0,1559.44,194.93
C002942,4,9.0,1559.24,389.81
C012691,3,15.0,1559.2,519.73
C004083,5,16.0,1559.02,311.8
C006479,5,9.0,1558.55,311.71
C008730,4,11.0,1558.47,389.62
C016594,3,10.0,1558.36,519.45
C006238,5,17.0,1558.09,311.62
C012130,2,7.0,1557.92,778.96
C009667,3,10.0,1557.77,519.26
C013102,1,4.0,1557.66,1557.66
C017511,4,11.0,1557.63,389.41
C002977,5,10.0,1557.21,311.44
C018771,2,6.0,1557.03,778.52
C014886,1,5.0,1556.83,1556.83
C016648,3,11.0,1556.64,518.88
C005557,2,7.0,1556.44,778.22
C012166,3,10.0,1556.1,518.7
C005044,2,6.0,1556.09,778.05
C019755,4,9.0,1555.67,388.92
C016379,2,8.0,1555.39,777.7
C016337,2,6.0,1554.66,777.33
C013767,3,10.0,1554.44,518.15
C001833,5,15.0,1554.31,310.86
C009654,3,7.0,1554.06,518.02
C009325,4,10.0,1554.03,388.51
C018663,4,10.0,1553.27,388.32
C016997,4,9.0,1552.8,388.2
C001847,5,17.0,1552.79,310.56
C016911,7,14.0,1552.6,221.8
C017160,3,7.0,1552.48,517.49
C018617,2,8.0,1552.41,776.21
C013600,4,12.0,1552.02,388.01
C007007,3,8.0,1551.74,517.25
C001865,4,15.0,1551.59,387.9
C001615,4,8.0,1551.33,387.83
C003537,6,13.0,1551.3,258.55
C006987,4,9.0,1551.29,387.82
C002206,2,8.0,1551.24,775.62
C018661,5,11.0,1550.81,310.16
C010508,3,8.0,1549.95,516.65
C003588,1,6.0,1549.83,1549.83
C010579,1,6.0,1549.76,1549.76
C014542,4,11.0,1549.7,387.43
C008292,3,9.0,1549.59,516.53
C004145,5,8.0,1549.39,309.88
C017609,2,8.0,1549.36,774.68
C012823,3,12.0,1548.63,516.21
C005711,3,10.0,1548.58,516.19
C006224,3,7.0,1548.08,516.03
C017579,5,16.0,1547.99,309.6
C001123,3,10.0,1547.63,515.88
C010732,3,9.0,1547.45,515.82
C003620,4,11.0,1547.38,386.85
C016476,4,12.0,1547.13,386.78
C013864,3,12.0,1546.98,515.66
C010527,3,13.0,1546.77,515.59
C016193,3,8.0,1546.05,515.35
C009785,3,13.0,1545.47,515.16
C019342,6,12.0,1545.34,257.56
C019977,3,10.0,1545.11,515.04
C013411,1,5.0,1545.04,1545.04
C000964,4,13.0,1545.03,386.26
C009398,3,15.0,1544.9,514.97
C005204,2,8.0,1544.67,772.34
C000415,3,10.0,1544.54,514.85
C015492,3,12.0,1544.3,514.77
C008722,4,7.0,1543.91,385.98
C003680,4,7.0,1543.65,385.91
C013718,3,10.0,1543.24,514.41
C009018,6,14.0,1542.82,257.14
C005016,2,8.0,1542.61,771.31
C019241,3,7.0,1542.03,514.01
C009536,3,10.0,1541.93,513.98
C017308,3,14.0,1541.8,513.93
C007575,4,10.0,1541.63,385.41
C004509,5,12.0,1541.42,308.28
C015916,4,9.0,1541.26,385.32
C009366,3,12.0,1540.76,513.59
C019709,3,11.0,1539.95,513.32
C019483,4,13.0,1539.81,384.95
C009436,5,12.0,1538.64,307.73
C007333,5,10.0,1537.97,307.59
C006959,3,7.0,1537.09,512.36
C013738,3,6.0,1536.93,512.31
C006375,3,10.0,1536.21,512.07
C009390,2,8.0,1536.03,768.02
C001278,3,6.0,1535.72,511.91
C011378,4,8.0,1535.33,383.83
C011347,3,11.0,1534.81,511.6
C008514,5,10.0,1534.7,306.94
C016039,3,8.0,1534.5,511.5
C019558,2,11.0,1534.46,767.23
C018872,3,12.0,1533.94,511.31
C008519,5,12.0,1533.27,306.65
C014541,2,8.0,1532.94,766.47
C006810,5,14.0,1532.86,306.57
C003611,3,10.0,1531.87,510.62
C016444,4,10.0,1531.61,382.9
C000806,4,15.0,1531.42,382.86
C011692,4,12.0,1531.35,382.84
C013651,4,11.0,1531.02,382.76
C018553,3,9.0,1530.92,510.31
C001234,3,12.0,1530.81,510.27
C017798,4,14.0,1530.37,382.59
C011450,3,9.0,1530.0,510.0
C008446,5,9.0,1529.97,305.99
C005915,4,9.0,1529.68,382.42
C004655,4,12.0,1529.58,382.4
C005876,4,13.0,1529.25,382.31
C005651,4,10.0,1529.09,382.27
C016105,3,8.0,1529.09,509.7
C016083,3,11.0,1528.94,509.65
C009227,4,16.0,1528.86,382.22
C012237,5,11.0,1528.75,305.75
C001468,4,10.0,1528.75,382.19
C008434,4,12.0,1528.59,382.15
C016474,2,8.0,1527.83,763.92
C018746,4,9.0,1527.41,381.85
C007672,3,10.0,1527.19,509.06
C010189,4,12.0,1526.76,381.69
C002299,5,13.0,1526.5,305.3
C008067,4,10.0,1526.33,381.58
C015979,3,7.0,1526.32,508.77
C019291,4,8.0,1526.23,381.56
C011868,5,15.0,1526.18,305.24
C017586,4,10.0,1526.12,381.53
C006079,1,4.0,1525.92,1525.92
C014191,4,12.0,1525.91,381.48
C016246,4,7.0,1525.8,381.45
C017133,2,7.0,1525.74,762.87
C007692,4,12.0,1525.42,381.36
C011228,4,13.0,1525.29,381.32
C017617,4,12.0,1524.93,381.23
C007264,6,19.0,1524.16,254.03
C001483,4,10.0,1523.28,380.82
C009580,4,12.0,1523.02,380.76
C011380,2,6.0,1522.84,761.42
C010596,4,15.0,1522.78,380.7
C000973,3,8.0,1522.13,507.38
C002425,4,10.0,1522.02,380.51
C017050,3,8.0,1521.95,507.32
C016556,4,8.0,1521.86,380.47
C005376,2,8.0,1521.11,760.56
C008486,5,9.0,1521.01,304.2
C010932,3,12.0,1520.75,506.92
C004899,6,10.0,1520.21,253.37
C006058,3,9.0,1520.14,506.71
C007882,3,12.0,1520.03,506.68
C011188,4,16.0,1519.7,379.93
C019507,3,9.0,1519.7,506.57
C006349,2,7.0,1519.43,759.72
C009387,1,6.0,1519.42,1519.42
C010114,3,7.0,1519.28,506.43
C006034,3,8.0,1519.15,506.38
C008302,2,7.0,1519.14,759.57
C013646,5,11.0,1519.1,303.82
C010329,2,7.0,1519.07,759.54
C015756,1,6.0,1518.87,1518.87
C000678,5,9.0,1518.55,303.71
C001517,3,9.0,1518.11,506.04
C004986,3,7.0,1517.67,505.89
C012006,5,10.0,1517.45,303.49
C012672,2,5.0,1517.4,758.7
C019093,3,14.0,1517.13,505.71
C013669,3,16.0,1517.0,505.67
C002442,3,12.0,1516.95,505.65
C015946,4,13.0,1516.94,379.24
C008663,3,8.0,1516.93,505.64
C013201,3,10.0,1516.88,505.63
C007402,3,7.0,1516.44,505.48
C002078,4,10.0,1516.43,379.11
C004632,2,10.0,1516.08,758.04
C001777,3,8.0,1515.91,505.3
C013340,3,9.0,1515.76,505.25
C018312,4,9.0,1515.4,378.85
C006282,3,5.0,1515.24,505.08
C016382,2,6.0,1514.95,757.48
C008614,3,11.0,1514.85,504.95
C018598,2,6.0,1514.48,757.24
C007492,2,5.0,1514.44,757.22
C018780,3,12.0,1514.25,504.75
C000950,4,10.0,1514.06,378.52
C015616,3,9.0,1514.02,504.67
C005548,3,10.0,1513.69,504.56
C019891,1,6.0,1513.61,1513.61
C011631,2,6.0,1513.58,756.79
C007807,6,14.0,1513.54,252.26
C008170,2,5.0,1513.17,756.59
C000454,3,10.0,1513.09,504.36
C009732,4,15.0,1512.26,378.07
C010555,4,11.0,1511.98,378.0
C018238,4,16.0,1511.95,377.99
C006044,4,8.0,1511.83,377.96
C000715,4,10.0,1511.63,377.91
C003867,4,13.0,1511.47,377.87
C007781,3,13.0,1511.44,503.81
C018099,4,7.0,1511.32,377.83
C017273,4,11.0,1511.26,377.82
C012323,2,6.0,1511.13,755.57
C004614,3,8.0,1510.9,503.63
C018481,2,5.0,1510.68,755.34
C016148,4,8.0,1510.64,377.66
C013307,4,10.0,1510.57,377.64
C014265,5,20.0,1510.21,302.04
C001092,4,10.0,1510.16,377.54
C002374,3,9.0,1509.89,503.3
C012759,3,9.0,1509.43,503.14
C009920,3,7.0,1509.16,503.05
C012565,3,13.0,1509.09,503.03
C005296,2,7.0,1509.08,754.54
C019491,4,9.0,1508.85,377.21
C007159,4,10.0,1508.35,377.09
C003396,2,7.0,1508.19,754.1
C019711,7,14.0,1508.08,215.44
C008699,2,9.0,1508.0,754.0
C019962,5,11.0,1507.61,301.52
C009550,6,8.0,1506.89,251.15
C013780,4,7.0,1506.88,376.72
C012896,2,9.0,1506.21,753.11
C019813,3,16.0,1506.02,502.01
C010083,3,7.0,1505.84,501.95
C000413,5,13.0,1505.06,301.01
C007978,2,8.0,1504.98,752.49
C016903,3,9.0,1504.9,501.63
C001799,5,12.0,1504.69,300.94
C017571,3,10.0,1504.47,501.49
C011403,3,8.0,1504.25,501.42
C019603,5,19.0,1504.24,300.85
C009937,5,9.0,1504.22,300.84
C015196,4,10.0,1504.1,376.03
C015214,2,5.0,1503.97,751.99
C009299,2,6.0,1503.97,751.99
C014634,3,7.0,1503.88,501.29
C013567,2,8.0,1503.87,751.94
C005361,5,10.0,1503.68,300.74
C000594,5,9.0,1503.29,300.66
C017464,7,17.0,1503.0,214.71
C017456,5,11.0,1502.98,300.6
C017999,3,11.0,1502.4,500.8
C013182,2,7.0,1501.05,750.53
C009069,2,8.0,1501.04,750.52
C010829,3,8.0,1500.73,500.24
C009229,5,11.0,1500.73,300.15
C008887,5,14.0,1500.68,300.14
C010325,4,9.0,1500.1,375.03
C002746,4,11.0,1499.74,374.94
C019909,3,7.0,1499.71,499.9
C016992,5,15.0,1499.56,299.91
C016582,2,8.0,1499.06,749.53
C005301,1,6.0,1498.6,1498.6
C015790,3,9.0,1498.39,499.46
C014687,3,11.0,1498.2,499.4
C002892,4,16.0,1498.18,374.55
C013683,1,6.0,1498.1,1498.1
C009570,3,12.0,1497.89,499.3
C002112,4,12.0,1497.79,374.45
C000925,4,6.0,1497.53,374.38
C009238,2,7.0,1497.39,748.7
C001361,5,13.0,1497.33,299.47
C005797,4,9.0,1497.22,374.31
C011196,2,8.0,1497.19,748.6
C016716,3,9.0,1496.68,498.89
C005998,3,7.0,1496.62,498.87
C010419,4,14.0,1496.49,374.12
C013076,2,6.0,1495.91,747.96
C009078,3,6.0,1495.87,498.62
C018870,4,9.0,1495.4,373.85
C003273,2,5.0,1494.76,747.38
C011287,4,10.0,1494.31,373.58
C011767,3,10.0,1494.0,498.0
C003769,3,9.0,1493.99,498.0
C009334,2,6.0,1493.81,746.91
C001347,4,13.0,1493.68,373.42
C016920,1,7.0,1493.26,1493.26
C019265,3,8.0,1492.92,497.64
C012756,2,8.0,1492.76,746.38
C009410,6,14.0,1492.34,248.72
C017063,2,6.0,1492.27,746.14
C019001,5,8.0,1492.19,298.44
C001975,4,13.0,1492.16,373.04
C013792,3,9.0,1492.05,497.35
C004951,3,10.0,1491.94,497.31
C015085,4,10.0,1491.4,372.85
C009603,2,7.0,1491.32,745.66
C009029,4,15.0,1490.44,372.61
C009212,3,10.0,1489.83,496.61
C011220,3,8.0,1489.83,496.61
C004368,3,16.0,1489.79,496.6
C014682,4,10.0,1489.77,372.44
C014826,3,9.0,1489.55,496.52
C009030,2,7.0,1488.79,744.4
C012543,2,7.0,1488.44,744.22
C015191,4,11.0,1488.22,372.06
C011491,4,11.0,1488.1,372.03
C003551,2,12.0,1488.02,744.01
C002303,6,14.0,1487.79,247.97
C004867,1,5.0,1487.72,1487.72
C013135,4,12.0,1487.51,371.88
C003892,2,7.0,1487.45,743.73
C017393,2,7.0,1487.03,743.52
C012867,4,15.0,1486.8,371.7
C017965,2,6.0,1486.75,743.38
C008007,6,13.0,1486.39,247.73
C008677,2,8.0,1485.76,742.88
C006104,2,7.0,1485.61,742.81
C002468,4,13.0,1485.52,371.38
C019304,4,9.0,1485.45,371.36
C013614,3,7.0,1484.98,494.99
C014742,4,12.0,1484.66,371.17
C014111,2,7.0,1484.55,742.28
C014847,2,5.0,1484.23,742.12
C003175,3,10.0,1483.95,494.65
C005603,3,11.0,1483.65,494.55
C013757,2,9.0,1483.55,741.78
C018775,3,7.0,1483.51,494.5
C017695,4,11.0,1483.14,370.79
C001105,3,11.0,1483.13,494.38
C006732,4,7.0,1482.88,370.72
C015893,3,8.0,1482.82,494.27
C018591,4,5.0,1482.49,370.62
C009605,5,12.0,1482.3,296.46
C004587,5,15.0,1482.27,296.45
C008846,1,7.0,1481.98,1481.98
C003429,2,7.0,1481.83,740.92
C009365,3,8.0,1481.27,493.76
C012179,3,12.0,1480.55,493.52
C015277,3,8.0,1480.04,493.35
C007396,3,5.0,1479.78,493.26
C013867,2,14.0,1479.57,739.79
C019970,1,6.0,1479.0,1479.0
C016714,5,9.0,1478.98,295.8
C017446,2,8.0,1478.62,739.31
C016674,1,5.0,1478.46,1478.46
C013382,4,10.0,1478.27,369.57
C017659,4,14.0,1477.98,369.5
C011433,2,8.0,1477.87,738.94
C013174,4,12.0,1477.83,369.46
C012248,4,15.0,1477.65,369.41
C009230,4,7.0,1477.54,369.39
C016222,3,9.0,1477.53,492.51
C009495,4,10.0,1477.43,369.36
C015907,3,12.0,1477.39,492.46
C009240,5,10.0,1477.08,295.42
C015147,5,9.0,1476.99,295.4
C002586,3,7.0,1476.84,492.28
C018317,2,5.0,1476.56,738.28
C011278,3,8.0,1476.4,492.13
C000734,3,7.0,1476.31,492.1
C017373,2,8.0,1476.28,738.14
C005161,4,9.0,1476.26,369.07
C008063,6,14.0,1476.22,246.04
C005067,3,8.0,1476.1,492.03
C001574,3,7.0,1476.1,492.03
C006772,3,6.0,1476.0,492.0
C005562,4,7.0,1475.59,368.9
C008755,3,7.0,1475.57,491.86
C015563,3,5.0,1475.4,491.8
C012503,2,6.0,1475.08,737.54
C008844,3,8.0,1474.84,491.61
C006417,6,17.0,1474.64,245.77
C015585,4,8.0,1474.31,368.58
C009472,2,9.0,1473.96,736.98
C015302,4,12.0,1473.71,368.43
C006153,3,8.0,1473.7,491.23
C001201,2,10.0,1473.65,736.83
C018446,2,8.0,1473.46,736.73
C014612,2,8.0,1473.0,736.5
C011881,4,11.0,1472.96,368.24
C000722,2,8.0,1472.81,736.41
C002692,3,6.0,1472.7,490.9
C004283,4,12.0,1472.67,368.17
C009848,3,12.0,1472.28,490.76
C017713,5,8.0,1472.23,294.45
C013735,4,7.0,1471.71,367.93
C015115,3,9.0,1471.64,490.55
C000955,2,5.0,1471.47,735.74
C002052,4,10.0,1471.15,367.79
C001035,4,6.0,1470.99,367.75
C017990,3,9.0,1470.6,490.2
C001424,4,18.0,1470.2,367.55
C009087,2,5.0,1470.19,735.1
C013345,3,7.0,1469.96,489.99
C014849,3,12.0,1469.58,489.86
C012940,6,13.0,1469.46,244.91
C009450,3,11.0,1469.08,489.69
C014621,3,11.0,1468.9,489.63
C005029,5,7.0,1468.88,293.78
C013907,3,10.0,1468.51,489.5
C003283,5,11.0,1468.3,293.66
C001021,3,7.0,1468.21,489.4
C019431,2,6.0,1467.87,733.94
C014345,2,8.0,1467.71,733.86
C010160,3,14.0,1467.43,489.14
C012147,4,10.0,1467.35,366.84
C019289,3,6.0,1467.01,489.0
C008928,4,9.0,1466.88,366.72
C017331,4,13.0,1466.81,366.7
C008348,2,10.0,1466.73,733.37
C008328,4,10.0,1466.47,366.62
C006424,5,11.0,1466.45,293.29
C015049,4,9.0,1466.24,366.56
C009001,5,10.0,1466.18,293.24
C006380,4,13.0,1465.87,366.47
C011629,2,6.0,1465.83,732.92
C016996,4,8.0,1465.74,366.44
C018840,2,7.0,1465.62,732.81
C012950,5,13.0,1465.57,293.11
C007502,2,6.0,1465.32,732.66
C019086,4,9.0,1464.52,366.13
C010486,2,7.0,1464.13,732.07
C016842,4,12.0,1464.12,366.03
C019757,3,7.0,1463.75,487.92
C019993,5,10.0,1463.23,292.65
C003586,3,15.0,1462.97,487.66
C006757,3,9.0,1462.88,487.63
C005066,3,8.0,1462.76,487.59
C008068,5,13.0,1462.42,292.48
C006499,6,7.0,1462.27,243.71
C004511,3,7.0,1462.26,487.42
C004513,2,8.0,1461.72,730.86
C000716,3,4.0,1461.63,487.21
C006982,3,9.0,1461.62,487.21
C005940,3,8.0,1461.16,487.05
C011461,2,7.0,1461.01,730.51
C002054,4,9.0,1460.67,365.17
C000881,5,14.0,1460.59,292.12
C011970,5,10.0,1460.38,292.08
C006728,1,6.0,1459.97,1459.97
C010759,2,4.0,1459.94,729.97
C016973,7,18.0,1459.93,208.56
C018703,3,6.0,1459.79,486.6
C010697,5,12.0,1459.18,291.84
C015689,2,10.0,1459.13,729.57
C019314,3,8.0,1458.69,486.23
C004204,5,12.0,1458.57,291.71
C005282,6,8.0,1458.51,243.09
C007668,2,6.0,1458.4,729.2
C013650,4,13.0,1458.4,364.6
C005488,3,9.0,1457.94,485.98
C003276,6,19.0,1457.67,242.95
C006548,4,7.0,1457.58,364.4
C017989,5,10.0,1457.4,291.48
C010241,3,8.0,1457.16,485.72
C011941,3,6.0,1457.09,485.7
C010012,4,15.0,1457.0,364.25
C001101,5,11.0,1456.97,291.39
C018948,5,11.0,1456.72,291.34
C003294,4,17.0,1456.26,364.07
C005302,4,11.0,1455.88,363.97
C012008,5,12.0,1455.74,291.15
C007025,3,10.0,1455.46,485.15
C015290,2,8.0,1455.43,727.72
C019719,3,11.0,1454.91,484.97
C008651,4,14.0,1454.81,363.7
C015452,4,11.0,1454.8,363.7
C008111,1,7.0,1454.44,1454.44
C008261,4,12.0,1453.79,363.45
C014013,2,6.0,1453.54,726.77
C012770,6,18.0,1453.4,242.23
C016173,3,14.0,1453.35,484.45
C009533,4,13.0,1453.31,363.33
C016001,3,7.0,1451.84,483.95
C000675,3,7.0,1451.78,483.93
C003961,4,11.0,1451.68,362.92
C015078,5,14.0,1451.63,290.33
C011723,3,9.0,1451.06,483.69
C002625,4,8.0,1451.04,362.76
C010392,4,12.0,1450.59,362.65
C008899,5,10.0,1450.01,290.0
C011426,3,7.0,1449.74,483.25
C017289,3,9.0,1449.67,483.22
C014361,2,5.0,1449.52,724.76
C018480,4,11.0,1448.16,362.04
C005249,3,7.0,1448.15,482.72
C016578,4,17.0,1447.8,361.95
C013230,4,10.0,1447.7,361.93
C015731,1,6.0,1447.57,1447.57
C000742,5,14.0,1447.27,289.45
C019021,3,7.0,1447.27,482.42
C019668,4,15.0,1447.14,361.79
C010169,2,8.0,1445.93,722.97
C010751,3,11.0,1445.27,481.76
C011845,3,5.0,1445.0,481.67
C001046,2,8.0,1444.92,722.46
C014061,3,11.0,1444.23,481.41
C015518,3,6.0,1444.1,481.37
C012163,2,5.0,1444.07,722.04
C018032,3,5.0,1444.06,481.35
C001125,3,15.0,1443.66,481.22
C013300,3,12.0,1443.41,481.14
C018425,3,7.0,1443.37,481.12
C017031,4,11.0,1443.26,360.82
C005808,3,10.0,1443.09,481.03
C016694,2,9.0,1442.79,721.4
C011516,3,9.0,1442.6,480.87
C017470,3,9.0,1442.53,480.84
C016003,4,10.0,1442.46,360.62
C008735,2,7.0,1442.2,721.1
C000033,4,10.0,1442.04,360.51
C016837,3,7.0,1442.01,480.67
C000970,3,9.0,1441.91,480.64
C014426,2,8.0,1441.56,720.78
C010801,1,5.0,1441.24,1441.24
C018695,4,7.0,1441.18,360.3
C012772,3,9.0,1441.17,480.39
C001991,5,11.0,1441.07,288.21
C013606,3,8.0,1440.85,480.28
C009196,3,8.0,1440.78,480.26
C008415,3,10.0,1440.47,480.16
C007316,4,12.0,1439.94,359.99
C016141,2,5.0,1439.73,719.87
C016918,4,8.0,1439.55,359.89
C012369,4,9.0,1439.39,359.85
C002995,6,12.0,1438.72,239.79
C003380,4,12.0,1438.55,359.64
C012871,2,6.0,1437.05,718.53
C016998,2,9.0,1436.91,718.46
C015695,2,7.0,1436.35,718.18
C014603,3,12.0,1436.29,478.76
C016624,2,8.0,1435.81,717.91
C010212,3,9.0,1435.64,478.55
C014207,4,8.0,1435.48,358.87
C004606,5,11.0,1435.27,287.05
C002715,5,14.0,1435.21,287.04
C018602,5,11.0,1435.14,287.03
C003546,6,14.0,1435.01,239.17
C011866,3,7.0,1434.95,478.32
C002735,3,7.0,1434.91,478.3
C018197,4,8.0,1434.25,358.56
C005857,3,10.0,1434.12,478.04
C001878,5,15.0,1434.08,286.82
C001004,4,11.0,1433.95,358.49
C015624,4,8.0,1433.69,358.42
C007961,4,13.0,1433.61,358.4
C004200,5,12.0,1432.99,286.6
C013899,3,6.0,1432.23,477.41
C012058,4,10.0,1432.19,358.05
C019911,4,9.0,1432.16,358.04
C003079,5,13.0,1431.72,286.34
C009434,4,8.0,1431.59,357.9
C013107,3,10.0,1431.58,477.19
C013726,2,6.0,1431.45,715.73
C012929,2,8.0,1431.26,715.63
C019104,2,10.0,1430.18,715.09
C019913,6,11.0,1430.06,238.34
C004293,4,9.0,1429.93,357.48
C018850,4,8.0,1429.83,357.46
C013952,5,13.0,1429.82,285.96
C013168,2,7.0,1429.68,714.84
C011473,5,12.0,1429.67,285.93
C011901,3,10.0,1429.1,476.37
C017624,3,9.0,1428.63,476.21
C016295,2,6.0,1428.01,714.01
C019855,3,10.0,1427.95,475.98
C015994,4,14.0,1427.72,356.93
C010317,2,6.0,1427.24,713.62
C016566,5,13.0,1427.07,285.41
C000428,6,13.0,1427.06,237.84
C014795,4,12.0,1426.98,356.75
C011293,3,8.0,1426.66,475.55
C002395,3,6.0,1426.65,475.55
C011591,3,10.0,1426.26,475.42
C019746,4,9.0,1426.17,356.54
C019113,3,8.0,1426.17,475.39
C003027,4,13.0,1426.11,356.53
C010868,1,5.0,1425.98,1425.98
C017280,4,10.0,1425.2,356.3
C009521,3,7.0,1425.1,475.03
C016549,4,13.0,1424.64,356.16
C006717,3,13.0,1424.33,474.78
C005705,4,9.0,1424.06,356.02
C018484,2,6.0,1423.51,711.76
C017590,5,9.0,1423.39,284.68
C003143,3,7.0,1423.03,474.34
C006705,3,8.0,1422.63,474.21
C016672,2,9.0,1422.25,711.13
C005636,2,7.0,1421.86,710.93
C011944,3,9.0,1421.79,473.93
C018440,2,6.0,1421.65,710.83
C005415,4,8.0,1421.22,355.31
C015093,3,7.0,1420.77,473.59
C016427,3,6.0,1420.51,473.5
C017397,3,12.0,1420.32,473.44
C015605,5,19.0,1419.94,283.99
C014953,2,7.0,1419.85,709.93
C015543,2,7.0,1419.63,709.82
C013159,5,8.0,1419.34,283.87
C013290,4,10.0,1418.66,354.67
C000441,2,6.0,1418.65,709.33
C018803,4,9.0,1418.58,354.65
C004785,6,16.0,1417.65,236.28
C002866,3,8.0,1417.42,472.47
C014691,2,8.0,1417.36,708.68
C016824,5,13.0,1416.2,283.24
C009471,2,7.0,1415.68,707.84
C011879,3,11.0,1415.55,471.85
C005446,5,12.0,1415.32,283.06
C008380,3,8.0,1415.32,471.77
C014764,1,6.0,1415.1,1415.1
C012967,3,9.0,1415.02,471.67
C011107,3,10.0,1414.91,471.64
C015872,5,11.0,1414.79,282.96
C010055,4,8.0,1414.45,353.61
C019146,3,8.0,1414.29,471.43
C016662,5,11.0,1414.28,282.86
C000167,2,7.0,1414.24,707.12
C001015,4,9.0,1414.02,353.51
C017862,3,7.0,1413.72,471.24
C012222,2,5.0,1413.56,706.78
C015997,3,13.0,1413.3,471.1
C007810,4,8.0,1413.15,353.29
C000041,4,9.0,1413.1,353.28
C008097,3,10.0,1412.62,470.87
C013326,2,10.0,1412.6,706.3
C009764,4,9.0,1412.45,353.11
C003875,5,17.0,1412.27,282.45
C001685,3,11.0,1412.13,470.71
C003567,4,13.0,1411.9,352.98
C003034,4,7.0,1411.83,352.96
C011448,2,10.0,1411.47,705.74
C018654,4,9.0,1411.3,352.83
C009701,4,17.0,1411.3,352.83
C010724,3,6.0,1411.27,470.42
C009854,4,8.0,1411.16,352.79
C019934,4,7.0,1411.1,352.78
C008817,2,6.0,1410.76,705.38
C018362,2,12.0,1410.7,705.35
C019143,3,6.0,1410.59,470.2
C001710,3,6.0,1410.38,470.13
C017480,2,5.0,1410.32,705.16
C012790,3,9.0,1410.25,470.08
C006072,2,9.0,1409.63,704.82
C006462,2,8.0,1409.57,704.79
C010625,4,7.0,1409.14,352.29
C019694,4,8.0,1409.06,352.27
C003703,3,6.0,1409.02,469.67
C009520,5,12.0,1408.89,281.78
C014165,4,9.0,1408.85,352.21
C009669,2,7.0,1408.83,704.42
C004921,2,6.0,1408.71,704.36
C017244,4,7.0,1408.42,352.11
C017539,3,8.0,1408.33,469.44
C017554,3,7.0,1408.07,469.36
C017392,6,12.0,1407.82,234.64
C002991,6,10.0,1407.65,234.61
C011166,3,10.0,1407.6,469.2
C012739,4,7.0,1407.22,351.81
C011012,3,11.0,1406.87,468.96
C018995,5,9.0,1406.43,281.29
C011152,2,12.0,1406.41,703.21
C007198,3,11.0,1405.94,468.65
C019859,2,7.0,1405.93,702.97
C018180,2,4.0,1405.68,702.84
C013509,3,8.0,1405.23,468.41
C002359,4,9.0,1405.15,351.29
C001380,4,10.0,1404.98,351.25
C001535,4,9.0,1404.92,351.23
C008392,2,14.0,1404.89,702.45
C016872,3,8.0,1404.36,468.12
C005595,6,16.0,1404.24,234.04
C006710,6,13.0,1403.7,233.95
C015824,2,7.0,1402.8,701.4
C002488,3,12.0,1402.75,467.58
C010026,2,7.0,1402.48,701.24
C009500,4,9.0,1402.09,350.52
C015868,6,13.0,1401.47,233.58
C004644,1,7.0,1401.46,1401.46
C010705,4,8.0,1401.28,350.32
C010278,5,19.0,1401.18,280.24
C012155,3,9.0,1401.15,467.05
C014908,4,13.0,1400.85,350.21
C009578,3,9.0,1400.66,466.89
C005978,3,8.0,1400.58,466.86
C015398,2,6.0,1400.57,700.29
C001669,2,6.0,1400.52,700.26
C006870,4,15.0,1400.47,350.12
C016988,2,9.0,1399.99,700.0
C006285,4,8.0,1399.83,349.96
C006208,5,9.0,1399.6,279.92
C006890,3,9.0,1399.41,466.47
C006363,5,10.0,1399.29,279.86
C017088,4,10.0,1398.84,349.71
C000920,6,13.0,1398.5,233.08
C012748,4,16.0,1398.02,349.51
C008517,4,11.0,1397.79,349.45
C009329,3,5.0,1397.66,465.89
C004703,5,14.0,1396.83,279.37
C019425,3,7.0,1396.57,465.52
C015084,3,6.0,1396.49,465.5
C012061,4,9.0,1396.28,349.07
C011382,4,9.0,1396.11,349.03
C019013,4,9.0,1395.56,348.89
C003482,3,10.0,1395.49,465.16
C014505,3,7.0,1395.15,465.05
C014920,4,8.0,1395.09,348.77
C007704,4,8.0,1394.89,348.72
C017588,3,9.0,1394.75,464.92
C019850,3,8.0,1394.69,464.9
C016827,3,9.0,1394.53,464.84
C004279,2,15.0,1393.97,696.99
C006073,4,10.0,1393.66,348.42
C008033,3,11.0,1393.61,464.54
C002322,5,20.0,1393.25,278.65
C006953,5,22.0,1393.08,278.62
C014291,2,6.0,1392.96,696.48
C014190,4,8.0,1392.49,348.12
C019630,2,7.0,1392.43,696.22
C011699,2,5.0,1392.19,696.1
C009604,3,15.0,1391.79,463.93
C000703,5,13.0,1390.97,278.19
C002543,4,12.0,1390.9,347.73
C019827,2,6.0,1390.53,695.27
C001843,5,10.0,1390.38,278.08
C001803,4,7.0,1390.11,347.53
C014140,2,11.0,1390.02,695.01
C011690,3,9.0,1389.6,463.2
C010453,4,10.0,1389.56,347.39
C008915,5,11.0,1388.93,277.79
C016367,6,20.0,1388.63,231.44
C019029,2,8.0,1388.52,694.26
C014695,5,10.0,1388.38,277.68
C011670,4,13.0,1387.68,346.92
C012361,4,7.0,1387.03,346.76
C018777,4,13.0,1386.61,346.65
C007803,5,10.0,1386.17,277.23
C016811,2,9.0,1386.0,693.0
C003470,4,15.0,1385.03,346.26
C014655,3,8.0,1384.99,461.66
C016861,2,7.0,1384.74,692.37
C015740,3,15.0,1384.62,461.54
C016629,4,7.0,1384.32,346.08
C010098,3,8.0,1384.31,461.44
C009323,3,11.0,1383.95,461.32
C010778,2,9.0,1383.58,691.79
C014481,5,12.0,1383.21,276.64
C018427,3,6.0,1383.02,461.01
C015520,3,8.0,1383.01,461.0
C016987,5,8.0,1382.85,276.57
C006438,3,10.0,1382.79,460.93
C003944,4,7.0,1382.63,345.66
C017314,2,9.0,1382.07,691.04
C010296,3,12.0,1382.06,460.69
C004013,5,14.0,1381.44,276.29
C014911,4,8.0,1381.31,345.33
C017416,2,5.0,1381.1,690.55
C011836,3,8.0,1380.88,460.29
C014071,3,11.0,1380.51,460.17
C000234,4,9.0,1380.24,345.06
C011539,1,8.0,1379.24,1379.24
C019608,3,10.0,1379.17,459.72
C009351,3,12.0,1378.53,459.51
C002225,2,6.0,1378.22,689.11
C016462,3,8.0,1377.92,459.31
C018131,2,8.0,1377.91,688.96
C019916,4,17.0,1377.68,344.42
C016784,3,6.0,1377.27,459.09
C001531,1,6.0,1377.1,1377.1
C002570,4,11.0,1376.72,344.18
C009546,4,10.0,1376.6,344.15
C018328,7,15.0,1376.24,196.61
C007624,3,7.0,1376.22,458.74
C002968,5,10.0,1376.06,275.21
C011060,2,14.0,1375.81,687.91
C015546,2,10.0,1375.81,687.91
C013694,2,7.0,1375.7,687.85
C004816,6,12.0,1375.33,229.22
C012596,3,5.0,1375.25,458.42
C018747,3,12.0,1375.23,458.41
C001001,5,7.0,1375.13,275.03
C009616,4,15.0,1374.97,343.74
C011279,2,7.0,1374.29,687.15
C007091,3,7.0,1374.11,458.04
C003631,2,5.0,1373.91,686.96
C008312,3,7.0,1373.81,457.94
C013550,4,15.0,1373.71,343.43
C003130,3,8.0,1373.61,457.87
C004268,2,5.0,1373.61,686.81
C017522,2,5.0,1373.41,686.71
C004505,3,6.0,1373.39,457.8
C001368,4,8.0,1372.61,343.15
C010309,4,9.0,1372.49,343.12
C007867,4,13.0,1372.3,343.08
C006496,3,9.0,1372.15,457.38
C004387,2,7.0,1371.93,685.97
C010492,4,10.0,1371.76,342.94
C005527,2,7.0,1371.63,685.82
C010393,3,12.0,1370.51,456.84
C012916,2,7.0,1369.65,684.83
C012456,4,10.0,1369.44,342.36
C003266,2,8.0,1369.31,684.66
C006679,3,7.0,1369.12,456.37
C011615,2,9.0,1369.1,684.55
C011053,3,10.0,1369.0,456.33
C016321,2,6.0,1368.76,684.38
C018636,3,11.0,1368.54,456.18
C001657,7,14.0,1368.43,195.49
C015098,3,11.0,1367.63,455.88
C006344,4,7.0,1367.63,341.91
C004252,4,7.0,1366.88,341.72
C011508,3,8.0,1366.87,455.62
C019942,3,8.0,1366.27,455.42
C012795,3,9.0,1366.0,455.33
C018909,2,8.0,1365.26,682.63
C017945,4,11.0,1365.22,341.31
C019612,4,10.0,1365.02,341.26
C019068,2,6.0,1364.5,682.25
C006964,2,4.0,1364.35,682.18
C004541,4,12.0,1364.11,341.03
C003106,5,9.0,1363.43,272.69
C009057,5,14.0,1363.43,272.69
C013832,4,11.0,1363.35,340.84
C006665,3,6.0,1362.23,454.08
C003552,2,7.0,1362.1,681.05
C014728,5,12.0,1362.04,272.41
C006441,5,14.0,1361.7,272.34
C007862,2,8.0,1361.66,680.83
C009813,3,12.0,1361.6,453.87
C005411,4,13.0,1361.43,340.36
C010592,4,12.0,1360.71,340.18
C002519,5,15.0,1360.28,272.06
C015744,4,16.0,1358.49,339.62
C004692,2,6.0,1358.42,679.21
C016537,4,8.0,1358.23,339.56
C006183,2,11.0,1358.13,679.07
C019463,2,7.0,1358.0,679.0
C019373,3,8.0,1357.98,452.66
C000320,3,9.0,1357.91,452.64
C013333,2,8.0,1357.7,678.85
C013862,6,8.0,1357.27,226.21
C003819,2,6.0,1357.13,678.57
C001202,4,8.0,1355.71,338.93
C002901,2,11.0,1355.42,677.71
C006613,2,7.0,1354.8,677.4
C005480,2,4.0,1354.19,677.1
C018101,2,7.0,1353.75,676.88
C000507,4,8.0,1353.69,338.42
C013281,4,13.0,1353.64,338.41
C014177,2,7.0,1353.6,676.8
C004733,2,6.0,1353.14,676.57
C014745,4,11.0,1352.52,338.13
C000614,3,10.0,1351.84,450.61
C012499,3,10.0,1351.56,450.52
C016414,2,6.0,1351.32,675.66
C013041,3,10.0,1351.26,450.42
C019849,4,9.0,1350.35,337.59
C007072,3,5.0,1350.2,450.07
C003973,2,8.0,1350.11,675.06
C010565,4,9.0,1349.62,337.41
C016336,2,6.0,1349.27,674.64
C001284,2,8.0,1347.89,673.95
C018221,3,7.0,1347.81,449.27
C003341,4,10.0,1347.73,336.93
C008824,5,11.0,1347.35,269.47
C004577,5,13.0,1347.33,269.47
C007052,2,5.0,1347.14,673.57
C018329,4,8.0,1347.09,336.77
C010639,5,10.0,1346.86,269.37
C002934,3,9.0,1346.51,448.84
C019881,4,7.0,1346.48,336.62
C000991,4,9.0,1345.99,336.5
C018883,3,9.0,1345.68,448.56
C006827,2,7.0,1345.22,672.61
C010930,3,6.0,1344.83,448.28
C014604,4,10.0,1344.39,336.1
C009529,4,11.0,1344.18,336.05
C005130,2,5.0,1344.14,672.07
C015263,4,7.0,1343.23,335.81
C007702,2,6.0,1343.12,671.56
C007827,4,12.0,1342.94,335.74
C000958,5,9.0,1342.64,268.53
C010928,5,10.0,1342.21,268.44
C004849,4,10.0,1341.66,335.42
C013071,4,9.0,1341.59,335.4
C017436,4,12.0,1341.57,335.39
C004961,3,5.0,1341.56,447.19
C000479,3,10.0,1341.54,447.18
C005022,4,9.0,1341.29,335.32
C018496,2,6.0,1341.11,670.56
C011769,3,11.0,1340.73,446.91
C006419,4,7.0,1340.69,335.17
C017077,5,11.0,1340.3,268.06
C000636,2,6.0,1340.28,670.14
C015022,3,8.0,1340.05,446.68
C000649,3,10.0,1339.96,446.65
C012279,6,15.0,1339.93,223.32
C009106,5,8.0,1339.67,267.93
C000302,3,8.0,1339.01,446.34
C014904,2,6.0,1338.75,669.38
C019389,2,7.0,1338.65,669.33
C017337,3,5.0,1337.7,445.9
C000099,4,10.0,1337.08,334.27
C017797,1,6.0,1336.98,1336.98
C003851,3,11.0,1336.85,445.62
C012885,3,6.0,1336.57,445.52
C005259,5,13.0,1336.48,267.3
C005436,3,14.0,1336.45,445.48
C019893,4,10.0,1336.37,334.09
C000582,4,9.0,1336.09,334.02
C003016,3,13.0,1335.39,445.13
C019242,4,8.0,1335.17,333.79
C010132,1,5.0,1335.14,1335.14
C016434,2,6.0,1335.13,667.57
C007498,3,6.0,1335.04,445.01
C009191,2,9.0,1334.83,667.42
C009413,2,5.0,1333.71,666.86
C014254,3,9.0,1332.65,444.22
C004325,4,11.0,1332.45,333.11
C005223,5,15.0,1332.05,266.41
C016748,3,8.0,1331.99,444.0
C007813,4,12.0,1331.73,332.93
C016101,3,19.0,1331.69,443.9
C000593,3,11.0,1331.4,443.8
C014515,2,5.0,1330.87,665.44
C006402,5,9.0,1330.67,266.13
C001485,3,9.0,1330.32,443.44
C000462,2,9.0,1330.31,665.16
C007852,4,11.0,1330.19,332.55
C014923,4,12.0,1330.0,332.5
C010551,3,7.0,1329.82,443.27
C013320,4,18.0,1329.09,332.27
C013967,3,6.0,1328.82,442.94
C006814,2,7.0,1328.71,664.36
C003740,3,7.0,1328.08,442.69
C009643,3,9.0,1327.62,442.54
C018927,3,7.0,1327.28,442.43
C013399,5,11.0,1327.09,265.42
C002505,3,8.0,1327.08,442.36
C014257,2,8.0,1326.83,663.42
C016308,7,14.0,1326.57,189.51
C019937,1,4.0,1326.33,1326.33
C015769,7,17.0,1326.1,189.44
C005910,2,7.0,1326.06,663.03
C015647,1,5.0,1325.84,1325.84
C012282,4,6.0,1325.83,331.46
C002921,4,8.0,1325.51,331.38
C009818,5,16.0,1325.35,265.07
C006350,3,8.0,1325.32,441.77
C009959,3,8.0,1325.17,441.72
C008958,3,10.0,1325.04,441.68
C010328,2,7.0,1324.99,662.5
C012728,2,10.0,1324.81,662.41
C017534,5,8.0,1324.53,264.91
C017751,2,5.0,1324.21,662.11
C016407,6,11.0,1323.67,220.61
C006373,4,7.0,1323.59,330.9
C009306,1,8.0,1323.39,1323.39
C016503,2,6.0,1323.25,661.63
C015838,5,18.0,1322.92,264.58
C012563,3,7.0,1321.88,440.63
C001414,4,7.0,1321.61,330.4
C011270,3,8.0,1321.41,440.47
C006922,5,8.0,1321.35,264.27
C017693,5,16.0,1321.29,264.26
C002797,6,9.0,1321.17,220.2
C001242,2,8.0,1321.05,660.53
C016526,4,10.0,1320.92,330.23
C007005,3,9.0,1320.47,440.16
C002115,3,10.0,1320.35,440.12
C001208,2,6.0,1320.04,660.02
C014088,4,7.0,1319.9,329.98
C005087,1,5.0,1319.46,1319.46
C007565,2,5.0,1319.39,659.7
C012455,5,10.0,1318.71,263.74
C017201,4,8.0,1318.49,329.62
C007123,3,7.0,1317.76,439.25
C007794,6,14.0,1317.7,219.62
C007627,4,11.0,1317.64,329.41
C015932,4,12.0,1317.4,329.35
C003536,1,4.0,1316.67,1316.67
C010372,3,6.0,1316.64,438.88
C018491,4,6.0,1316.64,329.16
C016067,2,8.0,1316.31,658.16
C013292,4,12.0,1316.08,329.02
C007060,2,8.0,1315.94,657.97
C009895,4,9.0,1315.81,328.95
C013270,3,5.0,1315.56,438.52
C005992,2,9.0,1314.98,657.49
C007499,5,8.0,1314.8,262.96
C016464,3,10.0,1314.69,438.23
C011607,6,6.0,1314.3,219.05
C002809,1,5.0,1314.24,1314.24
C004196,3,7.0,1314.09,438.03
C017150,3,9.0,1313.75,437.92
C003024,3,6.0,1313.74,437.91
C018067,2,4.0,1313.74,656.87
C012815,2,7.0,1313.63,656.82
C011910,4,13.0,1313.21,328.3
C013910,4,14.0,1313.1,328.28
C006099,3,9.0,1312.43,437.48
C005597,3,5.0,1312.28,437.43
C011983,1,5.0,1311.44,1311.44
C016733,2,7.0,1311.37,655.69
C002772,4,8.0,1311.08,327.77
C010431,2,7.0,1311.06,655.53
C002139,2,6.0,1310.99,655.5
C004796,3,7.0,1310.36,436.79
C001976,5,9.0,1310.17,262.03
C011134,2,11.0,1310.02,655.01
C016447,3,9.0,1309.9,436.63
C018710,4,9.0,1309.58,327.4
C019659,4,11.0,1309.51,327.38
C018455,4,11.0,1309.2,327.3
C003363,4,9.0,1309.1,327.27
C008445,5,10.0,1308.23,261.65
C013749,4,5.0,1308.16,327.04
C016255,3,7.0,1307.81,435.94
C005531,2,7.0,1307.74,653.87
C017696,2,4.0,1307.34,653.67
C005466,5,14.0,1306.92,261.38
C013995,4,8.0,1306.85,326.71
C004870,3,8.0,1306.76,435.59
C016230,3,10.0,1305.85,435.28
C016258,3,9.0,1305.6,435.2
C005608,4,8.0,1305.16,326.29
C010019,3,9.0,1304.7,434.9
C015668,2,5.0,1304.59,652.29
C015936,3,9.0,1304.44,434.81
C005368,7,15.0,1304.38,186.34
C013994,3,15.0,1304.28,434.76
C012721,3,5.0,1303.96,434.65
C018118,4,8.0,1303.82,325.96
C009727,3,11.0,1303.24,434.41
C005183,3,7.0,1303.0,434.33
C010059,2,7.0,1302.47,651.24
C019170,2,5.0,1301.89,650.95
C000087,3,10.0,1301.77,433.92
C015627,2,7.0,1300.87,650.43
C002723,3,12.0,1300.47,433.49
C006068,6,16.0,1300.36,216.73
C008093,3,7.0,1300.24,433.41
C004803,3,6.0,1300.04,433.35
C007508,3,7.0,1299.98,433.33
C014796,4,9.0,1299.16,324.79
C004958,5,15.0,1299.03,259.81
C017706,2,6.0,1298.3,649.15
C019648,2,6.0,1298.26,649.13
C010473,4,9.0,1298.16,324.54
C008161,4,13.0,1298.16,324.54
C010398,4,9.0,1297.53,324.38
C019031,3,10.0,1296.91,432.3
C014910,3,6.0,1296.91,432.3
C011212,3,6.0,1296.79,432.26
C004675,3,8.0,1296.48,432.16
C014927,3,7.0,1296.36,432.12
C004250,3,8.0,1296.21,432.07
C008879,2,6.0,1296.16,648.08
C012339,4,8.0,1295.37,323.84
C018411,4,7.0,1295.08,323.77
C008322,2,10.0,1294.5,647.25
C017131,3,6.0,1294.23,431.41
C000924,3,12.0,1294.1,431.37
C007700,1,7.0,1293.94,1293.94
C016271,3,6.0,1293.93,431.31
C000928,3,8.0,1293.18,431.06
C008208,3,8.0,1292.97,430.99
C008436,4,7.0,1292.85,323.21
C016404,2,14.0,1292.32,646.16
C015749,3,7.0,1292.2,430.73
C015475,3,6.0,1292.11,430.7
C006494,1,9.0,1291.7,1291.7
C001258,3,7.0,1291.52,430.51
C002643,3,8.0,1291.44,430.48
C014464,2,6.0,1291.13,645.57
C017166,3,7.0,1290.88,430.29
C017296,2,6.0,1290.71,645.36
C015996,5,10.0,1290.64,258.13
C007570,3,9.0,1290.35,430.12
C016909,4,13.0,1290.12,322.53
C005743,3,10.0,1289.9,429.97
C011143,1,4.0,1289.58,1289.58
C004081,4,7.0,1289.26,322.32
C014292,7,19.0,1289.25,184.18
C003613,1,5.0,1289.21,1289.21
C003830,2,5.0,1288.8,644.4
C018454,5,9.0,1288.58,257.72
C017689,1,3.0,1288.35,1288.35
C014034,4,8.0,1287.62,321.9
C013363,4,10.0,1287.37,321.84
C014118,2,6.0,1287.26,643.63
C010246,2,6.0,1286.92,643.46
C006546,1,8.0,1286.85,1286.85
C009530,1,5.0,1286.83,1286.83
C013453,4,8.0,1286.5,321.63
C002813,3,7.0,1286.4,428.8
C001959,3,6.0,1286.11,428.7
C003817,3,11.0,1286.04,428.68
C015002,4,7.0,1285.95,321.49
C005343,5,19.0,1285.72,257.14
C013225,2,9.0,1285.5,642.75
C013974,3,9.0,1284.99,428.33
C001393,3,6.0,1284.93,428.31
C019128,4,6.0,1284.76,321.19
C006316,2,8.0,1284.73,642.37
C008934,6,15.0,1284.45,214.08
C002612,5,16.0,1284.26,256.85
C015003,2,5.0,1284.23,642.12
C008074,4,9.0,1284.06,321.02
C010722,5,13.0,1283.98,256.8
C018252,3,8.0,1283.76,427.92
C016663,2,7.0,1283.72,641.86
C015490,3,8.0,1283.64,427.88
C009627,2,6.0,1283.45,641.73
C007931,4,6.0,1283.0,320.75
C009966,3,5.0,1282.36,427.45
C016653,5,14.0,1282.3,256.46
C016871,4,11.0,1282.16,320.54
C018043,3,7.0,1282.04,427.35
C012861,6,10.0,1281.72,213.62
C003786,4,9.0,1281.6,320.4
C005362,4,12.0,1281.59,320.4
C006543,2,7.0,1281.56,640.78
C012876,3,11.0,1281.47,427.16
C007272,2,10.0,1280.97,640.49
C009297,3,15.0,1280.55,426.85
C001159,6,12.0,1280.54,213.42
C001957,4,13.0,1280.42,320.11
C001594,5,12.0,1280.28,256.06
C012366,3,8.0,1279.21,426.4
C004939,4,9.0,1278.89,319.72
C017447,3,5.0,1278.42,426.14
C017513,5,19.0,1278.25,255.65
C012856,3,9.0,1278.21,426.07
C002661,5,11.0,1277.78,255.56
C016728,5,10.0,1277.52,255.5
C006974,5,8.0,1277.49,255.5
C007764,3,4.0,1277.45,425.82
C013736,2,9.0,1277.1,638.55
C013581,4,10.0,1277.01,319.25
C010252,4,11.0,1276.9,319.23
C017395,2,9.0,1276.85,638.42
C004737,4,7.0,1276.85,319.21
C018078,4,9.0,1276.74,319.19
C012209,4,10.0,1276.38,319.1
C003967,3,9.0,1275.89,425.3
C014235,3,13.0,1275.66,425.22
C001332,4,10.0,1275.59,318.9
C018627,2,7.0,1275.38,637.69
C018144,4,8.0,1275.29,318.82
C012357,4,19.0,1275.07,318.77
C010352,4,10.0,1275.01,318.75
C001830,2,11.0,1274.92,637.46
C016791,5,10.0,1274.53,254.91
C006835,4,13.0,1274.39,318.6
C004016,4,9.0,1274.33,318.58
C012783,3,10.0,1274.2,424.73
C001520,3,9.0,1273.9,424.63
C017080,3,10.0,1273.78,424.59
C015791,6,16.0,1273.63,212.27
C019733,3,10.0,1273.35,424.45
C007975,5,10.0,1273.08,254.62
C006012,3,11.0,1273.05,424.35
C018399,3,6.0,1272.64,424.21
C013371,2,7.0,1272.63,636.32
C004717,5,11.0,1272.06,254.41
C008055,2,6.0,1271.79,635.9
C012572,2,5.0,1271.65,635.83
C003065,2,6.0,1271.28,635.64
C009671,4,16.0,1271.01,317.75
C019624,4,8.0,1270.82,317.71
C010333,2,7.0,1270.77,635.39
C018048,4,10.0,1270.75,317.69
C004718,1,5.0,1270.74,1270.74
C003174,3,9.0,1270.73,423.58
C012310,2,5.0,1270.57,635.29
C011900,4,11.0,1270.46,317.62
C012389,3,6.0,1270.46,423.49
C006966,4,9.0,1270.38,317.6
C007814,6,10.0,1270.3,211.72
C019353,3,8.0,1270.2,423.4
C019865,3,8.0,1270.17,423.39
C009493,5,11.0,1269.95,253.99
C015847,4,7.0,1269.93,317.48
C014696,2,5.0,1269.84,634.92
C019466,6,16.0,1269.35,211.56
C003235,3,15.0,1269.24,423.08
C012413,3,8.0,1268.94,422.98
C004397,5,13.0,1268.35,253.67
C017924,3,8.0,1268.15,422.72
C005304,3,9.0,1268.13,422.71
C006453,2,4.0,1267.92,633.96
C007446,3,10.0,1267.8,422.6
C017600,4,11.0,1267.66,316.92
C011349,1,5.0,1267.26,1267.26
C014287,2,7.0,1266.64,633.32
C017179,4,7.0,1266.4,316.6
C015821,2,8.0,1266.06,633.03
C005735,1,5.0,1265.92,1265.92
C018434,3,8.0,1265.68,421.89
C000361,4,7.0,1265.59,316.4
C004199,3,9.0,1265.51,421.84
C008273,3,9.0,1265.48,421.83
C008734,4,9.0,1264.8,316.2
C008269,4,9.0,1264.77,316.19
C017281,2,7.0,1263.87,631.93
C013582,3,6.0,1263.86,421.29
C015531,4,9.0,1263.67,315.92
C007162,3,8.0,1263.51,421.17
C016650,3,10.0,1262.87,420.96
C000091,5,10.0,1262.43,252.49
C009665,3,11.0,1261.74,420.58
C012255,6,12.0,1261.59,210.27
C016634,3,8.0,1261.27,420.42
C017804,3,6.0,1261.03,420.34
C014242,4,9.0,1260.76,315.19
C006769,3,9.0,1260.71,420.24
C012431,5,10.0,1260.31,252.06
C007263,1,3.0,1259.97,1259.97
C011116,2,6.0,1259.28,629.64
C006981,3,9.0,1259.24,419.75
C004466,2,7.0,1259.12,629.56
C018600,2,8.0,1258.97,629.49
C015965,1,3.0,1258.87,1258.87
C018751,2,5.0,1258.85,629.42
C009280,3,8.0,1258.74,419.58
C016980,3,8.0,1258.73,419.58
C018544,3,8.0,1258.54,419.51
C019539,3,9.0,1258.51,419.5
C009231,3,9.0,1258.29,419.43
C008149,4,8.0,1258.25,314.56
C011734,3,6.0,1257.96,419.32
C017744,2,5.0,1257.51,628.76
C002219,1,5.0,1256.93,1256.93
C016207,3,13.0,1256.87,418.96
C012501,4,15.0,1256.84,314.21
C012287,4,13.0,1256.73,314.18
C015780,5,6.0,1256.51,251.3
C016883,3,6.0,1256.4,418.8
C014389,4,9.0,1256.32,314.08
C018394,2,7.0,1255.69,627.85
C017512,2,8.0,1254.97,627.49
C005568,2,7.0,1254.71,627.36
C002867,5,10.0,1254.53,250.91
C003795,2,7.0,1254.31,627.16
C011474,3,7.0,1253.95,417.98
C000786,2,9.0,1253.77,626.89
C005519,2,5.0,1253.71,626.86
C015601,4,16.0,1253.4,313.35
C006559,5,11.0,1253.11,250.62
C007001,2,9.0,1253.1,626.55
C016159,3,7.0,1252.48,417.49
C012059,2,6.0,1252.36,626.18
C018537,6,14.0,1252.33,208.72
C009695,4,7.0,1252.2,313.05
C005134,3,13.0,1252.1,417.37
C004407,3,8.0,1252.0,417.33
C015980,4,6.0,1251.99,313.0
C014395,3,9.0,1251.1,417.03
C015178,2,7.0,1250.88,625.44
C008196,3,6.0,1250.59,416.86
C011230,5,15.0,1250.57,250.11
C008615,3,9.0,1250.37,416.79
C017622,3,8.0,1250.27,416.76
C009130,5,9.0,1250.11,250.02
C018809,5,12.0,1249.76,249.95
C004092,4,9.0,1249.69,312.42
C011334,2,4.0,1249.57,624.79
C016974,3,6.0,1248.84,416.28
C010741,2,8.0,1248.71,624.36
C004297,2,8.0,1248.57,624.29
C002166,3,11.0,1248.14,416.05
C019700,4,8.0,1248.01,312.0
C016056,1,4.0,1247.48,1247.48
C011070,5,7.0,1247.11,249.42
C009554,2,6.0,1246.84,623.42
C013370,2,5.0,1246.14,623.07
C003104,3,12.0,1245.78,415.26
C015341,2,5.0,1245.62,622.81
C014482,1,4.0,1245.56,1245.56
C011110,1,9.0,1245.53,1245.53
C015020,4,7.0,1245.51,311.38
C012258,3,8.0,1245.5,415.17
C004123,3,6.0,1245.31,415.1
C018000,3,8.0,1245.14,415.05
C009910,3,7.0,1245.13,415.04
C019717,4,14.0,1245.06,311.27
C003080,5,12.0,1244.92,248.98
C013056,4,8.0,1244.47,311.12
C011520,5,7.0,1244.0,248.8
C000310,4,7.0,1243.82,310.96
C005092,3,8.0,1243.38,414.46
C009983,3,7.0,1243.16,414.39
C010331,2,6.0,1242.83,621.42
C015724,3,12.0,1242.73,414.24
C011248,4,11.0,1242.54,310.64
C005400,4,12.0,1242.38,310.6
C003349,2,6.0,1242.0,621.0
C003324,4,6.0,1241.64,310.41
C018482,4,8.0,1241.16,310.29
C016802,3,7.0,1240.91,413.64
C015671,2,8.0,1240.91,620.46
C012711,3,5.0,1240.9,413.63
C018592,1,3.0,1240.89,1240.89
C006647,3,8.0,1240.26,413.42
C016210,3,9.0,1240.18,413.39
C004976,4,6.0,1239.78,309.95
C001992,2,10.0,1239.67,619.84
C007679,5,13.0,1239.64,247.93
C019302,3,8.0,1239.42,413.14
C003579,4,10.0,1239.25,309.81
C005623,3,8.0,1239.22,413.07
C002401,4,12.0,1238.99,309.75
C013257,2,7.0,1238.71,619.36
C018565,3,16.0,1238.59,412.86
C011305,4,10.0,1238.59,309.65
C017941,3,7.0,1238.53,412.84
C009304,3,4.0,1238.36,412.79
C017745,4,10.0,1238.0,309.5
C012142,3,13.0,1237.74,412.58
C005525,4,8.0,1237.66,309.42
C012762,2,8.0,1236.51,618.26
C014142,3,6.0,1235.76,411.92
C019139,3,8.0,1235.43,411.81
C018363,3,11.0,1235.27,411.76
C001583,3,6.0,1235.19,411.73
C015391,4,9.0,1234.99,308.75
C013861,3,9.0,1234.75,411.58
C011384,4,7.0,1233.93,308.48
C011703,2,7.0,1233.8,616.9
C003601,4,6.0,1233.42,308.36
C019949,3,8.0,1233.28,411.09
C012725,5,11.0,1232.92,246.58
C005607,2,6.0,1232.92,616.46
C015361,2,7.0,1232.86,616.43
C012753,3,10.0,1232.8,410.93
C007829,4,12.0,1232.76,308.19
C014815,3,10.0,1232.09,410.7
C002326,4,10.0,1232.01,308.0
C006599,4,6.0,1231.7,307.93
C002829,2,5.0,1231.39,615.7
C013105,3,8.0,1231.3,410.43
C002344,3,8.0,1231.09,410.36
C000795,3,8.0,1230.89,410.3
C008193,1,5.0,1230.66,1230.66
C018264,3,8.0,1230.41,410.14
C013114,3,7.0,1229.64,409.88
C010544,3,10.0,1229.1,409.7
C007303,2,6.0,1228.89,614.45
C016390,2,7.0,1228.71,614.36
C006384,3,6.0,1228.24,409.41
C011903,3,6.0,1228.14,409.38
C012571,3,7.0,1227.87,409.29
C013021,4,11.0,1227.81,306.95
C011299,3,10.0,1227.66,409.22
C001742,6,10.0,1227.16,204.53
C002755,3,10.0,1226.46,408.82
C010134,2,6.0,1226.01,613.01
C009157,2,7.0,1225.8,612.9
C011744,2,11.0,1225.48,612.74
C005946,4,17.0,1224.89,306.22
C006641,4,7.0,1224.57,306.14
C017309,2,8.0,1224.4,612.2
C007941,4,8.0,1224.31,306.08
C003969,3,7.0,1224.28,408.09
C006550,2,10.0,1223.83,611.92
C008535,4,6.0,1223.82,305.96
C001754,4,12.0,1223.64,305.91
C006233,3,5.0,1223.47,407.82
C005951,4,8.0,1223.06,305.77
C005291,2,8.0,1222.95,611.48
C010679,4,9.0,1222.81,305.7
C008379,4,8.0,1222.77,305.69
C018236,4,10.0,1222.71,305.68
C001811,3,9.0,1222.42,407.47
C018483,1,4.0,1222.31,1222.31
C014562,3,10.0,1222.08,407.36
C005286,3,11.0,1221.73,407.24
C010288,3,9.0,1220.93,406.98
C004074,3,7.0,1220.48,406.83
C007911,2,7.0,1220.41,610.21
C013165,4,10.0,1220.31,305.08
C006940,2,8.0,1220.04,610.02
C016938,4,16.0,1219.88,304.97
C004253,3,6.0,1219.76,406.59
C016645,3,8.0,1219.72,406.57
C001474,4,14.0,1219.46,304.87
C009242,4,8.0,1219.43,304.86
C019556,3,10.0,1219.25,406.42
C009446,4,4.0,1218.91,304.73
C018646,2,6.0,1218.71,609.36
C015941,5,13.0,1218.35,243.67
C018882,2,7.0,1218.29,609.15
C018945,3,16.0,1217.86,405.95
C013299,2,6.0,1217.82,608.91
C009426,3,7.0,1216.75,405.58
C014719,3,6.0,1216.22,405.41
C000878,3,7.0,1216.13,405.38
C002972,4,15.0,1216.01,304.0
C012187,3,9.0,1215.4,405.13
C006302,6,18.0,1215.27,202.55
C001597,4,8.0,1214.64,303.66
C012504,2,6.0,1214.15,607.08
C003120,3,10.0,1214.07,404.69
C008957,3,7.0,1214.07,404.69
C001753,5,15.0,1214.01,242.8
C008871,2,6.0,1213.35,606.67
C009795,5,19.0,1213.04,242.61
C013875,3,11.0,1211.93,403.98
C013887,2,8.0,1211.57,605.79
C000726,5,11.0,1211.52,242.3
C004966,2,10.0,1211.03,605.52
C009128,4,6.0,1210.43,302.61
C003453,7,16.0,1210.37,172.91
C008756,3,10.0,1210.34,403.45
C017049,4,11.0,1210.23,302.56
C018868,4,11.0,1209.89,302.47
C011822,2,8.0,1209.71,604.86
C003960,2,7.0,1209.57,604.79
C019536,3,8.0,1209.47,403.16
C013954,2,6.0,1209.12,604.56
C005556,4,9.0,1208.99,302.25
C001857,2,6.0,1208.61,604.3
C006736,4,8.0,1208.35,302.09
C015324,4,10.0,1208.01,302.0
C014295,3,6.0,1208.01,402.67
C016198,3,6.0,1207.93,402.64
C004922,2,6.0,1207.76,603.88
C002655,4,11.0,1207.46,301.87
C008447,2,8.0,1207.14,603.57
C017124,3,5.0,1206.83,402.28
C005512,2,5.0,1206.45,603.23
C017073,2,8.0,1206.28,603.14
C009812,3,5.0,1206.18,402.06
C018921,3,14.0,1205.97,401.99
C010474,3,7.0,1205.59,401.86
C000143,3,8.0,1205.54,401.85
C012352,2,9.0,1205.13,602.57
C013410,2,11.0,1204.55,602.28
C011001,2,5.0,1203.88,601.94
C008564,3,6.0,1203.36,401.12
C011985,5,15.0,1203.34,240.67
C004227,3,6.0,1203.13,401.04
C012684,4,9.0,1203.02,300.76
C019989,3,7.0,1202.99,401.0
C013007,4,8.0,1202.96,300.74
C017310,1,6.0,1202.9,1202.9
C010334,2,6.0,1202.42,601.21
C013199,4,15.0,1202.34,300.58
C018779,1,5.0,1202.34,1202.34
C018204,3,7.0,1201.51,400.5
C016753,4,11.0,1201.5,300.38
C006176,4,7.0,1201.29,300.32
C012955,5,12.0,1201.13,240.23
C016184,2,9.0,1200.96,600.48
C018582,3,8.0,1200.72,400.24
C004783,2,6.0,1200.27,600.14
C005091,2,8.0,1199.84,599.92
C016291,3,7.0,1199.83,399.94
C013372,4,6.0,1199.82,299.96
C002085,4,7.0,1199.72,299.93
C017899,2,8.0,1199.69,599.85
C009480,4,10.0,1199.66,299.92
C000531,3,8.0,1199.52,399.84
C007604,4,15.0,1198.74,299.69
C015367,2,4.0,1197.91,598.96
C013697,3,7.0,1197.64,399.21
C015008,3,8.0,1197.61,399.2
C004865,2,8.0,1196.97,598.49
C005078,2,6.0,1196.61,598.3
C011529,2,6.0,1196.49,598.25
C016863,2,10.0,1196.48,598.24
C004354,4,6.0,1196.09,299.02
C019493,4,13.0,1195.23,298.81
C018561,3,9.0,1194.58,398.19
C019825,2,4.0,1194.51,597.26
C011016,3,9.0,1194.42,398.14
C018595,2,9.0,1193.92,596.96
C004571,2,6.0,1193.91,596.96
C001502,2,5.0,1193.56,596.78
C011713,3,12.0,1193.54,397.85
C001940,4,12.0,1193.14,298.29
C014819,3,11.0,1193.07,397.69
C012773,4,10.0,1192.94,298.24
C014870,2,6.0,1192.84,596.42
C019800,2,8.0,1192.83,596.42
C008624,6,13.0,1192.61,198.77
C005796,1,4.0,1192.41,1192.41
C010620,3,7.0,1192.08,397.36
C012566,3,12.0,1191.56,397.19
C008647,4,7.0,1191.38,297.85
C011104,4,14.0,1191.04,297.76
C011150,3,6.0,1190.8,396.93
C017677,4,10.0,1190.8,297.7
C001666,4,9.0,1190.7,297.68
C014131,3,11.0,1190.55,396.85
C013823,3,10.0,1189.89,396.63
C002884,2,6.0,1189.8,594.9
C018728,3,10.0,1189.79,396.6
C007759,3,9.0,1189.78,396.59
C011296,4,12.0,1189.78,297.45
C002840,2,5.0,1189.7,594.85
C010914,2,6.0,1188.85,594.42
C005363,2,7.0,1188.48,594.24
C012240,3,8.0,1188.22,396.07
C008464,4,9.0,1188.08,297.02
C019443,3,7.0,1188.05,396.02
C012977,3,9.0,1187.62,395.87
C018998,1,5.0,1187.51,1187.51
C008612,4,7.0,1187.35,296.84
C009417,2,5.0,1187.29,593.65
C011532,2,4.0,1186.86,593.43
C009476,3,10.0,1186.68,395.56
C019046,2,5.0,1186.55,593.28
C019811,3,10.0,1186.03,395.34
C011840,2,6.0,1185.97,592.99
C017116,2,5.0,1185.8,592.9
C000026,3,6.0,1185.67,395.22
C019684,4,13.0,1185.27,296.32
C009689,5,7.0,1185.02,237.0
C016703,2,6.0,1184.67,592.34
C006535,1,4.0,1184.61,1184.61
C008369,2,6.0,1184.43,592.22
C007954,2,9.0,1184.18,592.09
C018951,3,9.0,1183.32,394.44
C010415,2,6.0,1183.08,591.54
C019382,4,12.0,1182.76,295.69
C006660,2,6.0,1182.39,591.2
C010608,2,8.0,1181.73,590.87
C018022,2,5.0,1181.57,590.79
C014789,5,12.0,1181.44,236.29
C012045,3,7.0,1181.09,393.7
C019429,4,10.0,1180.24,295.06
C018074,5,17.0,1180.22,236.04
C018692,2,5.0,1180.09,590.04
C005234,3,6.0,1179.85,393.28
C007043,4,6.0,1179.84,294.96
C017028,4,15.0,1179.44,294.86
C019181,2,6.0,1179.32,589.66
C015774,5,11.0,1179.28,235.86
C019689,2,7.0,1178.89,589.45
C014097,4,7.0,1178.88,294.72
C008771,4,7.0,1178.83,294.71
C006346,2,6.0,1178.8,589.4
C003945,3,8.0,1178.65,392.88
C015953,2,8.0,1178.45,589.23
C009028,3,9.0,1178.06,392.69
C011847,4,8.0,1177.86,294.46
C016527,3,9.0,1176.98,392.33
C016177,5,11.0,1176.85,235.37
C014584,3,10.0,1176.82,392.27
C019939,3,10.0,1175.37,391.79
C005856,2,4.0,1174.5,587.25
C001654,4,5.0,1174.41,293.6
C012318,2,6.0,1174.32,587.16
C003018,2,4.0,1174.1,587.05
C008794,4,11.0,1174.06,293.52
C013263,2,8.0,1174.02,587.01
C013066,2,5.0,1173.39,586.7
C014112,2,5.0,1173.13,586.57
C012963,3,8.0,1172.36,390.79
C015717,5,14.0,1171.88,234.38
C008382,2,7.0,1171.52,585.76
C014648,4,6.0,1171.52,292.88
C004430,3,8.0,1171.1,390.37
C010948,3,7.0,1171.07,390.36
C008725,1,5.0,1170.68,1170.68
C016431,3,6.0,1170.65,390.22
C008289,2,6.0,1170.24,585.12
C015261,2,8.0,1170.07,585.04
C011388,1,6.0,1169.99,1169.99
C006723,5,10.0,1169.88,233.98
C008751,4,8.0,1169.78,292.45
C006689,2,6.0,1168.59,584.29
C005180,2,6.0,1168.3,584.15
C017638,3,13.0,1168.27,389.42
C019589,4,5.0,1167.93,291.98
C019333,2,7.0,1167.86,583.93
C006303,4,10.0,1167.73,291.93
C018754,6,8.0,1167.39,194.57
C016567,2,7.0,1167.21,583.61
C006968,5,13.0,1166.81,233.36
C012036,2,3.0,1166.49,583.25
C018347,4,12.0,1166.16,291.54
C013254,2,6.0,1164.85,582.42
C008345,2,5.0,1164.46,582.23
C018618,2,4.0,1164.24,582.12
C019433,2,7.0,1163.94,581.97
C013009,7,11.0,1163.72,166.25
C017505,5,10.0,1163.66,232.73
C009071,2,5.0,1163.34,581.67
C015175,5,17.0,1162.74,232.55
C015312,3,9.0,1162.49,387.5
C009713,1,4.0,1162.48,1162.48
C011889,5,15.0,1162.3,232.46
C013993,5,12.0,1162.28,232.46
C006322,3,9.0,1162.01,387.34
C016400,3,5.0,1161.85,387.28
C005674,3,9.0,1161.5,387.17
C004672,2,10.0,1161.42,580.71
C015576,4,14.0,1161.23,290.31
C002618,2,8.0,1160.24,580.12
C018336,1,4.0,1160.14,1160.14
C012079,4,9.0,1159.86,289.96
C015957,4,7.0,1159.7,289.93
C018460,1,5.0,1159.61,1159.61
C004240,3,7.0,1159.54,386.51
C018024,5,14.0,1159.14,231.83
C012931,1,5.0,1157.45,1157.45
C008133,3,12.0,1157.26,385.75
C018801,5,11.0,1156.83,231.37
C011663,3,6.0,1156.34,385.45
C007249,3,5.0,1155.83,385.28
C005835,3,7.0,1154.52,384.84
C015569,3,8.0,1154.46,384.82
C015999,3,7.0,1154.35,384.78
C010808,4,7.0,1154.34,288.58
C009964,4,14.0,1154.25,288.56
C002414,3,9.0,1154.11,384.7
C006979,3,6.0,1153.38,384.46
C004963,3,6.0,1153.02,384.34
C018375,2,7.0,1152.78,576.39
C013920,3,10.0,1152.4,384.13
C010933,3,7.0,1152.39,384.13
C007368,3,4.0,1152.03,384.01
C012959,4,8.0,1151.23,287.81
C014617,3,7.0,1151.21,383.74
C006474,2,7.0,1151.17,575.59
C011434,3,6.0,1150.57,383.52
C007657,3,9.0,1150.04,383.35
C011556,5,14.0,1149.98,230.0
C013491,3,9.0,1149.95,383.32
C013911,3,9.0,1149.8,383.27
C006395,2,6.0,1149.44,574.72
C019842,3,11.0,1149.2,383.07
C001948,3,12.0,1148.73,382.91
C006257,5,8.0,1148.49,229.7
C016150,4,14.0,1148.43,287.11
C016036,4,7.0,1148.33,287.08
C008364,3,8.0,1147.31,382.44
C019665,3,7.0,1147.0,382.33
C017686,3,11.0,1146.85,382.28
C003690,3,10.0,1146.84,382.28
C000057,2,8.0,1145.98,572.99
C016061,4,13.0,1145.73,286.43
C017762,2,5.0,1145.54,572.77
C019997,3,5.0,1145.14,381.71
C013493,3,6.0,1144.78,381.59
C002476,2,8.0,1143.36,571.68
C018791,3,6.0,1143.24,381.08
C006298,3,6.0,1142.8,380.93
C005208,1,4.0,1142.67,1142.67
C009888,3,9.0,1142.38,380.79
C014649,2,6.0,1142.31,571.16
C003583,3,13.0,1141.12,380.37
C007374,2,7.0,1140.65,570.33
C017473,2,4.0,1140.62,570.31
C013334,4,12.0,1140.44,285.11
C019647,2,7.0,1140.24,570.12
C006154,3,8.0,1139.89,379.96
C015156,4,13.0,1139.38,284.85
C009900,3,7.0,1139.38,379.79
C016072,3,6.0,1139.26,379.75
C003720,4,11.0,1138.65,284.66
C005205,2,8.0,1137.44,568.72
C008014,3,6.0,1136.95,378.98
C002508,4,10.0,1136.83,284.21
C017515,3,7.0,1136.61,378.87
C004742,3,7.0,1136.27,378.76
C017634,4,15.0,1135.82,283.96
C007723,2,10.0,1135.5,567.75
C006240,2,8.0,1135.45,567.73
C009779,3,11.0,1135.2,378.4
C018040,3,6.0,1133.94,377.98
C006202,3,7.0,1133.48,377.83
C008909,3,5.0,1133.25,377.75
C008854,3,7.0,1133.2,377.73
C014755,5,10.0,1133.12,226.62
C011760,3,7.0,1133.04,377.68
C008471,1,4.0,1132.88,1132.88
C017202,3,8.0,1132.8,377.6
C019590,4,9.0,1132.75,283.19
C007689,2,8.0,1132.69,566.35
C016732,4,8.0,1132.36,283.09
C018837,2,6.0,1132.27,566.14
C007984,2,9.0,1131.29,565.65
C018069,5,15.0,1131.22,226.24
C019515,4,13.0,1130.34,282.58
C006787,2,7.0,1129.32,564.66
C002180,3,15.0,1129.2,376.4
C017575,4,10.0,1129.08,282.27
C010491,3,8.0,1128.04,376.01
C012704,3,9.0,1127.82,375.94
C002608,3,8.0,1127.48,375.83
C016419,4,10.0,1127.4,281.85
C015908,4,8.0,1125.89,281.47
C003878,4,6.0,1125.68,281.42
C016628,2,4.0,1125.24,562.62
C009076,3,8.0,1124.58,374.86
C009279,3,8.0,1124.46,374.82
C003852,1,9.0,1124.44,1124.44
C001145,2,6.0,1124.36,562.18
C009977,2,6.0,1124.1,562.05
C007588,2,5.0,1124.01,562.01
C007237,2,4.0,1124.01,562.01
C005003,2,5.0,1123.86,561.93
C003308,4,7.0,1123.84,280.96
C006447,3,9.0,1123.33,374.44
C009284,4,5.0,1123.29,280.82
C017631,3,7.0,1123.15,374.38
C005587,2,7.0,1122.92,561.46
C015583,2,5.0,1122.47,561.24
C019438,1,6.0,1122.45,1122.45
C010835,3,5.0,1121.69,373.9
C018869,4,11.0,1121.41,280.35
C011515,2,4.0,1120.2,560.1
C003036,5,11.0,1120.19,224.04
C016688,1,4.0,1120.15,1120.15
C007947,3,10.0,1119.84,373.28
C007017,3,6.0,1119.52,373.17
C011136,2,8.0,1119.44,559.72
C012978,3,12.0,1118.45,372.82
C009114,4,7.0,1118.32,279.58
C011803,3,8.0,1118.31,372.77
C017035,2,5.0,1117.5,558.75
C016071,3,7.0,1116.29,372.1
C004727,2,8.0,1116.2,558.1
C010446,2,8.0,1115.6,557.8
C008750,4,7.0,1114.9,278.73
C014671,3,9.0,1114.84,371.61
C001866,2,8.0,1114.55,557.28
C017243,2,5.0,1114.37,557.18
C018050,2,6.0,1114.05,557.03
C013536,2,8.0,1113.3,556.65
C009103,2,6.0,1113.25,556.63
C002110,3,8.0,1113.23,371.08
C017678,1,4.0,1112.82,1112.82
C001140,2,4.0,1112.65,556.33
C001634,3,17.0,1112.62,370.87
C011190,3,9.0,1112.6,370.87
C017983,3,9.0,1112.31,370.77
C009328,3,8.0,1112.22,370.74
C013494,4,9.0,1112.03,278.01
C000326,5,11.0,1112.0,222.4
C012294,2,7.0,1111.98,555.99
C015041,2,7.0,1111.67,555.84
C017239,3,6.0,1111.47,370.49
C013264,3,5.0,1111.23,370.41
C004246,2,5.0,1111.07,555.54
C005738,4,7.0,1111.01,277.75
C012695,1,3.0,1111.0,1111.0
C014186,5,15.0,1110.7,222.14
C011043,2,4.0,1110.06,555.03
C007742,3,6.0,1109.55,369.85
C016413,4,10.0,1109.3,277.33
C006984,4,7.0,1108.96,277.24
C015480,2,5.0,1108.81,554.41
C004128,3,6.0,1108.39,369.46
C005912,2,6.0,1108.0,554.0
C012505,3,8.0,1107.94,369.31
C014995,6,10.0,1107.25,184.54
C013604,2,5.0,1107.24,553.62
C018920,4,21.0,1106.77,276.69
C006427,4,5.0,1106.6,276.65
C006619,3,15.0,1106.55,368.85
C013876,3,6.0,1105.91,368.64
C007843,3,9.0,1105.21,368.4
C009975,3,4.0,1105.19,368.4
C014114,4,7.0,1104.9,276.23
C013354,1,5.0,1104.88,1104.88
C014843,5,9.0,1104.76,220.95
C019303,2,9.0,1104.3,552.15
C010905,2,10.0,1103.9,551.95
C008052,3,8.0,1103.8,367.93
C012638,2,7.0,1103.52,551.76
C011189,2,6.0,1103.05,551.53
C008859,2,12.0,1102.88,551.44
C010947,2,9.0,1102.87,551.43
C000905,3,9.0,1102.7,367.57
C009188,4,10.0,1102.21,275.55
C003424,3,7.0,1101.9,367.3
C003254,3,9.0,1101.83,367.28
C002172,2,8.0,1101.74,550.87
C018109,3,5.0,1101.7,367.23
C010872,3,13.0,1101.24,367.08
C012037,2,6.0,1100.62,550.31
C003580,3,6.0,1100.38,366.79
C001286,3,7.0,1099.92,366.64
C011527,2,4.0,1099.86,549.93
C005555,2,6.0,1099.8,549.9
C001128,3,7.0,1099.73,366.58
C015726,4,10.0,1099.07,274.77
C010142,3,5.0,1098.78,366.26
C013406,3,7.0,1098.63,366.21
C001451,4,8.0,1097.81,274.45
C015133,3,7.0,1096.83,365.61
C010975,2,5.0,1096.73,548.37
C012653,3,8.0,1096.63,365.54
C009379,3,6.0,1096.23,365.41
C011040,3,6.0,1095.99,365.33
C018825,3,6.0,1095.86,365.29
C019169,4,19.0,1095.22,273.81
C012012,1,5.0,1095.16,1095.16
C015094,5,9.0,1095.14,219.03
C000289,2,7.0,1093.88,546.94
C012538,3,5.0,1093.74,364.58
C019902,5,12.0,1093.7,218.74
C008802,1,4.0,1093.62,1093.62
C006737,4,7.0,1093.53,273.38
C010825,4,7.0,1092.85,273.21
C015775,3,8.0,1092.05,364.02
C012309,3,6.0,1092.01,364.0
C008472,4,6.0,1091.9,272.98
C014059,2,4.0,1091.76,545.88
C004974,2,5.0,1091.75,545.88
C014773,4,12.0,1091.58,272.9
C017903,5,10.0,1091.24,218.25
C007357,3,6.0,1090.98,363.66
C019352,3,6.0,1090.83,363.61
C006542,3,8.0,1089.84,363.28
C005975,3,7.0,1089.75,363.25
C007216,3,7.0,1089.22,363.07
C008759,3,4.0,1089.05,363.02
C015494,3,6.0,1088.55,362.85
C015629,3,10.0,1087.8,362.6
C017727,3,13.0,1087.62,362.54
C012734,2,7.0,1086.33,543.17
C008130,3,10.0,1085.82,361.94
C009523,5,15.0,1085.82,217.16
C019562,3,7.0,1085.59,361.86
C013339,4,10.0,1085.52,271.38
C006182,3,9.0,1085.5,361.83
C016445,3,6.0,1085.17,361.72
C008778,2,7.0,1084.96,542.48
C010477,2,6.0,1084.69,542.35
C005128,2,9.0,1083.86,541.93
C002210,2,4.0,1083.78,541.89
C017172,4,10.0,1083.31,270.83
C019982,2,6.0,1082.94,541.47
C003947,3,7.0,1082.72,360.91
C013901,3,8.0,1082.57,360.86
C001197,2,5.0,1082.36,541.18
C004760,3,7.0,1082.23,360.74
C005986,2,4.0,1081.99,541.0
C019123,1,4.0,1081.53,1081.53
C014442,2,7.0,1080.83,540.42
C002786,4,9.0,1080.82,270.21
C011256,3,10.0,1080.81,360.27
C007985,4,8.0,1080.61,270.15
C010561,3,5.0,1080.1,360.03
C011144,2,7.0,1078.74,539.37
C018150,1,6.0,1078.61,1078.61
C017773,1,6.0,1078.54,1078.54
C011481,5,21.0,1078.1,215.62
C019810,4,9.0,1077.75,269.44
C008999,2,7.0,1077.63,538.82
C007596,5,12.0,1076.82,215.36
C019327,2,6.0,1076.66,538.33
C007167,2,5.0,1076.53,538.27
C011969,2,6.0,1075.62,537.81
C017743,2,7.0,1074.84,537.42
C017831,2,4.0,1074.77,537.39
C009687,4,6.0,1074.45,268.61
C009653,2,5.0,1074.03,537.02
C003307,4,9.0,1073.88,268.47
C005882,2,7.0,1073.86,536.93
C012647,4,6.0,1073.83,268.46
C003213,2,5.0,1073.5,536.75
C015995,2,4.0,1073.24,536.62
C013481,3,9.0,1073.18,357.73
C001983,2,6.0,1073.03,536.52
C010131,2,7.0,1073.01,536.51
C009213,3,9.0,1072.71,357.57
C019187,3,9.0,1072.66,357.55
C019369,5,20.0,1072.29,214.46
C007998,3,9.0,1071.96,357.32
C010480,3,7.0,1071.56,357.19
C013590,4,11.0,1071.09,267.77
C006618,3,6.0,1069.9,356.63
C015691,2,5.0,1069.65,534.83
C016847,2,7.0,1069.24,534.62
C017998,4,9.0,1068.52,267.13
C014015,2,9.0,1068.51,534.26
C016047,2,4.0,1067.58,533.79
C016933,3,8.0,1067.52,355.84
C016604,2,8.0,1067.23,533.62
C015973,3,8.0,1067.18,355.73
C006201,2,4.0,1067.08,533.54
C004237,2,8.0,1066.76,533.38
C019926,3,7.0,1066.7,355.57
C012195,3,8.0,1066.25,355.42
C012040,2,5.0,1065.68,532.84
C019528,3,7.0,1065.26,355.09
C008770,2,5.0,1064.32,532.16
C013164,3,14.0,1063.59,354.53
C008009,3,6.0,1063.53,354.51
C018770,4,11.0,1063.42,265.86
C000264,4,8.0,1063.13,265.78
C002784,5,13.0,1062.52,212.5
C016317,2,5.0,1061.67,530.84
C008449,7,19.0,1061.46,151.64
C017302,2,7.0,1061.42,530.71
C007415,3,4.0,1061.36,353.79
C015233,3,8.0,1061.0,353.67
C016360,4,7.0,1060.6,265.15
C012074,4,8.0,1060.39,265.1
C011082,3,7.0,1060.35,353.45
C007321,4,9.0,1059.87,264.97
C010943,6,12.0,1059.75,176.63
C010085,3,7.0,1059.23,353.08
C009179,3,7.0,1059.17,353.06
C007680,3,13.0,1059.02,353.01
C006902,4,5.0,1058.81,264.7
C005751,3,9.0,1058.47,352.82
C011467,4,7.0,1058.4,264.6
C018354,4,8.0,1058.14,264.54
C014712,2,7.0,1057.73,528.87
C013965,3,12.0,1057.62,352.54
C018413,2,5.0,1057.05,528.53
C006483,4,10.0,1056.53,264.13
C016680,2,5.0,1056.2,528.1
C010399,4,9.0,1056.04,264.01
C003822,3,4.0,1055.78,351.93
C007918,1,6.0,1055.27,1055.27
C014022,3,6.0,1055.23,351.74
C016592,2,4.0,1055.19,527.6
C010646,3,7.0,1055.04,351.68
C017776,4,8.0,1054.94,263.74
C014929,2,6.0,1054.79,527.4
C016194,2,5.0,1054.52,527.26
C007833,4,12.0,1054.12,263.53
C019889,2,5.0,1054.1,527.05
C014878,3,8.0,1053.81,351.27
C005107,1,5.0,1053.72,1053.72
C019512,2,7.0,1053.63,526.82
C000040,4,9.0,1053.6,263.4
C010107,3,8.0,1053.6,351.2
C003432,4,12.0,1053.51,263.38
C003267,3,5.0,1053.33,351.11
C012838,2,5.0,1053.25,526.63
C018338,2,10.0,1052.04,526.02
C015389,2,7.0,1052.03,526.02
C019416,4,6.0,1052.0,263.0
C003445,3,6.0,1051.94,350.65
C009948,3,6.0,1051.68,350.56
C006475,2,5.0,1051.11,525.55
C006864,3,8.0,1050.56,350.19
C000506,4,7.0,1049.63,262.41
C008577,4,13.0,1049.21,262.3
C016305,2,6.0,1048.65,524.33
C004473,3,6.0,1048.41,349.47
C009532,2,6.0,1047.76,523.88
C008834,2,8.0,1047.43,523.72
C011032,3,6.0,1047.37,349.12
C016448,2,8.0,1046.88,523.44
C007848,3,7.0,1046.76,348.92
C015948,1,6.0,1046.51,1046.51
C015828,2,5.0,1046.06,523.03
C017375,3,6.0,1046.02,348.67
C009170,3,5.0,1045.57,348.52
C008720,3,11.0,1045.38,348.46
C019938,5,11.0,1045.37,209.07
C009932,3,6.0,1045.27,348.42
C014528,3,9.0,1045.16,348.39
C014162,3,5.0,1044.74,348.25
C005023,2,5.0,1044.36,522.18
C014641,5,20.0,1044.29,208.86
C002407,2,5.0,1044.27,522.14
C006617,3,11.0,1043.9,347.97
C019420,1,5.0,1043.88,1043.88
C012156,1,6.0,1043.19,1043.19
C013890,2,4.0,1043.17,521.59
C012038,1,7.0,1043.17,1043.17
C012595,3,3.0,1043.14,347.71
C017636,5,7.0,1043.04,208.61
C012379,1,4.0,1042.78,1042.78
C007111,2,8.0,1042.76,521.38
C010629,3,11.0,1042.65,347.55
C017027,5,10.0,1042.52,208.5
C014881,3,6.0,1042.33,347.44
C007870,3,3.0,1042.31,347.44
C016034,4,6.0,1042.29,260.57
C013051,3,8.0,1042.08,347.36
C009811,2,4.0,1041.68,520.84
C012249,3,6.0,1041.48,347.16
C019987,3,8.0,1041.16,347.05
C019527,2,6.0,1040.23,520.12
C005715,2,3.0,1039.09,519.54
C011909,4,16.0,1038.65,259.66
C019231,3,9.0,1038.53,346.18
C000116,4,14.0,1038.52,259.63
C000073,5,11.0,1038.47,207.69
C018851,3,6.0,1038.46,346.15
C011774,4,7.0,1038.02,259.51
C000900,4,6.0,1037.42,259.36
C008613,1,5.0,1037.28,1037.28
C018372,1,4.0,1037.21,1037.21
C010020,2,5.0,1037.17,518.59
C011837,4,7.0,1037.14,259.29
C011315,2,8.0,1037.13,518.57
C013541,2,4.0,1036.53,518.27
C016704,4,8.0,1036.36,259.09
C019159,4,6.0,1036.17,259.04
C000406,3,9.0,1036.04,345.35
C009928,3,7.0,1035.25,345.08
C016955,2,6.0,1035.15,517.58
C009526,2,4.0,1033.99,517.0
C011724,2,10.0,1033.87,516.93
C018142,3,8.0,1033.59,344.53
C008218,5,7.0,1033.4,206.68
C011106,5,12.0,1033.16,206.63
C019218,3,9.0,1032.9,344.3
C000172,1,4.0,1031.89,1031.89
C010522,2,7.0,1031.58,515.79
C019673,3,7.0,1031.38,343.79
C002460,4,11.0,1030.98,257.75
C018891,4,6.0,1030.91,257.73
C017953,3,9.0,1029.13,343.04
C017537,2,6.0,1028.07,514.04
C005424,2,5.0,1027.65,513.83
C003337,2,8.0,1027.48,513.74
C004361,3,4.0,1026.79,342.26
C004838,3,5.0,1026.2,342.07
C004114,4,9.0,1025.96,256.49
C019347,2,5.0,1025.84,512.92
C009099,2,3.0,1025.74,512.87
C014212,2,7.0,1024.49,512.25
C012649,3,4.0,1024.39,341.46
C003660,4,5.0,1024.06,256.02
C002697,2,4.0,1024.01,512.01
C001841,3,14.0,1022.99,341.0
C004170,3,8.0,1022.89,340.96
C005470,2,6.0,1022.76,511.38
C015986,2,6.0,1022.73,511.37
C001388,3,4.0,1022.01,340.67
C009166,2,6.0,1020.71,510.36
C009875,3,12.0,1020.0,340.0
C019308,3,9.0,1019.84,339.95
C014415,2,8.0,1019.68,509.84
C005491,5,11.0,1019.19,203.84
C013246,2,6.0,1018.86,509.43
C008374,2,5.0,1018.66,509.33
C004762,3,8.0,1018.13,339.38
C002569,1,4.0,1017.34,1017.34
C001180,6,12.0,1016.68,169.45
C019628,2,6.0,1016.6,508.3
C010071,5,15.0,1016.31,203.26
C019263,2,4.0,1016.2,508.1
C008823,4,9.0,1015.61,253.9
C004512,4,12.0,1015.5,253.88
C003634,4,12.0,1015.45,253.86
C017496,2,6.0,1015.31,507.66
C019583,3,10.0,1014.73,338.24
C014406,4,13.0,1013.34,253.34
C010262,3,8.0,1013.29,337.76
C003251,6,10.0,1012.73,168.79
C003644,3,8.0,1012.63,337.54
C008038,1,4.0,1012.22,1012.22
C013301,3,14.0,1012.11,337.37
C000974,3,8.0,1011.62,337.21
C015453,2,7.0,1010.7,505.35
C008536,3,8.0,1010.48,336.83
C000047,2,5.0,1010.44,505.22
C003706,3,7.0,1009.43,336.48
C003943,3,8.0,1008.83,336.28
C018901,2,6.0,1008.42,504.21
C008888,1,5.0,1008.41,1008.41
C004310,4,11.0,1008.22,252.06
C008257,1,5.0,1008.01,1008.01
C015855,2,6.0,1008.0,504.0
C017178,3,5.0,1007.99,336.0
C003346,4,6.0,1007.69,251.92
C017047,2,5.0,1007.31,503.66
C004676,2,4.0,1006.68,503.34
C017907,6,11.0,1006.65,167.78
C008831,4,9.0,1006.2,251.55
C010863,3,5.0,1006.08,335.36
C017209,2,6.0,1006.08,503.04
C013052,1,3.0,1005.69,1005.69
C009876,2,6.0,1004.62,502.31
C008819,4,7.0,1004.57,251.14
C019075,4,8.0,1004.26,251.07
C002993,2,6.0,1003.46,501.73
C004084,4,9.0,1003.06,250.77
C019816,3,8.0,1002.78,334.26
C018127,3,21.0,1002.54,334.18
C012368,2,5.0,1002.26,501.13
C000832,4,6.0,1002.16,250.54
C001528,2,6.0,1002.0,501.0
C015886,2,8.0,1001.97,500.99
C004281,2,8.0,1001.19,500.6
C003410,4,12.0,1001.07,250.27
C002959,3,6.0,1000.93,333.64
C013310,2,8.0,1000.91,500.46
C016710,3,8.0,1000.46,333.49
C016089,3,10.0,1000.21,333.4
C009210,1,6.0,1000.2,1000.2
C013711,3,6.0,999.79,333.26
C013386,1,6.0,999.54,999.54
C017060,1,4.0,999.12,999.12
C014645,4,9.0,998.99,249.75
C008522,2,6.0,998.77,499.39
C018956,2,5.0,998.23,499.12
C005425,7,14.0,998.08,142.58
C016109,1,6.0,997.3,997.3
C019873,4,7.0,997.14,249.29
C012425,4,4.0,996.46,249.12
C007838,3,13.0,995.73,331.91
C002785,3,6.0,995.65,331.88
C014708,3,6.0,995.62,331.87
C016218,2,6.0,995.44,497.72
C019618,1,8.0,995.3,995.3
C003659,4,14.0,995.26,248.82
C003248,3,5.0,995.17,331.72
C009136,1,5.0,994.6,994.6
C019622,4,6.0,994.52,248.63
C002890,4,6.0,994.49,248.62
C003081,3,7.0,994.05,331.35
C014938,3,5.0,993.97,331.32
C009007,2,5.0,993.93,496.97
C016766,3,17.0,993.33,331.11
C001438,3,9.0,992.63,330.88
C016670,2,8.0,992.63,496.32
C009894,4,13.0,991.68,247.92
C002288,5,10.0,990.88,198.18
C012685,1,3.0,990.37,990.37
C011048,2,5.0,990.25,495.13
C008030,3,8.0,990.24,330.08
C010003,3,12.0,989.8,329.93
C017837,2,7.0,989.55,494.78
C016505,4,11.0,989.46,247.37
C018622,1,5.0,989.45,989.45
C009107,4,8.0,989.03,247.26
C002739,3,13.0,988.99,329.66
C005868,3,8.0,988.84,329.61
C004624,2,4.0,988.71,494.36
C018298,3,4.0,988.26,329.42
C017369,2,4.0,987.88,493.94
C006118,4,7.0,987.41,246.85
C009184,3,11.0,987.28,329.09
C011886,3,5.0,986.68,328.89
C004380,4,15.0,986.25,246.56
C000635,4,10.0,986.24,246.56
C010999,2,4.0,986.03,493.02
C011905,3,6.0,985.08,328.36
C008497,3,12.0,984.25,328.08
C005458,5,13.0,984.21,196.84
C004527,3,9.0,984.18,328.06
C019157,2,8.0,984.16,492.08
C015248,5,18.0,984.12,196.82
C012443,1,4.0,983.9,983.9
C004552,5,10.0,983.2,196.64
C015404,3,12.0,983.19,327.73
C010562,3,6.0,983.08,327.69
C010600,4,5.0,982.97,245.74
C018659,3,6.0,982.86,327.62
C007126,4,11.0,982.72,245.68
C005214,3,11.0,982.66,327.55
C015803,1,3.0,982.66,982.66
C003753,4,10.0,982.54,245.64
C007871,1,5.0,982.49,982.49
C014029,2,5.0,982.2,491.1
C014447,4,8.0,981.64,245.41
C015842,3,6.0,981.34,327.11
C006311,4,11.0,981.29,245.32
C019057,4,8.0,980.71,245.18
C017240,3,11.0,980.56,326.85
C007358,3,8.0,979.82,326.61
C004249,3,4.0,979.74,326.58
C010381,3,5.0,979.46,326.49
C008363,4,6.0,979.31,244.83
C010247,3,8.0,979.06,326.35
C009953,3,6.0,979.04,326.35
C005153,6,18.0,978.9,163.15
C010219,1,3.0,978.45,978.45
C011138,2,6.0,978.34,489.17
C005685,5,8.0,978.25,195.65
C014508,2,12.0,978.12,489.06
C013104,4,11.0,978.01,244.5
C007780,2,5.0,977.28,488.64
C016410,2,6.0,976.67,488.34
C000663,4,13.0,976.22,244.06
C005806,2,5.0,975.78,487.89
C001681,3,6.0,975.12,325.04
C014043,4,9.0,974.12,243.53
C014958,3,7.0,973.72,324.57
C011652,3,10.0,973.65,324.55
C014437,4,8.0,973.13,243.28
C001933,5,13.0,972.81,194.56
C004201,4,7.0,972.65,243.16
C007519,2,3.0,972.58,486.29
C003461,5,7.0,972.47,194.49
C002028,4,9.0,972.46,243.12
C006461,1,5.0,972.41,972.41
C006931,1,4.0,971.98,971.98
C004596,2,5.0,971.46,485.73
C005639,3,6.0,971.18,323.73
C006135,1,7.0,970.97,970.97
C000168,2,6.0,970.82,485.41
C015664,3,17.0,970.5,323.5
C014860,2,6.0,970.48,485.24
C000682,2,5.0,970.19,485.1
C013304,4,8.0,968.72,242.18
C012479,2,4.0,968.61,484.31
C015013,4,10.0,968.29,242.07
C016282,3,12.0,968.16,322.72
C006573,3,5.0,967.92,322.64
C017747,3,6.0,967.74,322.58
C008043,4,6.0,966.88,241.72
C007967,2,6.0,966.75,483.38
C014226,2,9.0,966.66,483.33
C002566,6,17.0,966.62,161.1
C014175,4,8.0,966.57,241.64
C016058,3,6.0,966.42,322.14
C014181,6,17.0,965.4,160.9
C011538,4,14.0,965.13,241.28
C008089,2,9.0,965.07,482.54
C009967,3,7.0,964.99,321.66
C007535,2,3.0,964.99,482.5
C011219,4,7.0,964.7,241.18
C012776,3,6.0,963.76,321.25
C018114,3,7.0,963.75,321.25
C017106,2,4.0,963.7,481.85
C005397,4,7.0,962.8,240.7
C010150,4,18.0,962.03,240.51
C016093,4,10.0,961.93,240.48
C001649,2,9.0,961.74,480.87
C005663,4,7.0,961.51,240.38
C016735,3,6.0,961.26,320.42
C006682,4,8.0,961.24,240.31
C004035,2,7.0,961.1,480.55
C000488,5,7.0,960.98,192.2
C008596,3,9.0,960.34,320.11
C014163,3,6.0,960.19,320.06
C019479,2,7.0,960.02,480.01
C016229,4,13.0,959.66,239.92
C016208,1,5.0,959.41,959.41
C006748,5,9.0,959.36,191.87
C017105,3,5.0,959.32,319.77
C014379,2,4.0,959.12,479.56
C019699,1,4.0,958.75,958.75
C007163,3,6.0,958.39,319.46
C014144,2,3.0,957.9,478.95
C017672,3,7.0,957.59,319.2
C019010,3,15.0,956.86,318.95
C005401,3,10.0,956.32,318.77
C002357,2,9.0,956.26,478.13
C018753,3,8.0,955.87,318.62
C012096,3,7.0,955.83,318.61
C006219,3,4.0,955.76,318.59
C015810,2,4.0,955.57,477.79
C011283,4,6.0,955.5,238.88
C004823,3,9.0,955.19,318.4
C013698,2,5.0,954.73,477.37
C005380,2,9.0,954.62,477.31
C019599,3,5.0,954.56,318.19
C000515,5,6.0,954.22,190.84
C013834,3,5.0,954.17,318.06
C003863,4,11.0,953.42,238.36
C008952,4,10.0,953.38,238.35
C013152,4,5.0,953.2,238.3
C008297,2,6.0,952.68,476.34
C008186,2,6.0,952.42,476.21
C014713,4,16.0,952.01,238.0
C012705,3,7.0,951.08,317.03
C018092,4,5.0,950.43,237.61
C003931,2,7.0,950.26,475.13
C009594,5,8.0,950.1,190.02
C007118,2,8.0,949.71,474.86
C002306,3,6.0,949.45,316.48
C002963,4,9.0,949.14,237.29
C014489,2,8.0,949.04,474.52
C016062,3,5.0,948.87,316.29
C006693,3,5.0,948.73,316.24
C018448,1,3.0,947.89,947.89
C010780,2,4.0,947.86,473.93
C005207,3,6.0,947.46,315.82
C007014,2,3.0,947.18,473.59
C014240,4,15.0,946.84,236.71
C012761,2,7.0,946.49,473.25
C012922,2,4.0,945.87,472.94
C013368,2,6.0,945.7,472.85
C007973,4,15.0,945.67,236.42
C012290,3,14.0,945.35,315.12
C010940,2,9.0,945.09,472.55
C015827,2,7.0,944.5,472.25
C018012,4,6.0,944.49,236.12
C005590,4,9.0,944.47,236.12
C007170,2,4.0,943.81,471.91
C016840,2,4.0,943.66,471.83
C018926,3,9.0,943.62,314.54
C009950,3,6.0,943.29,314.43
C012429,4,5.0,943.13,235.78
C017701,2,8.0,942.71,471.36
C014836,3,6.0,942.68,314.23
C008917,2,7.0,942.21,471.11
C003972,5,11.0,942.07,188.41
C001401,4,7.0,942.01,235.5
C019316,4,9.0,941.45,235.36
C016133,2,4.0,941.41,470.71
C016976,1,5.0,941.11,941.11
C018675,3,11.0,940.72,313.57
C003232,3,5.0,939.49,313.16
C003123,4,10.0,939.17,234.79
C010316,3,5.0,939.07,313.02
C016542,2,8.0,938.93,469.47
C011503,3,8.0,937.49,312.5
C004519,3,5.0,937.49,312.5
C010786,3,14.0,937.23,312.41
C013958,2,6.0,937.06,468.53
C018761,2,6.0,936.67,468.34
C005118,2,4.0,935.91,467.96
C015307,3,6.0,935.77,311.92
C016433,2,5.0,935.53,467.77
C004576,5,10.0,935.47,187.09
C000342,2,6.0,934.53,467.27
C011846,3,6.0,934.33,311.44
C015170,3,7.0,933.86,311.29
C009740,2,4.0,933.32,466.66
C006149,3,5.0,933.12,311.04
C019963,3,7.0,932.65,310.88
C019804,1,3.0,931.8,931.8
C007210,4,13.0,930.91,232.73
C006467,2,5.0,930.82,465.41
C018805,3,7.0,930.31,310.1
C001691,3,15.0,930.05,310.02
C000477,4,13.0,930.01,232.5
C013256,3,11.0,929.79,309.93
C011346,1,5.0,928.99,928.99
C009634,2,3.0,928.94,464.47
C015340,2,10.0,928.63,464.32
C000492,3,10.0,928.61,309.54
C008001,1,5.0,928.5,928.5
C001546,2,6.0,927.89,463.95
C015243,4,10.0,927.88,231.97
C019821,1,3.0,927.28,927.28
C014977,4,7.0,926.67,231.67
C018639,3,7.0,926.66,308.89
C014951,1,4.0,926.56,926.56
C016288,2,6.0,926.38,463.19
C018407,2,5.0,925.35,462.68
C015679,3,8.0,925.27,308.42
C005646,1,4.0,924.35,924.35
C004872,3,5.0,924.23,308.08
C019607,3,7.0,924.12,308.04
C012920,2,9.0,923.59,461.8
C009367,5,11.0,923.46,184.69
C008956,2,8.0,923.25,461.63
C001678,2,4.0,923.17,461.59
C019482,2,3.0,922.94,461.47
C001972,3,6.0,922.63,307.54
C012127,4,8.0,922.29,230.57
C004946,3,8.0,921.92,307.31
C010952,3,10.0,921.51,307.17
C015231,4,10.0,921.22,230.31
C004391,2,7.0,920.4,460.2
C010013,2,5.0,920.17,460.09
C001275,2,8.0,920.02,460.01
C016747,4,13.0,919.9,229.98
C017509,3,14.0,919.9,306.63
C003321,1,6.0,919.86,919.86
C012508,3,9.0,919.54,306.51
C003563,4,11.0,918.72,229.68
C015209,1,5.0,918.53,918.53
C018422,3,5.0,918.43,306.14
C002811,4,10.0,917.35,229.34
C012600,1,3.0,917.25,917.25
C013924,2,4.0,917.2,458.6
C004618,4,6.0,916.09,229.02
C017825,6,8.0,915.99,152.67
C014276,4,5.0,915.95,228.99
C018764,2,3.0,915.94,457.97
C007960,3,4.0,915.33,305.11
C011948,1,5.0,915.05,915.05
C013689,3,15.0,913.91,304.64
C018269,3,9.0,913.36,304.45
C016667,2,5.0,913.22,456.61
C011978,4,6.0,912.83,228.21
C012832,3,9.0,912.78,304.26
C001244,5,10.0,912.51,182.5
C007283,5,12.0,912.39,182.48
C003974,3,5.0,911.84,303.95
C016651,5,9.0,911.81,182.36
C004904,4,19.0,911.56,227.89
C018087,2,9.0,911.45,455.73
C010796,2,4.0,910.51,455.26
C013090,4,7.0,910.46,227.62
C009113,4,8.0,910.25,227.56
C012735,3,6.0,908.67,302.89
C007869,3,5.0,907.97,302.66
C018897,1,7.0,907.68,907.68
C008259,3,5.0,907.58,302.53
C005191,3,3.0,907.5,302.5
C008065,3,6.0,907.36,302.45
C002945,1,3.0,907.35,907.35
C006171,3,7.0,907.26,302.42
C016009,5,11.0,907.06,181.41
C003186,2,4.0,906.9,453.45
C013455,2,5.0,906.59,453.3
C018528,4,10.0,906.37,226.59
C014393,2,5.0,905.02,452.51
C010828,3,6.0,904.67,301.56
C005352,1,4.0,903.82,903.82
C003853,4,9.0,903.73,225.93
C008495,2,3.0,902.57,451.29
C001901,3,8.0,902.57,300.86
C018641,1,2.0,902.51,902.51
C015455,3,5.0,901.94,300.65
C011681,3,9.0,901.41,300.47
C012970,1,3.0,901.1,901.1
C016320,3,7.0,900.86,300.29
C001440,1,4.0,900.71,900.71
C013693,2,6.0,900.11,450.06
C015241,4,6.0,899.92,224.98
C014511,2,7.0,899.75,449.88
C006640,4,6.0,899.63,224.91
C003202,2,4.0,899.09,449.55
C007835,3,7.0,898.02,299.34
C009277,6,12.0,898.01,149.67
C010753,4,9.0,897.8,224.45
C019884,1,5.0,897.48,897.48
C011829,1,5.0,897.25,897.25
C004787,2,5.0,897.0,448.5
C000982,3,5.0,896.9,298.97
C013487,4,7.0,896.58,224.15
C017698,4,9.0,896.29,224.07
C009035,2,6.0,896.19,448.1
C009590,2,4.0,895.88,447.94
C009539,4,10.0,895.62,223.91
C012021,4,6.0,895.6,223.9
C009176,1,4.0,895.1,895.1
C000930,4,12.0,894.5,223.63
C018398,2,5.0,894.49,447.25
C011504,2,6.0,893.31,446.66
C006656,2,6.0,892.29,446.15
C018638,2,5.0,891.85,445.93
C005778,2,5.0,891.6,445.8
C016621,4,8.0,891.53,222.88
C007595,4,8.0,891.28,222.82
C017601,1,4.0,891.09,891.09
C015140,3,6.0,890.3,296.77
C001298,1,4.0,890.13,890.13
C013029,2,3.0,890.06,445.03
C011568,1,4.0,889.57,889.57
C008283,5,16.0,889.49,177.9
C014627,2,5.0,888.62,444.31
C011332,4,12.0,888.29,222.07
C012789,5,15.0,888.12,177.62
C002383,2,4.0,886.68,443.34
C015924,2,5.0,886.52,443.26
C004784,2,6.0,886.27,443.14
C016182,2,4.0,886.09,443.05
C018082,2,11.0,885.61,442.81
C006547,2,3.0,884.9,442.45
C009439,3,8.0,884.29,294.76
C014348,2,5.0,884.2,442.1
C018061,3,9.0,884.01,294.67
C009846,3,11.0,883.02,294.34
C012345,3,6.0,882.64,294.21
C002004,4,7.0,882.61,220.65
C012890,4,12.0,882.51,220.63
C002279,4,11.0,882.5,220.63
C009171,2,5.0,882.48,441.24
C016807,2,4.0,882.37,441.19
C006570,4,7.0,882.04,220.51
C014057,4,8.0,881.58,220.4
C006392,5,10.0,880.61,176.12
C004924,1,3.0,879.9,879.9
C007716,2,6.0,878.78,439.39
C004712,2,7.0,877.84,438.92
C017231,3,8.0,877.1,292.37
C001446,2,5.0,876.94,438.47
C013492,2,5.0,876.25,438.13
C011786,2,5.0,875.77,437.89
C007229,3,6.0,875.6,291.87
C019580,2,8.0,875.03,437.52
C009993,2,5.0,874.84,437.42
C016297,3,7.0,874.59,291.53
C005372,1,5.0,874.43,874.43
C000305,4,7.0,874.42,218.61
C011865,3,9.0,874.11,291.37
C003661,2,4.0,872.71,436.36
C016306,3,7.0,872.46,290.82
C010514,3,8.0,872.38,290.79
C013938,2,7.0,872.33,436.17
C016165,4,8.0,871.28,217.82
C007980,3,4.0,870.82,290.27
C017898,1,4.0,870.65,870.65
C015903,3,6.0,870.44,290.15
C010647,2,5.0,870.02,435.01
C016793,3,5.0,869.31,289.77
C019809,3,6.0,869.22,289.74
C015195,2,6.0,869.05,434.53
C016881,2,4.0,868.87,434.44
C016692,2,3.0,868.72,434.36
C016314,3,8.0,868.54,289.51
C019914,1,6.0,868.45,868.45
C005588,2,5.0,868.36,434.18
C007846,4,7.0,867.87,216.97
C004390,2,7.0,867.08,433.54
C009083,3,8.0,866.76,288.92
C003639,2,4.0,866.52,433.26
C011370,3,4.0,866.45,288.82
C001997,3,3.0,865.93,288.64
C018597,3,9.0,864.83,288.28
C017249,3,5.0,864.8,288.27
C014342,3,7.0,864.68,288.23
C015657,2,3.0,864.64,432.32
C005468,4,13.0,864.34,216.09
C017850,1,3.0,864.11,864.11
C003880,2,3.0,863.84,431.92
C015497,2,4.0,863.35,431.68
C014067,3,8.0,862.48,287.49
C006840,2,6.0,862.46,431.23
C012825,2,9.0,862.03,431.02
C016276,2,5.0,861.76,430.88
C004538,5,12.0,860.69,172.14
C018836,1,6.0,860.61,860.61
C008341,2,4.0,860.56,430.28
C002454,4,6.0,860.55,215.14
C018474,3,8.0,860.04,286.68
C015952,2,8.0,859.33,429.67
C002118,4,8.0,858.26,214.57
C018149,1,4.0,858.25,858.25
C011338,3,8.0,858.13,286.04
C006185,4,9.0,857.79,214.45
C011069,3,6.0,857.43,285.81
C008611,3,8.0,857.06,285.69
C018412,3,7.0,856.7,285.57
C013766,3,6.0,855.7,285.23
C010030,4,7.0,855.42,213.86
C010188,4,7.0,855.22,213.81
C007400,2,5.0,855.14,427.57
C002541,3,10.0,855.13,285.04
C012841,4,10.0,855.13,213.78
C006993,3,8.0,854.76,284.92
C014223,2,10.0,854.51,427.26
C014045,3,7.0,854.34,284.78
C017535,4,6.0,854.29,213.57
C012320,2,5.0,853.92,426.96
C010757,4,4.0,853.76,213.44
C017174,1,6.0,852.85,852.85
C004335,1,3.0,852.12,852.12
C012225,3,6.0,851.95,283.98
C003402,3,7.0,851.89,283.96
C006620,3,8.0,851.63,283.88
C014544,3,5.0,851.45,283.82
C004427,2,3.0,851.3,425.65
C015459,2,4.0,851.2,425.6
C003628,1,3.0,850.71,850.71
C008395,1,5.0,850.5,850.5
C008253,3,9.0,850.3,283.43
C008061,3,4.0,849.81,283.27
C014757,2,5.0,849.6,424.8
C009865,3,6.0,848.13,282.71
C007103,3,8.0,847.85,282.62
C018326,4,10.0,847.08,211.77
C010408,2,6.0,846.51,423.26
C014107,3,6.0,846.4,282.13
C006992,5,11.0,845.48,169.1
C012157,3,8.0,845.01,281.67
C009311,2,4.0,844.64,422.32
C001923,4,9.0,844.64,211.16
C006228,3,6.0,844.23,281.41
C009889,1,5.0,844.13,844.13
C018873,2,6.0,843.78,421.89
C005847,3,4.0,843.07,281.02
C004212,3,8.0,842.89,280.96
C010820,5,13.0,842.81,168.56
C008258,3,9.0,842.57,280.86
C014855,2,3.0,841.9,420.95
C012422,2,6.0,840.64,420.32
C012321,3,5.0,840.42,280.14
C009525,3,6.0,839.89,279.96
C017921,3,8.0,839.29,279.76
C017443,3,4.0,838.46,279.49
C014692,2,5.0,838.24,419.12
C019807,3,4.0,836.3,278.77
C011664,1,4.0,835.79,835.79
C019424,6,11.0,835.76,139.29
C018630,4,10.0,835.44,208.86
C009425,2,6.0,835.42,417.71
C002948,2,4.0,835.33,417.67
C010649,2,4.0,834.94,417.47
C003877,3,4.0,834.86,278.29
C009036,2,3.0,834.44,417.22
C015427,2,7.0,834.29,417.15
C019501,2,4.0,833.72,416.86
C009460,2,8.0,833.17,416.59
C013623,1,3.0,832.94,832.94
C005717,3,5.0,832.48,277.49
C005389,3,9.0,832.35,277.45
C016546,4,13.0,831.86,207.97
C019992,4,7.0,831.76,207.94
C018808,3,8.0,831.72,277.24
C015763,3,5.0,830.61,276.87
C008200,2,6.0,830.31,415.16
C005668,4,8.0,830.29,207.57
C019928,3,6.0,830.1,276.7
C019214,8,17.0,829.64,103.71
C007073,2,5.0,829.61,414.81
C007619,4,16.0,828.79,207.2
C014010,2,4.0,828.37,414.19
C018014,3,4.0,828.34,276.11
C015350,2,4.0,827.79,413.9
C012378,4,7.0,827.73,206.93
C007449,2,4.0,827.65,413.83
C012668,2,15.0,827.47,413.74
C019082,2,4.0,826.78,413.39
C006205,2,6.0,826.57,413.29
C012064,1,2.0,826.34,826.34
C002311,2,6.0,826.22,413.11
C016298,3,9.0,825.81,275.27
C007740,3,6.0,825.52,275.17
C014828,2,4.0,825.26,412.63
C014403,1,4.0,825.22,825.22
C004157,3,8.0,824.96,274.99
C000118,2,6.0,824.85,412.43
C014270,3,5.0,824.7,274.9
C006985,3,7.0,823.54,274.51
C018796,4,6.0,823.18,205.8
C002251,1,3.0,822.92,822.92
C009745,3,7.0,822.77,274.26
C019109,2,6.0,822.37,411.19
C017409,5,17.0,822.35,164.47
C014230,4,9.0,821.79,205.45
C019248,3,6.0,821.71,273.9
C015697,3,7.0,821.55,273.85
C008400,3,12.0,820.47,273.49
C012029,3,7.0,820.44,273.48
C010411,2,6.0,820.15,410.08
C000193,3,8.0,819.91,273.3
C017367,2,2.0,819.75,409.88
C012589,2,8.0,819.49,409.75
C001838,6,12.0,819.33,136.56
C002749,3,18.0,818.77,272.92
C007750,3,8.0,818.26,272.75
C017481,2,6.0,817.69,408.85
C002358,3,6.0,817.48,272.49
C018438,2,4.0,816.7,408.35
C003672,4,10.0,816.05,204.01
C010153,3,7.0,816.03,272.01
C004883,4,11.0,815.67,203.92
C007295,4,12.0,815.33,203.83
C013848,3,5.0,815.18,271.73
C011877,2,8.0,815.12,407.56
C011883,3,11.0,814.95,271.65
C006114,3,8.0,814.84,271.61
C005413,3,8.0,814.0,271.33
C012182,3,7.0,813.93,271.31
C007752,4,11.0,813.86,203.47
C014113,1,3.0,812.98,812.98
C017356,3,4.0,812.82,270.94
C017305,2,4.0,812.47,406.24
C012605,2,8.0,812.12,406.06
C018091,5,10.0,812.05,162.41
C017017,3,5.0,811.96,270.65
C014095,3,3.0,811.36,270.45
C011540,2,4.0,811.12,405.56
C007280,3,8.0,809.98,269.99
C011047,2,3.0,809.51,404.76
C007996,3,10.0,809.38,269.79
C013719,3,10.0,807.32,269.11
C016469,3,7.0,806.75,268.92
C013573,3,7.0,806.7,268.9
C002457,3,7.0,806.53,268.84
C018586,5,10.0,805.83,161.17
C016569,1,3.0,805.15,805.15
C015402,2,7.0,805.1,402.55
C007036,1,2.0,804.71,804.71
C014704,2,2.0,804.3,402.15
C013632,3,6.0,803.85,267.95
C000590,5,11.0,803.55,160.71
C017526,3,10.0,803.33,267.78
C011215,4,12.0,802.61,200.65
C001801,2,4.0,802.5,401.25
C014863,3,4.0,802.45,267.48
C017401,3,10.0,802.31,267.44
C019555,2,6.0,800.4,400.2
C000081,3,7.0,800.11,266.7
C011126,1,3.0,799.92,799.92
C011285,2,4.0,799.5,399.75
C016164,4,9.0,798.82,199.71
C011301,2,7.0,798.18,399.09
C018062,3,6.0,797.44,265.81
C019439,3,5.0,797.43,265.81
C008340,1,7.0,797.15,797.15
C003987,2,7.0,796.99,398.5
C015628,3,7.0,796.41,265.47
C006095,1,2.0,796.29,796.29
C016581,2,15.0,795.13,397.57
C015218,2,3.0,795.13,397.57
C005570,4,7.0,794.65,198.66
C007436,2,6.0,794.11,397.06
C001098,2,6.0,793.75,396.88
C013776,4,5.0,792.79,198.2
C002511,3,4.0,792.57,264.19
C008483,2,6.0,792.46,396.23
C019098,3,7.0,792.34,264.11
C009761,2,3.0,791.4,395.7
C013504,2,7.0,791.23,395.62
C015863,3,12.0,791.06,263.69
C011852,3,7.0,790.55,263.52
C012788,2,8.0,789.08,394.54
C015386,2,8.0,789.04,394.52
C018469,2,5.0,788.84,394.42
C011838,2,8.0,788.06,394.03
C009203,2,7.0,787.68,393.84
C000762,2,6.0,787.67,393.84
C009504,1,4.0,787.34,787.34
C018243,3,8.0,786.63,262.21
C003406,3,4.0,785.65,261.88
C000508,5,16.0,785.51,157.1
C014457,2,4.0,784.89,392.45
C002645,3,5.0,784.61,261.54
C005004,2,5.0,784.42,392.21
C016550,3,5.0,783.94,261.31
C015529,3,5.0,782.75,260.92
C012259,2,5.0,782.14,391.07
C006137,2,6.0,782.07,391.04
C013003,2,4.0,780.9,390.45
C008148,3,9.0,780.42,260.14
C009195,1,4.0,780.29,780.29
C015754,4,8.0,780.07,195.02
C006365,2,3.0,779.84,389.92
C018038,3,6.0,779.73,259.91
C015802,2,5.0,779.48,389.74
C007112,4,9.0,779.45,194.86
C004822,2,15.0,778.8,389.4
C014922,3,4.0,778.55,259.52
C001489,4,7.0,778.4,194.6
C007861,2,6.0,777.92,388.96
C019016,4,5.0,777.19,194.3
C011199,1,5.0,776.54,776.54
C015114,5,9.0,776.45,155.29
C011291,2,6.0,776.27,388.14
C012341,2,5.0,775.98,387.99
C015926,1,2.0,775.79,775.79
C003042,2,4.0,775.18,387.59
C013841,2,4.0,775.15,387.58
C003271,3,6.0,775.1,258.37
C010593,1,3.0,775.09,775.09
C002558,2,8.0,774.93,387.47
C008975,1,5.0,774.28,774.28
C014152,3,4.0,774.23,258.08
C011748,3,6.0,773.03,257.68
C003485,2,7.0,772.64,386.32
C013655,2,5.0,772.38,386.19
C004802,2,6.0,771.76,385.88
C012842,2,11.0,771.66,385.83
C008961,1,5.0,771.34,771.34
C001644,2,3.0,771.1,385.55
C005322,1,2.0,770.68,770.68
C015296,1,4.0,770.48,770.48
C006882,2,4.0,770.45,385.23
C019191,1,2.0,770.37,770.37
C012159,1,5.0,769.99,769.99
C013612,3,11.0,769.62,256.54
C001604,3,7.0,769.46,256.49
C019229,3,6.0,769.17,256.39
C014876,1,6.0,768.9,768.9
C001383,3,5.0,768.45,256.15
C016095,2,5.0,767.79,383.9
C016954,2,5.0,767.34,383.67
C017386,4,13.0,767.32,191.83
C013761,3,10.0,767.32,255.77
C008582,2,3.0,767.05,383.53
C009452,3,7.0,766.91,255.64
C001849,3,9.0,766.9,255.63
C013150,4,9.0,766.49,191.62
C008040,2,4.0,766.45,383.23
C018962,2,7.0,766.06,383.03
C016130,4,13.0,765.72,191.43
C019521,3,10.0,765.48,255.16
C012859,3,9.0,765.23,255.08
C008072,3,3.0,765.19,255.06
C016643,2,6.0,763.94,381.97
C001846,2,5.0,763.01,381.51
C019219,3,5.0,762.38,254.13
C000591,2,4.0,761.27,380.64
C016232,1,3.0,760.76,760.76
C003556,2,7.0,760.47,380.24
C012716,3,9.0,760.33,253.44
C014490,3,7.0,760.16,253.39
C001737,4,4.0,759.67,189.92
C017803,4,17.0,759.17,189.79
C013429,2,4.0,758.96,379.48
C015498,2,4.0,758.75,379.38
C008896,4,16.0,758.48,189.62
C003326,2,5.0,758.3,379.15
C019462,2,7.0,757.83,378.92
C019094,1,3.0,757.62,757.62
C005908,1,3.0,757.43,757.43
C011747,2,6.0,757.41,378.71
C015762,2,6.0,757.35,378.68
C019679,2,4.0,757.26,378.63
C004819,2,4.0,757.13,378.57
C012246,3,13.0,756.91,252.3
C018382,2,5.0,756.69,378.35
C001014,2,6.0,756.64,378.32
C002183,2,3.0,756.43,378.22
C012631,3,6.0,756.02,252.01
C007758,4,9.0,755.78,188.95
C006195,2,5.0,755.64,377.82
C003999,2,8.0,755.39,377.7
C002611,1,4.0,755.18,755.18
C017147,2,6.0,755.03,377.52
C019899,1,8.0,754.29,754.29
C009801,2,4.0,754.14,377.07
C011569,2,4.0,753.94,376.97
C017120,6,15.0,753.83,125.64
C002690,3,6.0,753.82,251.27
C016117,2,7.0,753.8,376.9
C017292,1,5.0,753.8,753.8
C010616,2,5.0,753.79,376.9
C013589,2,4.0,753.43,376.72
C003985,3,7.0,753.37,251.12
C008496,3,10.0,752.73,250.91
C004887,3,8.0,752.62,250.87
C009015,2,4.0,752.45,376.23
C015246,2,5.0,752.03,376.02
C015381,1,3.0,752.01,752.01
C003956,1,4.0,751.49,751.49
C017008,2,7.0,751.45,375.73
C015292,4,8.0,751.38,187.85
C009835,4,13.0,751.01,187.75
C011226,3,6.0,750.84,250.28
C010821,2,4.0,750.23,375.12
C015929,3,5.0,750.23,250.08
C001107,4,7.0,749.95,187.49
C007287,1,2.0,749.75,749.75
C007365,1,4.0,749.63,749.63
C001266,2,5.0,748.93,374.47
C011992,3,6.0,748.77,249.59
C015229,3,7.0,748.71,249.57
C006004,3,6.0,748.5,249.5
C000915,3,8.0,747.55,249.18
C011673,3,5.0,747.43,249.14
C004626,2,6.0,747.27,373.64
C008228,2,4.0,746.51,373.26
C011928,3,9.0,746.24,248.75
C011462,2,9.0,745.84,372.92
C018527,3,4.0,745.53,248.51
C011390,1,5.0,745.36,745.36
C018268,1,2.0,745.1,745.1
C016838,4,11.0,744.65,186.16
C019310,1,4.0,744.55,744.55
C012643,3,12.0,743.31,247.77
C009807,2,4.0,743.18,371.59
C016408,2,5.0,743.16,371.58
C015101,2,6.0,743.03,371.52
C006858,1,3.0,742.82,742.82
C018145,2,3.0,742.42,371.21
C016597,4,6.0,742.38,185.6
C000152,2,3.0,742.3,371.15
C003374,3,10.0,742.02,247.34
C001845,3,6.0,741.71,247.24
C005255,2,3.0,741.46,370.73
C016559,2,3.0,741.06,370.53
C015732,2,6.0,740.89,370.45
C011555,3,6.0,739.68,246.56
C017212,2,3.0,738.94,369.47
C010023,2,3.0,738.18,369.09
C014883,4,11.0,737.73,184.43
C012848,2,6.0,737.17,368.59
C015454,4,6.0,736.57,184.14
C010899,2,5.0,736.24,368.12
C016803,3,7.0,735.75,245.25
C008314,5,11.0,735.31,147.06
C007180,2,3.0,735.08,367.54
C011965,2,3.0,731.42,365.71
C012549,2,3.0,730.89,365.45
C007908,4,8.0,729.27,182.32
C011254,2,4.0,728.8,364.4
C018540,3,9.0,728.54,242.85
C012224,2,4.0,728.38,364.19
C002471,2,8.0,727.77,363.89
C010347,2,6.0,727.45,363.73
C006776,5,10.0,726.67,145.33
C014794,1,4.0,726.59,726.59
C009664,4,8.0,726.41,181.6
C001138,4,12.0,726.04,181.51
C013829,2,3.0,725.94,362.97
C005922,3,8.0,725.69,241.9
C019922,3,6.0,725.3,241.77
C009186,1,3.0,725.11,725.11
C013571,2,5.0,724.59,362.3
C014679,3,5.0,724.2,241.4
C019967,2,7.0,724.07,362.04
C017687,3,6.0,723.49,241.16
C011290,4,9.0,723.17,180.79
C009893,2,5.0,723.17,361.59
C015291,2,6.0,723.09,361.55
C001395,2,5.0,722.96,361.48
C009187,1,5.0,722.01,722.01
C012210,3,10.0,721.34,240.45
C010951,2,8.0,721.05,360.53
C006627,2,2.0,721.0,360.5
C019380,2,4.0,721.0,360.5
C007741,4,7.0,720.96,180.24
C012636,2,3.0,720.83,360.42
C017019,4,7.0,720.42,180.11
C002356,2,4.0,719.79,359.9
C015006,3,12.0,719.57,239.86
C002049,3,6.0,719.44,239.81
C014642,1,4.0,719.05,719.05
C011576,2,4.0,718.81,359.41
C011435,1,3.0,718.39,718.39
C005469,4,5.0,718.38,179.6
C017219,3,6.0,717.79,239.26
C018084,2,4.0,716.76,358.38
C006851,2,3.0,716.72,358.36
C012216,3,11.0,716.21,238.74
C019973,4,7.0,715.84,178.96
C007842,3,5.0,715.32,238.44
C007202,2,5.0,714.8,357.4
C012567,2,3.0,714.73,357.37
C019542,3,7.0,714.54,238.18
C019097,2,7.0,714.44,357.22
C018261,3,9.0,714.4,238.13
C008393,2,5.0,714.04,357.02
C004681,1,3.0,713.53,713.53
C005825,3,10.0,713.33,237.78
C010539,3,5.0,713.31,237.77
C013732,1,6.0,713.18,713.18
C010810,1,3.0,713.16,713.16
C016907,2,3.0,713.08,356.54
C015403,4,7.0,712.99,178.25
C009131,2,4.0,712.7,356.35
C015590,1,5.0,711.9,711.9
C011284,4,8.0,711.27,177.82
C009100,1,3.0,711.22,711.22
C018036,4,11.0,710.95,177.74
C005497,2,5.0,710.05,355.03
C006836,4,5.0,709.97,177.49
C010456,1,3.0,709.62,709.62
C017298,3,6.0,709.27,236.42
C015876,3,9.0,708.99,236.33
C017041,2,5.0,708.59,354.3
C001564,2,3.0,708.4,354.2
C018858,4,9.0,707.77,176.94
C008828,2,5.0,707.57,353.79
C019349,2,7.0,707.45,353.73
C005156,4,8.0,707.18,176.8
C014808,2,4.0,706.65,353.33
C005524,2,4.0,706.45,353.23
C007568,4,6.0,706.32,176.58
C013553,3,7.0,705.96,235.32
C012196,1,3.0,705.81,705.81
C003571,3,7.0,703.88,234.63
C008775,2,3.0,703.75,351.88
C019415,4,7.0,703.73,175.93
C015540,2,3.0,703.58,351.79
C016591,2,5.0,703.32,351.66
C009372,2,5.0,703.24,351.62
C007433,2,7.0,702.48,351.24
C015119,2,4.0,701.92,350.96
C015911,1,5.0,700.66,700.66
C012693,2,3.0,700.09,350.05
C009973,1,2.0,699.82,699.82
C005038,2,5.0,699.31,349.66
C008475,3,6.0,698.75,232.92
C008034,2,9.0,698.71,349.36
C019561,3,9.0,697.23,232.41
C019164,2,5.0,696.87,348.44
C008207,2,9.0,696.59,348.3
C008701,4,16.0,696.44,174.11
C016377,4,7.0,695.93,173.98
C009907,2,8.0,695.67,347.84
C004902,1,5.0,695.64,695.64
C017826,2,4.0,695.42,347.71
C013096,3,3.0,694.28,231.43
C000671,2,5.0,693.91,346.96
C016442,3,5.0,693.85,231.28
C017407,2,5.0,693.32,346.66
C004973,2,3.0,693.05,346.53
C009845,3,5.0,692.82,230.94
C008800,1,4.0,691.6,691.6
C009421,3,4.0,691.31,230.44
C005096,2,6.0,691.0,345.5
C015545,4,7.0,690.92,172.73
C017585,4,6.0,690.06,172.52
C011282,3,5.0,689.89,229.96
C000391,3,4.0,688.11,229.37
C015399,1,2.0,687.9,687.9
C017199,2,8.0,687.43,343.72
C009314,1,4.0,687.38,687.38
C012069,2,5.0,687.3,343.65
C010888,1,3.0,687.17,687.17
C016915,2,8.0,686.98,343.49
C011470,3,5.0,686.72,228.91
C011854,3,5.0,686.47,228.82
C016772,2,3.0,685.15,342.58
C018247,4,8.0,685.13,171.28
C009343,1,4.0,683.85,683.85
C004110,3,5.0,683.25,227.75
C001065,3,12.0,682.77,227.59
C008530,3,5.0,682.59,227.53
C017487,2,4.0,682.52,341.26
C005206,4,5.0,681.89,170.47
C011237,2,3.0,681.73,340.87
C005949,1,3.0,681.45,681.45
C005788,2,12.0,681.07,340.54
C017724,2,4.0,680.87,340.44
C002931,1,4.0,680.78,680.78
C005755,4,4.0,680.11,170.03
C011782,2,5.0,679.92,339.96
C012125,1,6.0,679.91,679.91
C014499,2,4.0,679.81,339.91
C014831,3,4.0,679.32,226.44
C007450,2,6.0,678.96,339.48
C007267,1,2.0,678.48,678.48
C015319,4,5.0,678.36,169.59
C003211,2,6.0,677.65,338.83
C014703,1,4.0,677.35,677.35
C010987,3,10.0,676.79,225.6
C004429,2,4.0,676.76,338.38
C005494,1,3.0,676.71,676.71
C015735,1,3.0,676.18,676.18
C015710,1,2.0,674.7,674.7
C011647,3,4.0,674.43,224.81
C000919,3,6.0,674.39,224.8
C001558,4,6.0,674.19,168.55
C008711,2,4.0,673.94,336.97
C005226,3,6.0,673.69,224.56
C015253,1,3.0,673.21,673.21
C013659,4,13.0,673.18,168.3
C003260,2,4.0,672.86,336.43
C002301,2,3.0,672.83,336.42
C001058,2,7.0,671.33,335.67
C017508,3,6.0,671.09,223.7
C009156,2,4.0,670.71,335.36
C015699,2,4.0,670.71,335.36
C006745,1,5.0,669.44,669.44
C008399,1,3.0,668.92,668.92
C008165,5,10.0,668.26,133.65
C011554,2,4.0,668.08,334.04
C003605,2,3.0,668.06,334.03
C001600,2,5.0,667.86,333.93
C019456,3,5.0,667.55,222.52
C014101,2,4.0,667.52,333.76
C009752,1,3.0,666.14,666.14
C019412,1,4.0,665.54,665.54
C006448,2,7.0,665.26,332.63
C002673,2,3.0,664.26,332.13
C007173,3,11.0,663.96,221.32
C010619,4,9.0,663.52,165.88
C017117,2,3.0,663.33,331.67
C016921,3,6.0,662.9,220.97
C015047,3,11.0,662.6,220.87
C013061,2,4.0,662.41,331.21
C009318,4,9.0,662.15,165.54
C001307,3,9.0,662.08,220.69
C006595,1,2.0,661.98,661.98
C001495,3,7.0,661.89,220.63
C012863,2,7.0,661.74,330.87
C002747,5,14.0,661.58,132.32
C004173,1,6.0,660.92,660.92
C010346,4,8.0,659.98,165.0
C007265,4,5.0,659.74,164.94
C010827,2,4.0,659.28,329.64
C016339,3,7.0,659.1,219.7
C011244,3,10.0,658.55,219.52
C011511,3,4.0,658.35,219.45
C003870,1,4.0,658.15,658.15
C015030,2,4.0,657.87,328.94
C016242,2,5.0,657.59,328.8
C002693,2,3.0,657.15,328.58
C004414,2,4.0,656.97,328.49
C014004,2,4.0,656.69,328.35
C019780,2,4.0,656.5,328.25
C008272,2,6.0,656.12,328.06
C011464,2,5.0,656.0,328.0
C011412,2,2.0,655.99,328.0
C004394,1,5.0,655.64,655.64
C007820,1,2.0,655.48,655.48
C007197,1,2.0,655.04,655.04
C011500,3,5.0,654.85,218.28
C009911,2,6.0,654.65,327.33
C013075,4,8.0,654.51,163.63
C016821,2,3.0,654.46,327.23
C018085,4,7.0,654.34,163.59
C016746,2,4.0,653.63,326.82
C003771,3,7.0,653.59,217.86
C006077,3,4.0,653.5,217.83
C008757,3,11.0,653.43,217.81
C014231,2,8.0,653.24,326.62
C019200,2,4.0,652.44,326.22
C010305,3,7.0,652.43,217.48
C012440,3,5.0,652.07,217.36
C015414,4,4.0,652.04,163.01
C011092,1,2.0,651.76,651.76
C017702,3,6.0,651.71,217.24
C012834,4,8.0,651.7,162.93
C012516,2,6.0,651.25,325.63
C019326,2,4.0,650.98,325.49
C019716,3,7.0,650.87,216.96
C019151,2,5.0,650.35,325.18
C015944,3,4.0,649.9,216.63
C011593,2,3.0,649.38,324.69
C000555,4,7.0,648.88,162.22
C013609,4,11.0,648.7,162.18
C011741,3,8.0,648.57,216.19
C007110,4,14.0,648.36,162.09
C009670,4,11.0,648.27,162.07
C004630,3,8.0,648.02,216.01
C004381,2,6.0,647.64,323.82
C002526,2,4.0,647.48,323.74
C010014,2,5.0,647.47,323.74
C014809,4,8.0,647.31,161.83
C008368,3,6.0,647.29,215.76
C004023,2,5.0,647.01,323.51
C018757,2,6.0,646.88,323.44
C011484,1,4.0,645.95,645.95
C018866,3,9.0,645.48,215.16
C016855,3,4.0,645.02,215.01
C010541,2,4.0,644.93,322.46
C003207,3,8.0,644.93,214.98
C013572,1,4.0,644.54,644.54
C010007,1,4.0,644.25,644.25
C004364,2,5.0,643.87,321.94
C014940,2,4.0,643.06,321.53
C018293,2,7.0,642.44,321.22
C019498,4,15.0,642.44,160.61
C009462,2,8.0,641.83,320.92
C003935,2,10.0,641.51,320.76
C017902,2,3.0,640.35,320.18
C012044,2,5.0,640.1,320.05
C007232,2,5.0,638.94,319.47
C008353,3,6.0,638.93,212.98
C006234,2,5.0,638.36,319.18
C019936,3,9.0,638.32,212.77
C016140,2,4.0,637.39,318.7
C018136,5,12.0,637.36,127.47
C016576,1,2.0,637.01,637.01
C015677,2,4.0,635.73,317.87
C016880,3,3.0,635.2,211.73
C006808,2,3.0,634.92,317.46
C018015,2,5.0,634.77,317.39
C006837,3,5.0,634.62,211.54
C011162,1,5.0,634.33,634.33
C019656,2,8.0,633.31,316.65
C012089,2,3.0,632.23,316.12
C019450,3,7.0,631.74,210.58
C014336,3,6.0,631.31,210.44
C019906,2,6.0,631.18,315.59
C003216,2,4.0,631.05,315.52
C014066,1,4.0,630.18,630.18
C016279,2,4.0,629.93,314.96
C007196,2,4.0,629.79,314.9
C001734,4,10.0,629.2,157.3
C014879,2,3.0,628.17,314.08
C019410,1,3.0,627.74,627.74
C003000,3,10.0,627.63,209.21
C008105,2,4.0,627.52,313.76
C013235,4,6.0,627.28,156.82
C014545,3,4.0,627.23,209.08
C013378,2,3.0,627.09,313.55
C017892,2,4.0,627.07,313.54
C016349,2,3.0,626.53,313.27
C003310,2,5.0,626.3,313.15
C009839,2,3.0,625.88,312.94
C013203,2,4.0,623.76,311.88
C009435,2,4.0,623.14,311.57
C017233,2,5.0,623.06,311.53
C008386,2,4.0,622.95,311.48
C013986,3,10.0,622.84,207.61
C002862,3,8.0,621.73,207.24
C013532,1,3.0,621.46,621.46
C007754,5,8.0,619.77,123.95
C018792,1,3.0,619.7,619.7
C016945,2,4.0,619.63,309.82
C018220,1,4.0,617.66,617.66
C008182,1,2.0,617.64,617.64
C000559,6,10.0,616.98,102.83
C000297,2,2.0,616.66,308.33
C014688,1,4.0,616.63,616.63
C014375,2,3.0,616.52,308.26
C016852,3,5.0,616.26,205.42
C010018,1,3.0,614.97,614.97
C006338,3,7.0,614.84,204.95
C011639,1,3.0,614.64,614.64
C013460,2,3.0,613.85,306.93
C013005,2,2.0,612.96,306.48
C015654,2,7.0,612.78,306.39
C018369,2,4.0,612.29,306.15
C016217,2,3.0,612.21,306.11
C014925,2,4.0,611.9,305.95
C005355,2,5.0,611.74,305.87
C015001,2,3.0,611.16,305.58
C002953,3,6.0,610.98,203.66
C012135,2,3.0,610.86,305.43
C012172,2,4.0,610.66,305.33
C008978,3,5.0,609.34,203.11
C004994,4,5.0,609.29,152.32
C006780,4,7.0,608.57,152.14
C008703,2,3.0,608.27,304.14
C004106,2,4.0,608.27,304.14
C002613,2,5.0,607.66,303.83
C003936,3,6.0,607.44,202.48
C003010,2,4.0,606.59,303.3
C007653,3,6.0,606.45,202.15
C002389,2,5.0,606.05,303.02
C004858,1,3.0,605.89,605.89
C007169,2,4.0,605.84,302.92
C018309,2,4.0,605.63,302.82
C010164,3,5.0,605.53,201.84
C015426,3,5.0,605.37,201.79
C014540,2,3.0,604.58,302.29
C004998,3,5.0,603.86,201.29
C012423,1,4.0,603.66,603.66
C006839,2,5.0,603.58,301.79
C017445,3,7.0,602.97,200.99
C008953,3,9.0,602.53,200.84
C011074,1,3.0,602.37,602.37
C011630,3,9.0,602.3,200.77
C006734,2,3.0,600.99,300.5
C003760,2,3.0,600.98,300.49
C011044,3,7.0,600.81,200.27
C015103,3,8.0,600.75,200.25
C015491,2,7.0,600.49,300.25
C013421,3,6.0,600.49,200.16
C018211,2,4.0,599.68,299.84
C004590,1,9.0,599.49,599.49
C016510,3,6.0,599.41,199.8
C016350,2,3.0,599.19,299.6
C017189,3,7.0,598.17,199.39
C003802,3,7.0,598.11,199.37
C016097,3,6.0,597.97,199.32
C012875,1,2.0,597.93,597.93
C012176,1,5.0,597.92,597.92
C018283,1,3.0,597.42,597.42
C005532,2,4.0,597.34,298.67
C013249,2,5.0,597.15,298.58
C006218,5,6.0,597.02,119.4
C009661,1,3.0,596.28,596.28
C013666,1,3.0,596.28,596.28
C013240,2,6.0,595.83,297.92
C019877,2,7.0,594.72,297.36
C010265,1,5.0,594.71,594.71
C014624,2,3.0,594.49,297.25
C008167,3,6.0,594.43,198.14
C003142,4,9.0,594.39,148.6
C008825,1,4.0,593.69,593.69
C007385,2,5.0,593.54,296.77
C017889,1,4.0,593.17,593.17
C019642,1,3.0,592.05,592.05
C008988,3,10.0,592.03,197.34
C012291,1,6.0,591.86,591.86
C009690,2,3.0,591.7,295.85
C002081,1,7.0,591.7,591.7
C014761,4,5.0,591.43,147.86
C011897,2,3.0,591.26,295.63
C010157,2,5.0,590.56,295.28
C016897,1,4.0,590.45,590.45
C018234,3,5.0,589.88,196.63
C005702,1,3.0,589.78,589.78
C011340,2,3.0,588.93,294.46
C015434,2,4.0,588.91,294.46
C006413,1,2.0,588.43,588.43
C012459,3,5.0,588.03,196.01
C014868,1,4.0,587.84,587.84
C004988,2,2.0,587.39,293.7
C016238,3,4.0,587.36,195.79
C002269,1,2.0,587.12,587.12
C012974,3,4.0,587.08,195.69
C001867,4,14.0,586.98,146.75
C014639,3,5.0,586.94,195.65
C003415,3,8.0,586.26,195.42
C018350,2,3.0,585.33,292.67
C019129,2,10.0,583.37,291.69
C015796,1,2.0,582.66,582.66
C009796,2,3.0,582.63,291.32
C018590,2,5.0,581.92,290.96
C019037,2,4.0,581.58,290.79
C009866,3,4.0,581.22,193.74
C004791,4,9.0,580.76,145.19
C006766,2,3.0,580.72,290.36
C015366,2,3.0,580.01,290.01
C018570,1,2.0,580.0,580.0
C019292,4,8.0,579.93,144.98
C017093,3,10.0,579.7,193.23
C004539,2,4.0,579.56,289.78
C016636,3,6.0,579.46,193.15
C013328,4,5.0,578.9,144.73
C018874,4,4.0,577.94,144.49
C007914,1,2.0,577.79,577.79
C016042,2,3.0,577.17,288.58
C007660,1,4.0,577.09,577.09
C016240,4,7.0,576.38,144.1
C013860,3,4.0,576.29,192.1
C015486,4,7.0,576.15,144.04
C008493,2,4.0,575.73,287.87
C009255,1,4.0,575.46,575.46
C005337,4,10.0,575.43,143.86
C004121,2,5.0,573.51,286.76
C000545,3,5.0,573.41,191.14
C018314,2,5.0,572.77,286.39
C011797,2,2.0,572.69,286.35
C015795,2,8.0,571.94,285.97
C014168,2,5.0,571.39,285.7
C004855,2,2.0,571.24,285.62
C001249,3,5.0,570.94,190.31
C002305,3,5.0,570.93,190.31
C012047,3,8.0,570.33,190.11
C006325,2,4.0,569.45,284.73
C003630,2,6.0,569.05,284.52
C019837,3,4.0,569.02,189.67
C009917,2,3.0,567.86,283.93
C009938,5,16.0,567.84,113.57
C019564,1,3.0,567.45,567.45
C010851,2,3.0,566.36,283.18
C014008,2,7.0,566.0,283.0
C000425,3,10.0,565.54,188.51
C016809,3,8.0,564.83,188.28
C011541,3,9.0,564.54,188.18
C011362,2,3.0,563.68,281.84
C016087,3,11.0,563.68,187.89
C016798,2,3.0,563.38,281.69
C006177,2,4.0,562.71,281.36
C008599,2,4.0,562.52,281.26
C013200,3,6.0,561.94,187.31
C012116,2,3.0,561.77,280.89
C010979,3,5.0,561.64,187.21
C007299,2,5.0,561.39,280.7
C010513,2,6.0,560.97,280.49
C012404,3,5.0,560.0,186.67
C015588,4,8.0,559.88,139.97
C018765,4,5.0,559.51,139.88
C010761,2,5.0,559.49,279.75
C006946,2,3.0,559.39,279.7
C001407,1,2.0,559.31,559.31
C011689,4,6.0,558.56,139.64
C007362,3,9.0,558.19,186.06
C017185,2,6.0,557.21,278.61
C019486,2,4.0,557.01,278.51
C014154,2,3.0,556.6,278.3
C014412,1,3.0,556.58,556.58
C017543,4,16.0,555.59,138.9
C015684,2,4.0,555.1,277.55
C017143,2,8.0,554.18,277.09
C019484,3,4.0,554.1,184.7
C006676,2,5.0,554.07,277.04
C010924,2,2.0,554.06,277.03
C011225,2,8.0,553.85,276.93
C018355,3,4.0,553.4,184.47
C003245,4,5.0,553.37,138.34
C005164,2,11.0,553.1,276.55
C018923,2,4.0,552.47,276.24
C014275,3,4.0,552.47,184.16
C017764,1,3.0,551.76,551.76
C013524,3,14.0,550.19,183.4
C002850,2,3.0,549.81,274.9
C005261,1,2.0,549.07,549.07
C011314,2,4.0,548.98,274.49
C019091,2,4.0,548.31,274.15
C018107,3,3.0,547.88,182.63
C000677,2,4.0,547.8,273.9
C019185,2,5.0,547.74,273.87
C013886,2,7.0,547.57,273.79
C003789,3,5.0,547.44,182.48
C015690,1,4.0,547.27,547.27
C016787,3,3.0,546.92,182.31
C005784,1,3.0,546.78,546.78
C008752,3,5.0,546.31,182.1
C003367,3,5.0,546.1,182.03
C016030,3,3.0,545.03,181.68
C008290,2,4.0,543.28,271.64
C006412,3,9.0,543.04,181.01
C014366,5,9.0,542.94,108.59
C019260,1,3.0,542.93,542.93
C017876,1,2.0,541.64,541.64
C014556,2,3.0,541.53,270.77
C012814,3,4.0,540.08,180.03
C009241,3,6.0,539.95,179.98
C007733,3,7.0,539.72,179.91
C010984,3,6.0,539.43,179.81
C012330,3,5.0,539.18,179.73
C005834,2,7.0,538.19,269.1
C005444,5,13.0,538.16,107.63
C012003,1,4.0,537.86,537.86
C005680,2,3.0,536.85,268.43
C017884,1,5.0,536.71,536.71
C019929,2,5.0,533.91,266.96
C011824,3,6.0,532.32,177.44
C019511,2,9.0,531.1,265.55
C019578,1,2.0,530.95,530.95
C015942,2,3.0,530.51,265.26
C011023,2,7.0,530.4,265.2
C019063,1,5.0,529.89,529.89
C004175,2,2.0,529.78,264.89
C005005,3,8.0,529.75,176.58
C002550,1,3.0,529.38,529.38
C004674,3,12.0,528.67,176.22
C019142,2,5.0,528.33,264.17
C008882,1,2.0,528.13,528.13
C015513,2,3.0,527.86,263.93
C007138,3,6.0,526.99,175.66
C019379,2,5.0,526.98,263.49
C017454,3,4.0,526.86,175.62
C018316,2,3.0,525.46,262.73
C012991,2,5.0,524.58,262.29
C010962,2,3.0,524.57,262.29
C016138,2,3.0,524.0,262.0
C001023,2,5.0,523.99,262.0
C008649,3,3.0,523.71,174.57
C012234,1,5.0,523.11,523.11
C013673,1,2.0,522.72,522.72
C011737,2,2.0,522.34,261.17
C013311,1,3.0,522.17,522.17
C005723,2,8.0,522.09,261.05
C013545,1,3.0,521.67,521.67
C000444,2,3.0,521.37,260.69
C006340,2,4.0,521.27,260.64
C013972,3,6.0,520.75,173.58
C015659,1,3.0,520.2,520.2
C016682,2,2.0,519.58,259.79
C010263,2,5.0,519.38,259.69
C006664,2,2.0,519.32,259.66
C019948,1,2.0,518.23,518.23
C014600,2,5.0,518.18,259.09
C016870,2,10.0,517.87,258.94
C006586,4,6.0,517.82,129.46
C004573,2,3.0,517.6,258.8
C011850,1,4.0,517.45,517.45
C018276,2,2.0,517.14,258.57
C018125,1,3.0,516.93,516.93
C015591,2,9.0,516.8,258.4
C011859,2,2.0,516.19,258.1
C012412,1,3.0,516.06,516.06
C007373,2,2.0,515.48,257.74
C017123,3,5.0,514.59,171.53
C019621,1,6.0,512.86,512.86
C012077,1,4.0,512.68,512.68
C016307,2,5.0,512.63,256.32
C009710,2,3.0,511.44,255.72
C009749,1,3.0,511.37,511.37
C012891,1,3.0,511.07,511.07
C002234,3,8.0,511.05,170.35
C013262,1,2.0,510.87,510.87
C016882,3,6.0,510.73,170.24
C001398,4,5.0,509.88,127.47
C009927,3,10.0,509.67,169.89
C011932,2,5.0,509.42,254.71
C001823,2,4.0,509.26,254.63
C007064,1,3.0,508.59,508.59
C008079,3,8.0,507.27,169.09
C010250,1,3.0,506.88,506.88
C013611,2,3.0,506.49,253.25
C005268,2,2.0,505.51,252.76
C010128,3,5.0,504.88,168.29
C007404,2,5.0,502.96,251.48
C011093,2,5.0,502.96,251.48
C008803,1,5.0,502.16,502.16
C011407,2,5.0,501.84,250.92
C003732,1,4.0,500.79,500.79
C007354,2,3.0,500.31,250.16
C009063,2,4.0,500.13,250.07
C016199,2,6.0,500.02,250.01
C016986,1,2.0,499.58,499.58
C019199,1,2.0,499.4,499.4
C016490,3,4.0,499.31,166.44
C015470,1,6.0,498.32,498.32
C014805,2,3.0,497.5,248.75
C017277,1,3.0,497.09,497.09
C007010,3,8.0,496.73,165.58
C014986,5,10.0,496.65,99.33
C007097,2,6.0,496.21,248.11
C007063,2,3.0,496.15,248.08
C014429,3,5.0,495.35,165.12
C018094,3,5.0,494.83,164.94
C018587,4,7.0,493.07,123.27
C013854,2,3.0,492.57,246.29
C007774,2,4.0,492.28,246.14
C014882,2,2.0,491.92,245.96
C011787,2,2.0,491.9,245.95
C012667,3,4.0,491.34,163.78
C007439,1,2.0,490.75,490.75
C019545,2,2.0,489.94,244.97
C000581,2,2.0,489.81,244.91
C019931,2,5.0,489.33,244.67
C012252,2,5.0,488.88,244.44
C011359,3,5.0,488.5,162.83
C005445,3,4.0,488.34,162.78
C014241,1,6.0,487.92,487.92
C017182,1,2.0,487.76,487.76
C010503,2,2.0,487.47,243.74
C015068,1,3.0,486.82,486.82
C013816,2,5.0,486.63,243.32
C018649,1,3.0,485.52,485.52
C008646,2,4.0,485.03,242.52
C005407,2,3.0,484.83,242.42
C006912,1,6.0,483.24,483.24
C005371,1,3.0,482.81,482.81
C014122,1,1.0,482.4,482.4
C005147,1,2.0,482.18,482.18
C014133,3,8.0,481.49,160.5
C013763,1,3.0,481.28,481.28
C011158,1,3.0,481.13,481.13
C013253,2,2.0,480.07,240.04
C016096,1,4.0,479.98,479.98
C011418,2,5.0,478.69,239.35
C001270,2,7.0,478.42,239.21
C013740,2,3.0,478.07,239.04
C010526,2,3.0,477.61,238.81
C009045,1,3.0,476.96,476.96
C014530,4,12.0,476.6,119.15
C006200,1,2.0,476.14,476.14
C019943,3,4.0,475.43,158.48
C014513,2,3.0,474.93,237.47
C016991,4,4.0,474.59,118.65
C013176,3,5.0,474.32,158.11
C017823,1,2.0,472.55,472.55
C007585,1,2.0,471.67,471.67
C005129,2,4.0,470.5,235.25
C002073,3,4.0,469.95,156.65
C005121,2,3.0,469.56,234.78
C004686,1,4.0,469.41,469.41
C010696,3,5.0,468.42,156.14
C005544,1,1.0,467.37,467.37
C017694,1,1.0,466.99,466.99
C002428,2,6.0,466.45,233.23
C010609,3,7.0,465.84,155.28
C016116,2,4.0,465.07,232.54
C003532,1,3.0,464.56,464.56
C001133,1,3.0,463.64,463.64
C000725,1,2.0,463.19,463.19
C007513,1,3.0,462.82,462.82
C007422,2,2.0,462.58,231.29
C013023,2,2.0,462.34,231.17
C000640,2,4.0,462.15,231.08
C012786,3,3.0,461.8,153.93
C006636,2,5.0,461.77,230.89
C016477,1,5.0,461.66,461.66
C017255,1,6.0,461.42,461.42
C010147,2,4.0,461.08,230.54
C003624,2,4.0,460.86,230.43
C013637,2,3.0,460.5,230.25
C015058,1,3.0,460.26,460.26
C019065,3,7.0,459.24,153.08
C012710,1,5.0,459.09,459.09
C002899,2,3.0,458.85,229.43
C009766,4,6.0,458.05,114.51
C005260,3,6.0,458.05,152.68
C002915,2,4.0,457.64,228.82
C007098,1,4.0,455.85,455.85
C018724,4,5.0,455.48,113.87
C011401,2,4.0,454.74,227.37
C011322,2,4.0,454.46,227.23
C016873,1,4.0,454.2,454.2
C003716,2,5.0,453.84,226.92
C011858,1,4.0,453.59,453.59
C000201,4,8.0,453.55,113.39
C017707,2,2.0,453.29,226.65
C018020,2,6.0,451.97,225.99
C015320,2,3.0,451.81,225.91
C019847,2,3.0,450.83,225.42
C013641,1,4.0,450.53,450.53
C000946,2,3.0,449.15,224.58
C006846,2,4.0,449.04,224.52
C006536,2,3.0,448.3,224.15
C014220,2,3.0,447.88,223.94
C008558,3,7.0,446.71,148.9
C013917,1,2.0,446.5,446.5
C005924,3,5.0,446.5,148.83
C011600,2,3.0,446.08,223.04
C014968,1,3.0,446.02,446.02
C014304,3,5.0,445.73,148.58
C012680,2,2.0,445.14,222.57
C012889,1,1.0,445.09,445.09
C005283,2,6.0,445.02,222.51
C006217,1,3.0,444.93,444.93
C010605,1,4.0,444.55,444.55
C013747,2,3.0,443.93,221.97
C011178,1,4.0,443.88,443.88
C012687,2,3.0,443.6,221.8
C018419,2,6.0,443.04,221.52
C009214,1,4.0,442.74,442.74
C007350,1,2.0,441.68,441.68
C010122,1,3.0,441.31,441.31
C018510,1,2.0,440.62,440.62
C009491,3,3.0,439.47,146.49
C015100,1,2.0,438.97,438.97
C011132,1,2.0,438.5,438.5
C005309,3,5.0,438.07,146.02
C016702,2,2.0,437.34,218.67
C012775,1,1.0,436.46,436.46
C017323,2,3.0,436.31,218.16
C010967,2,4.0,435.8,217.9
C012297,2,2.0,435.29,217.65
C005903,2,3.0,434.98,217.49
C018549,2,2.0,434.66,217.33
C008507,2,13.0,434.12,217.06
C015809,3,5.0,433.84,144.61
C019995,1,4.0,433.51,433.51
C011127,3,4.0,433.0,144.33
C012458,2,4.0,431.96,215.98
C010889,1,2.0,430.69,430.69
C018772,2,2.0,429.45,214.73
C013959,1,3.0,429.01,429.01
C007661,2,3.0,428.71,214.36
C009252,1,1.0,428.23,428.23
C019102,3,8.0,427.67,142.56
C017301,2,3.0,427.67,213.84
C006740,2,3.0,427.64,213.82
C003247,2,4.0,426.14,213.07
C009620,1,5.0,424.41,424.41
C014130,3,4.0,424.21,141.4
C006602,1,3.0,424.14,424.14
C008430,2,2.0,424.08,212.04
C015703,1,2.0,423.63,423.63
C008168,1,1.0,423.27,423.27
C015167,2,10.0,423.06,211.53
C002060,3,7.0,420.89,140.3
C010237,1,3.0,420.33,420.33
C011255,2,5.0,418.93,209.47
C005423,2,4.0,418.81,209.41
C007970,1,2.0,417.58,417.58
C006491,3,5.0,417.46,139.15
C005489,1,6.0,417.23,417.23
C009821,3,4.0,416.78,138.93
C006759,2,5.0,415.72,207.86
C014290,1,4.0,415.69,415.69
C014215,2,6.0,415.57,207.79
C009146,1,3.0,415.31,415.31
C016750,2,2.0,415.27,207.64
C005332,3,12.0,414.84,138.28
C017112,1,2.0,414.72,414.72
C004925,1,6.0,413.72,413.72
C005543,2,4.0,413.25,206.63
C014623,1,2.0,412.59,412.59
C016113,1,3.0,412.57,412.57
C013534,1,2.0,412.56,412.56
C011920,2,5.0,412.35,206.18
C015163,2,7.0,412.34,206.17
C017789,2,4.0,412.13,206.07
C001850,2,10.0,412.1,206.05
C015368,2,7.0,412.02,206.01
C008440,3,10.0,411.83,137.28
C009638,1,7.0,411.4,411.4
C008904,1,3.0,411.0,411.0
C001422,2,3.0,410.74,205.37
C018637,1,2.0,410.37,410.37
C011642,1,2.0,410.25,410.25
C004593,1,2.0,409.62,409.62
C012651,1,2.0,409.59,409.59
C009564,5,13.0,409.32,81.86
C014619,2,5.0,407.76,203.88
C016078,2,5.0,407.19,203.6
C008821,2,6.0,406.64,203.32
C009216,2,6.0,406.04,203.02
C006064,2,3.0,405.89,202.95
C014748,2,2.0,404.68,202.34
C002287,2,7.0,404.55,202.28
C019468,3,6.0,404.53,134.84
C009194,2,4.0,403.51,201.76
C005381,2,4.0,403.37,201.69
C014746,1,2.0,402.83,402.83
C002954,3,3.0,402.44,134.15
C007141,3,5.0,402.28,134.09
C011835,1,1.0,401.95,401.95
C010795,1,3.0,401.92,401.92
C017203,1,2.0,401.75,401.75
C007763,1,1.0,401.7,401.7
C003881,2,3.0,401.7,200.85
C011294,1,1.0,401.09,401.09
C003441,2,4.0,400.66,200.33
C016970,3,5.0,400.24,133.41
C018445,2,4.0,400.22,200.11
C017097,2,3.0,400.09,200.05
C002091,1,3.0,400.06,400.06
C009162,1,3.0,400.03,400.03
C016925,3,9.0,399.55,133.18
C010733,2,5.0,398.02,199.01
C012264,1,3.0,396.86,396.86
C017344,1,1.0,396.82,396.82
C019744,2,7.0,396.09,198.05
C003009,1,5.0,395.98,395.98
C010502,2,10.0,395.88,197.94
C000260,2,2.0,395.57,197.79
C015089,1,4.0,394.51,394.51
C006804,1,3.0,394.29,394.29
C009225,2,4.0,394.03,197.02
C018027,2,2.0,393.25,196.63
C008354,3,7.0,393.17,131.06
C009144,1,2.0,392.69,392.69
C019718,1,3.0,392.44,392.44
C018410,1,1.0,392.36,392.36
C011684,2,5.0,392.35,196.18
C013403,3,3.0,391.33,130.44
C018979,2,3.0,390.42,195.21
C015851,1,3.0,390.16,390.16
C019027,2,5.0,388.49,194.25
C003950,4,8.0,388.28,97.07
C019505,1,4.0,387.97,387.97
C005502,1,1.0,387.95,387.95
C000574,2,2.0,387.18,193.59
C009433,2,3.0,386.78,193.39
C019704,1,3.0,386.25,386.25
C007900,3,5.0,385.08,128.36
C015376,2,8.0,384.72,192.36
C015168,3,8.0,384.57,128.19
C009943,1,2.0,384.4,384.4
C014496,2,3.0,383.89,191.95
C015848,4,8.0,383.53,95.88
C008138,1,2.0,382.29,382.29
C019749,1,1.0,382.22,382.22
C018849,2,9.0,382.09,191.05
C014160,1,2.0,381.6,381.6
C009274,2,2.0,381.57,190.79
C005071,1,1.0,379.44,379.44
C017083,2,3.0,378.7,189.35
C017956,2,5.0,378.35,189.18
C018625,2,3.0,376.88,188.44
C017171,1,2.0,375.6,375.6
C006753,2,7.0,373.41,186.71
C017880,2,4.0,373.05,186.53
C002790,3,5.0,372.58,124.19
C019675,1,3.0,372.3,372.3
C001243,2,2.0,372.08,186.04
C007865,1,3.0,371.66,371.66
C012803,2,6.0,370.8,185.4
C000069,2,4.0,368.07,184.04
C009747,2,3.0,367.9,183.95
C012450,2,7.0,366.99,183.5
C007330,2,3.0,366.93,183.47
C002444,1,3.0,366.26,366.26
C009124,2,3.0,364.82,182.41
C001897,1,2.0,364.31,364.31
C012965,3,6.0,364.24,121.41
C017779,2,4.0,363.89,181.95
C010663,2,2.0,363.36,181.68
C009181,1,2.0,363.27,363.27
C006370,1,3.0,363.2,363.2
C018364,3,7.0,363.12,121.04
C011966,1,1.0,363.0,363.0
C018424,1,3.0,361.75,361.75
C008140,1,1.0,361.25,361.25
C015883,2,2.0,359.82,179.91
C011100,2,6.0,359.37,179.69
C014487,2,4.0,357.54,178.77
C015448,1,2.0,357.16,357.16
C009908,3,3.0,356.46,118.82
C006943,2,5.0,356.28,178.14
C014602,1,2.0,356.18,356.18
C015799,1,2.0,355.61,355.61
C009772,2,4.0,355.4,177.7
C019258,2,2.0,355.4,177.7
C009465,1,2.0,355.4,355.4
C011124,3,5.0,355.12,118.37
C000731,1,3.0,354.74,354.74
C009486,1,1.0,353.54,353.54
C015705,1,3.0,353.53,353.53
C009962,3,10.0,353.46,117.82
C006575,1,1.0,352.84,352.84
C019882,2,2.0,351.73,175.87
C011406,2,6.0,351.67,175.84
C013960,4,17.0,351.63,87.91
C015172,1,3.0,351.28,351.28
C019732,1,6.0,350.86,350.86
C015416,1,3.0,350.75,350.75
C012612,1,1.0,350.18,350.18
C015727,1,3.0,349.27,349.27
C017525,2,3.0,348.14,174.07
C010301,1,2.0,347.89,347.89
C018115,1,2.0,346.3,346.3
C019663,1,2.0,345.78,345.78
C008103,1,2.0,344.76,344.76
C011409,1,1.0,343.82,343.82
C017524,2,2.0,342.72,171.36
C015794,2,3.0,341.56,170.78
C006886,2,3.0,341.49,170.75
C008469,2,4.0,340.66,170.33
C004006,1,2.0,339.47,339.47
C006490,2,5.0,338.62,169.31
C003526,1,3.0,338.33,338.33
C006031,3,5.0,337.98,112.66
C005014,2,6.0,336.9,168.45
C010485,3,10.0,335.72,111.91
C011775,2,3.0,333.82,166.91
C004243,2,2.0,333.01,166.51
C003836,2,2.0,332.75,166.38
C004629,2,5.0,332.65,166.33
C011517,1,3.0,332.05,332.05
C001839,3,6.0,330.18,110.06
C018974,2,2.0,329.88,164.94
C011376,3,4.0,329.75,109.92
C013130,2,2.0,328.84,164.42
C016708,1,2.0,328.82,328.82
C009623,2,6.0,327.53,163.76
C016908,1,4.0,326.64,326.64
C008889,2,2.0,326.53,163.26
C017594,1,1.0,326.48,326.48
C000427,2,3.0,326.43,163.22
C016514,1,2.0,326.19,326.19
C004113,1,2.0,325.34,325.34
C015499,3,3.0,324.0,108.0
C013564,2,9.0,322.47,161.24
C018086,1,1.0,321.66,321.66
C012211,3,8.0,320.5,106.83
C009312,1,6.0,320.44,320.44
C019845,2,4.0,320.33,160.17
C002635,3,6.0,320.27,106.76
C016145,2,2.0,320.22,160.11
C019779,1,2.0,317.85,317.85
C013081,3,3.0,317.8,105.93
C015687,1,2.0,317.77,317.77
C005981,2,3.0,317.16,158.58
C013332,1,2.0,316.67,316.67
C012430,2,2.0,316.57,158.29
C006742,1,3.0,316.02,316.02
C011976,1,4.0,314.04,314.04
C001263,1,1.0,312.98,312.98
C013040,2,6.0,312.51,156.26
C001963,2,3.0,312.48,156.24
C003784,2,4.0,312.41,156.21
C007505,3,6.0,312.37,104.12
C010225,1,2.0,312.28,312.28
C007465,1,3.0,311.89,311.89
C003469,1,3.0,311.35,311.35
C013918,1,1.0,310.11,310.11
C012954,2,13.0,308.98,154.49
C007664,1,1.0,308.72,308.72
C005084,2,3.0,308.15,154.07
C012338,2,6.0,307.77,153.89
C016118,3,5.0,307.75,102.58
C004185,1,1.0,307.55,307.55
C014807,1,2.0,304.91,304.91
C014145,2,2.0,304.89,152.45
C007482,1,1.0,304.77,304.77
C006480,2,3.0,304.74,152.37
C008299,3,7.0,304.69,101.56
C013221,1,2.0,303.71,303.71
C018184,1,3.0,303.49,303.49
C013685,1,1.0,302.79,302.79
C000656,2,2.0,301.53,150.76
C017872,4,8.0,300.9,75.22
C011546,2,4.0,300.59,150.29
C011518,2,5.0,300.14,150.07
C006663,2,9.0,299.41,149.71
C009758,2,3.0,298.97,149.49
C005565,3,7.0,297.32,99.11
C003838,1,3.0,296.96,296.96
C014081,2,6.0,296.73,148.37
C007831,1,3.0,296.15,296.15
C003569,2,11.0,294.68,147.34
C018928,1,1.0,293.5,293.5
C004987,1,1.0,293.31,293.31
C009545,1,1.0,292.6,292.6
C009506,1,1.0,292.37,292.37
C002856,2,4.0,292.3,146.15
C016904,1,2.0,290.09,290.09
C010558,1,3.0,289.87,289.87
C014031,1,3.0,289.62,289.62
C017734,1,1.0,288.15,288.15
C016264,2,4.0,287.84,143.92
C002674,2,2.0,287.62,143.81
C003278,1,1.0,286.45,286.45
C011857,1,2.0,285.38,285.38
C005753,1,2.0,283.31,283.31
C011578,1,1.0,283.09,283.09
C012665,3,7.0,282.13,94.04
C019627,3,9.0,281.07,93.69
C005654,2,4.0,279.73,139.87
C019852,1,1.0,279.46,279.46
C010450,2,2.0,279.39,139.7
C007512,3,3.0,278.14,92.71
C017851,1,1.0,277.65,277.65
C002339,3,8.0,276.13,92.04
C005893,2,3.0,275.81,137.91
C019594,1,1.0,274.95,274.95
C018288,1,2.0,274.4,274.4
C004709,1,1.0,273.83,273.83
C002047,2,2.0,273.0,136.5
C001259,2,5.0,272.87,136.44
C015308,1,3.0,271.68,271.68
C012402,3,7.0,271.52,90.51
C017878,1,1.0,271.51,271.51
C016886,1,1.0,270.29,270.29
C003890,2,2.0,268.9,134.45
C010972,1,3.0,267.98,267.98
C014998,3,6.0,267.7,89.23
C017422,1,2.0,267.43,267.43
C018055,3,9.0,267.35,89.12
C013157,2,4.0,267.24,133.62
C014823,1,1.0,267.16,267.16
C011795,1,1.0,266.86,266.86
C008919,2,5.0,266.11,133.06
C004162,1,2.0,265.25,265.25
C018439,2,4.0,263.31,131.66
C006936,1,1.0,262.18,262.18
C015619,1,2.0,260.47,260.47
C002041,1,2.0,260.15,260.15
C009630,2,5.0,260.0,130.0
C008521,2,3.0,259.86,129.93
C000564,1,1.0,259.73,259.73
C016649,1,1.0,258.45,258.45
C008325,3,5.0,257.91,85.97
C008534,3,5.0,257.79,85.93
C003067,2,5.0,256.24,128.12
C013452,1,2.0,254.4,254.4
C012192,2,4.0,254.21,127.11
C011480,1,1.0,252.94,252.94
C019797,3,9.0,252.65,84.22
C011109,1,3.0,252.41,252.41
C001482,1,1.0,251.39,251.39
C008746,2,2.0,251.17,125.59
C000737,1,4.0,251.1,251.1
C009409,1,3.0,250.81,250.81
C012393,1,2.0,250.23,250.23
C018626,2,3.0,249.46,124.73
C017544,1,4.0,249.29,249.29
C013228,2,4.0,248.85,124.43
C015004,1,3.0,248.84,248.84
C012490,3,10.0,246.38,82.13
C009342,2,6.0,245.81,122.91
C005871,1,1.0,245.7,245.7
C016473,2,2.0,245.66,122.83
C015854,1,1.0,245.28,245.28
C011187,3,7.0,244.53,81.51
C019761,1,3.0,243.66,243.66
C009152,1,2.0,243.35,243.35
C015351,3,5.0,242.77,80.92
C002806,3,6.0,242.42,80.81
C009571,3,4.0,242.19,80.73
C019203,1,2.0,240.61,240.61
C009507,1,2.0,239.71,239.71
C009681,1,1.0,238.1,238.1
C006488,1,1.0,238.0,238.0
C006669,1,3.0,237.87,237.87
C009082,1,1.0,237.04,237.04
C012894,1,2.0,235.66,235.66
C017812,2,9.0,235.59,117.8
C006796,2,4.0,235.41,117.71
C004417,2,2.0,235.4,117.7
C003806,2,3.0,235.32,117.66
C012203,1,1.0,235.28,235.28
C007292,2,9.0,234.4,117.2
C011091,1,1.0,233.94,233.94
C005374,3,5.0,232.37,77.46
C014476,2,2.0,230.81,115.41
C010274,2,7.0,229.91,114.96
C016304,1,2.0,229.13,229.13
C006307,2,5.0,229.08,114.54
C005176,1,3.0,228.58,228.58
C007134,1,1.0,228.28,228.28
C016418,2,6.0,228.11,114.06
C011257,2,2.0,228.09,114.05
C004857,1,1.0,226.95,226.95
C013280,1,2.0,226.85,226.85
C009303,2,2.0,226.68,113.34
C006709,2,3.0,226.65,113.33
C004652,2,2.0,226.19,113.1
C006921,1,2.0,225.2,225.2
C017591,3,5.0,224.46,74.82
C013932,2,2.0,223.52,111.76
C018056,3,5.0,223.34,74.45
C010973,1,1.0,222.24,222.24
C002422,2,5.0,221.56,110.78
C011509,2,5.0,221.1,110.55
C013987,1,3.0,220.13,220.13
C007019,3,4.0,219.44,73.15
C001673,1,2.0,217.17,217.17
C007539,1,1.0,216.52,216.52
C014461,2,8.0,216.21,108.11
C014263,1,1.0,216.1,216.1
C016294,1,4.0,214.44,214.44
C011752,2,2.0,214.12,107.06
C007592,1,5.0,213.06,213.06
C010823,3,6.0,211.0,70.33
C009815,2,2.0,208.83,104.42
C017806,1,1.0,208.02,208.02
C007795,2,5.0,205.66,102.83
C012601,1,2.0,205.07,205.07
C013295,1,1.0,204.44,204.44
C018128,1,2.0,203.72,203.72
C003530,2,2.0,201.6,100.8
C009762,1,2.0,201.28,201.28
C009728,2,3.0,200.45,100.23
C019313,2,2.0,200.43,100.22
C014172,2,5.0,200.04,100.02
C002743,1,3.0,198.53,198.53
C015614,1,3.0,198.13,198.13
C019107,2,5.0,197.6,98.8
C003253,2,6.0,197.38,98.69
C004314,2,2.0,196.03,98.02
C016774,2,4.0,195.74,97.87
C018405,2,3.0,195.6,97.8
C014289,1,2.0,192.46,192.46
C012544,3,4.0,192.3,64.1
C005111,1,2.0,192.01,192.01
C007709,2,2.0,191.83,95.92
C012602,1,3.0,191.66,191.66
C001283,2,2.0,190.78,95.39
C013788,1,1.0,190.64,190.64
C008503,1,3.0,190.5,190.5
C000895,1,2.0,190.21,190.21
C014985,1,2.0,189.77,189.77
C018793,1,1.0,189.31,189.31
C002057,1,2.0,189.3,189.3
C010016,2,3.0,189.27,94.64
C019655,1,2.0,187.28,187.28
C019112,1,1.0,186.54,186.54
C018904,2,8.0,185.87,92.94
C001447,2,4.0,185.09,92.55
C012909,1,1.0,184.89,184.89
C009577,1,2.0,184.23,184.23
C016371,1,1.0,184.16,184.16
C013961,2,4.0,183.64,91.82
C006568,1,2.0,182.74,182.74
C017180,2,4.0,182.09,91.05
C010548,1,1.0,181.11,181.11
C005773,2,3.0,180.81,90.41
C018176,2,2.0,180.64,90.32
C013238,3,8.0,180.62,60.21
C008652,1,1.0,178.52,178.52
C002537,1,2.0,174.96,174.96
C019907,1,2.0,173.23,173.23
C017343,1,1.0,172.89,172.89
C019547,1,2.0,172.55,172.55
C016763,1,2.0,172.31,172.31
C013583,3,3.0,171.73,57.24
C014246,1,3.0,171.71,171.71
C019465,1,1.0,171.18,171.18
C012887,2,5.0,170.59,85.3
C000341,2,9.0,168.98,84.49
C016303,2,3.0,167.29,83.65
C015597,2,3.0,165.89,82.95
C012214,1,2.0,165.07,165.07
C009886,2,2.0,164.62,82.31
C012697,1,2.0,163.29,163.29
C019525,1,1.0,162.68,162.68
C015765,1,2.0,162.62,162.62
C014077,2,3.0,161.36,80.68
C016966,1,1.0,158.94,158.94
C008233,1,1.0,158.91,158.91
C010841,1,1.0,158.67,158.67
C018624,3,4.0,158.66,52.89
C005939,1,2.0,157.38,157.38
C006526,2,9.0,157.36,78.68
C010875,1,1.0,156.88,156.88
C015526,2,4.0,156.75,78.38
C009976,2,2.0,155.93,77.97
C019986,1,1.0,155.27,155.27
C005287,1,2.0,155.08,155.08
C016620,3,7.0,154.87,51.62
C002897,1,3.0,154.67,154.67
C014173,1,1.0,153.72,153.72
C013676,1,1.0,152.51,152.51
C008498,1,1.0,152.32,152.32
C002981,2,2.0,151.48,75.74
C019766,1,1.0,151.09,151.09
C008396,2,5.0,150.81,75.41
C002585,1,2.0,150.53,150.53
C013798,2,10.0,150.17,75.08
C008411,1,1.0,148.73,148.73
C015961,1,1.0,148.33,148.33
C019619,1,1.0,146.06,146.06
C002698,1,1.0,145.67,145.67
C015534,1,1.0,143.75,143.75
C014091,2,5.0,143.61,71.81
C006945,1,1.0,143.48,143.48
C015219,1,1.0,143.08,143.08
C011067,1,2.0,142.44,142.44
C017110,2,4.0,141.03,70.52
C019028,1,3.0,139.69,139.69
C019497,2,4.0,138.56,69.28
C016137,1,1.0,137.87,137.87
C002501,1,1.0,136.58,136.58
C018521,1,1.0,136.31,136.31
C018687,2,2.0,135.72,67.86
C013744,1,5.0,134.67,134.67
C007944,1,1.0,131.33,131.33
C015354,1,1.0,131.08,131.08
C007916,1,3.0,130.87,130.87
C013229,2,3.0,129.16,64.58
C010106,4,16.0,128.81,32.2
C002015,1,2.0,128.67,128.67
C014259,2,2.0,128.43,64.22
C008095,3,7.0,128.28,42.76
C008818,2,3.0,127.02,63.51
C011120,3,6.0,125.77,41.92
C008966,3,9.0,124.99,41.66
C008222,1,1.0,122.62,122.62
C014630,1,1.0,121.51,121.51
C006273,2,3.0,121.25,60.63
C003140,1,2.0,120.98,120.98
C005780,1,2.0,120.85,120.85
C008940,1,1.0,120.72,120.72
C018905,2,10.0,120.51,60.26
C014065,1,1.0,120.29,120.29
C008537,1,5.0,119.93,119.93
C014448,1,1.0,117.85,117.85
C004436,1,3.0,117.42,117.42
C011034,1,1.0,116.34,116.34
C011676,2,2.0,114.47,57.24
C014418,2,2.0,110.79,55.4
C015081,1,3.0,110.37,110.37
C018209,1,1.0,108.55,108.55
C010871,2,2.0,108.43,54.22
C006634,2,2.0,107.94,53.97
C016590,1,1.0,106.96,106.96
C009288,1,2.0,105.39,105.39
C017564,1,5.0,103.75,103.75
C015913,1,1.0,102.88,102.88
C019990,1,5.0,102.59,102.59
C010942,1,2.0,101.81,101.81
C001961,3,10.0,101.46,33.82
C004053,1,3.0,101.07,101.07
C009816,1,1.0,100.42,100.42
C019905,1,1.0,99.73,99.73
C006751,1,1.0,98.69,98.69
C018151,2,2.0,97.71,48.86
C004169,3,10.0,95.6,31.87
C010437,1,1.0,95.49,95.49
C019822,1,1.0,94.02,94.02
C004972,1,1.0,92.03,92.03
C013690,1,3.0,91.34,91.34
C001596,1,2.0,90.44,90.44
C016209,1,1.0,90.23,90.23
C013030,1,1.0,87.9,87.9
C015505,1,1.0,85.33,85.33
C014264,1,2.0,84.76,84.76
C009377,1,1.0,83.74,83.74
C012995,2,3.0,83.72,41.86
C016112,1,2.0,83.47,83.47
C014009,1,1.0,81.85,81.85
C014890,1,1.0,81.58,81.58
C016108,1,1.0,81.14,81.14
C013789,1,1.0,80.94,80.94
C004194,1,2.0,80.4,80.4
C001698,1,2.0,79.61,79.61
C008973,1,2.0,79.59,79.59
C005447,1,1.0,78.32,78.32
C011977,1,1.0,78.24,78.24
C014000,1,1.0,78.17,78.17
C016565,1,1.0,76.92,76.92
C004187,2,13.0,76.89,38.45
C014171,1,1.0,74.23,74.23
C014779,1,1.0,73.69,73.69
C018682,2,2.0,72.68,36.34
C011194,2,2.0,68.34,34.17
C011398,1,1.0,67.61,67.61
C008601,2,9.0,66.96,33.48
C002248,1,1.0,66.9,66.9
C018255,1,3.0,66.66,66.66
C004028,1,1.0,65.28,65.28
C004477,1,2.0,65.13,65.13
C016038,1,3.0,64.49,64.49
C000944,1,2.0,63.3,63.3
C014979,1,1.0,63.1,63.1
C012244,1,1.0,61.81,61.81
C008506,1,3.0,60.7,60.7
C017784,1,1.0,59.36,59.36
C018925,1,1.0,59.14,59.14
C016815,1,2.0,58.83,58.83
C015224,1,1.0,53.71,53.71
C011572,1,1.0,52.4,52.4
C013878,1,1.0,50.09,50.09
C015164,1,2.0,48.5,48.5
C019174,2,5.0,46.83,23.42
C011674,1,1.0,43.66,43.66
C019831,1,1.0,41.33,41.33
C008866,2,6.0,41.0,20.5
C007686,1,1.0,40.46,40.46
C013049,2,5.0,37.62,18.81
C004863,1,1.0,36.69,36.69
C014102,1,1.0,36.68,36.68
C018168,1,1.0,36.5,36.5
C014100,1,1.0,36.42,36.42
C015472,1,1.0,35.56,35.56
C008900,1,1.0,35.23,35.23
C004824,1,1.0,33.55,33.55
C013212,1,1.0,33.52,33.52
C015337,1,1.0,32.72,32.72
C010673,1,2.0,31.62,31.62
C012960,1,1.0,31.18,31.18
C010885,1,1.0,28.8,28.8
C019722,1,2.0,25.6,25.6
C009075,1,1.0,25.15,25.15
C017704,1,1.0,24.82,24.82
C019985,3,4.0,22.19,7.4
C019293,2,3.0,22.11,11.06
C003689,2,5.0,21.37,10.69
C017071,1,1.0,20.14,20.14
C011603,2,4.0,19.93,9.97
C011493,3,17.0,16.34,5.45
C003629,2,3.0,13.21,6.61
C014536,2,5.0,9.66,4.83
C019654,1,6.0,0.0,0.0
C008177,1,3.0,0.0,0.0
C018071,1,2.0,0.0,0.0
C019756,1,6.0,0.0,0.0
C007636,1,6.0,0.0,0.0
C017988,1,2.0,0.0,0.0
C012438,1,5.0,0.0,0.0
C015956,1,6.0,0.0,0.0
C011987,1,1.0,0.0,0.0
C002607,2,6.0,0.0,0.0
C014618,1,3.0,0.0,0.0
C016698,1,1.0,0.0,0.0
C013392,1,6.0,0.0,0.0
C004147,1,1.0,0.0,0.0
C010155,1,2.0,0.0,0.0
C002272,1,6.0,0.0,0.0
C004410,1,1.0,0.0,0.0
C018172,2,3.0,0.0,0.0
C009844,1,3.0,0.0,0.0
C014105,2,3.0,0.0,0.0
C007968,1,2.0,0.0,0.0
C013721,1,4.0,0.0,0.0
C006843,1,1.0,0.0,0.0
C018079,1,6.0,0.0,0.0
C008769,1,2.0,0.0,0.0
C011972,1,6.0,0.0,0.0
C017173,1,4.0,0.0,0.0
C018987,1,2.0,0.0,0.0
C017024,1,2.0,0.0,0.0
C015549,1,2.0,0.0,0.0
C008951,1,5.0,0.0,0.0
C013321,1,1.0,0.0,0.0
C019918,1,5.0,0.0,0.0
C013393,1,3.0,0.0,0.0
C011081,1,4.0,0.0,0.0
C009345,1,2.0,0.0,0.0
C009168,2,6.0,0.0,0.0
C011542,1,3.0,0.0,0.0
C019980,1,1.0,0.0,0.0
C008625,2,5.0,0.0,0.0
